[Connect DataFile][1.1]
Date:	11.03.2026
Time:	11:54:29,321
Unit:	°C
Resolution:	0,037037
Values:	1
Time	Area 1	
00:00:00,037	510,9	
00:00:00,074	510,9	
00:00:00,111	510,9	
00:00:00,148	510,9	
00:00:00,185	510,9	
00:00:00,222	510,9	
00:00:00,259	510,9	
00:00:00,296	510,9	
00:00:00,333	510,9	
00:00:00,370	510,9	
00:00:00,407	510,9	
00:00:00,444	510,9	
00:00:00,481	510,9	
00:00:00,518	510,9	
00:00:00,555	510,9	
00:00:00,592	510,9	
00:00:00,629	510,9	
00:00:00,666	510,9	
00:00:00,703	510,9	
00:00:00,740	510,9	
00:00:00,777	510,9	
00:00:00,814	510,9	
00:00:00,851	510,9	
00:00:00,888	510,9	
00:00:00,925	510,9	
00:00:00,962	510,9	
00:00:00,999	510,9	
00:00:01,037	510,9	
00:00:01,074	510,9	
00:00:01,111	510,9	
00:00:01,148	510,9	
00:00:01,185	510,9	
00:00:01,222	510,9	
00:00:01,259	510,9	
00:00:01,296	510,9	
00:00:01,333	510,9	
00:00:01,370	510,9	
00:00:01,407	510,9	
00:00:01,444	510,9	
00:00:01,481	510,9	
00:00:01,518	510,9	
00:00:01,555	510,9	
00:00:01,592	510,9	
00:00:01,629	510,9	
00:00:01,666	510,9	
00:00:01,703	510,9	
00:00:01,740	510,9	
00:00:01,777	510,9	
00:00:01,814	511,0	
00:00:01,851	511,0	
00:00:01,888	511,0	
00:00:01,925	511,0	
00:00:01,962	511,0	
00:00:01,999	511,0	
00:00:02,037	511,0	
00:00:02,074	511,0	
00:00:02,111	511,0	
00:00:02,148	511,0	
00:00:02,185	511,1	
00:00:02,222	511,1	
00:00:02,259	511,1	
00:00:02,296	511,1	
00:00:02,333	511,1	
00:00:02,370	511,1	
00:00:02,407	511,1	
00:00:02,444	511,1	
00:00:02,481	511,1	
00:00:02,518	511,2	
00:00:02,555	511,2	
00:00:02,592	511,2	
00:00:02,629	511,2	
00:00:02,666	511,2	
00:00:02,703	511,2	
00:00:02,740	511,2	
00:00:02,777	511,2	
00:00:02,814	511,2	
00:00:02,851	511,2	
00:00:02,888	511,3	
00:00:02,925	511,3	
00:00:02,962	511,3	
00:00:02,999	511,3	
00:00:03,037	511,3	
00:00:03,074	511,3	
00:00:03,111	511,3	
00:00:03,148	511,3	
00:00:03,185	511,3	
00:00:03,222	511,4	
00:00:03,259	511,4	
00:00:03,296	511,4	
00:00:03,333	511,4	
00:00:03,370	511,4	
00:00:03,407	511,4	
00:00:03,444	511,4	
00:00:03,481	511,4	
00:00:03,518	511,4	
00:00:03,555	511,4	
00:00:03,592	511,5	
00:00:03,629	511,5	
00:00:03,666	511,5	
00:00:03,703	511,5	
00:00:03,740	511,5	
00:00:03,777	511,5	
00:00:03,814	511,5	
00:00:03,851	511,5	
00:00:03,888	511,5	
00:00:03,925	511,6	
00:00:03,962	511,6	
00:00:03,999	511,6	
00:00:04,037	511,6	
00:00:04,074	511,6	
00:00:04,111	511,6	
00:00:04,148	511,6	
00:00:04,185	511,6	
00:00:04,222	511,6	
00:00:04,259	511,7	
00:00:04,296	511,7	
00:00:04,333	511,7	
00:00:04,370	511,7	
00:00:04,407	511,7	
00:00:04,444	511,7	
00:00:04,481	511,7	
00:00:04,518	511,7	
00:00:04,555	511,7	
00:00:04,592	511,7	
00:00:04,629	511,8	
00:00:04,666	511,8	
00:00:04,703	511,8	
00:00:04,740	511,8	
00:00:04,777	511,8	
00:00:04,814	511,8	
00:00:04,851	511,8	
00:00:04,888	511,8	
00:00:04,925	511,8	
00:00:04,962	511,9	
00:00:04,999	511,9	
00:00:05,037	511,9	
00:00:05,074	511,9	
00:00:05,111	511,9	
00:00:05,148	511,9	
00:00:05,185	511,9	
00:00:05,222	511,9	
00:00:05,259	511,9	
00:00:05,296	511,9	
00:00:05,333	512,0	
00:00:05,370	512,0	
00:00:05,407	512,0	
00:00:05,444	512,0	
00:00:05,481	512,0	
00:00:05,518	512,0	
00:00:05,555	512,0	
00:00:05,592	512,0	
00:00:05,629	512,0	
00:00:05,666	512,1	
00:00:05,703	512,1	
00:00:05,740	512,1	
00:00:05,777	512,1	
00:00:05,814	512,1	
00:00:05,851	512,1	
00:00:05,888	512,1	
00:00:05,925	512,1	
00:00:05,962	512,1	
00:00:05,999	512,1	
00:00:06,037	512,2	
00:00:06,074	512,2	
00:00:06,111	512,2	
00:00:06,148	512,2	
00:00:06,185	512,2	
00:00:06,222	512,2	
00:00:06,259	512,2	
00:00:06,296	512,2	
00:00:06,333	512,2	
00:00:06,370	512,2	
00:00:06,407	512,2	
00:00:06,444	512,2	
00:00:06,481	512,2	
00:00:06,518	512,2	
00:00:06,555	512,2	
00:00:06,592	512,2	
00:00:06,629	512,3	
00:00:06,666	512,3	
00:00:06,703	512,3	
00:00:06,740	512,3	
00:00:06,777	512,3	
00:00:06,814	512,3	
00:00:06,851	512,3	
00:00:06,888	512,3	
00:00:06,925	512,3	
00:00:06,962	512,3	
00:00:06,999	512,3	
00:00:07,037	512,3	
00:00:07,074	512,3	
00:00:07,111	512,3	
00:00:07,148	512,3	
00:00:07,185	512,3	
00:00:07,222	512,3	
00:00:07,259	512,3	
00:00:07,296	512,3	
00:00:07,333	512,3	
00:00:07,370	512,3	
00:00:07,407	512,3	
00:00:07,444	512,4	
00:00:07,481	512,4	
00:00:07,518	512,4	
00:00:07,555	512,4	
00:00:07,592	512,4	
00:00:07,629	512,4	
00:00:07,666	512,4	
00:00:07,703	512,4	
00:00:07,740	512,4	
00:00:07,777	512,4	
00:00:07,814	512,4	
00:00:07,851	512,4	
00:00:07,888	512,4	
00:00:07,925	512,4	
00:00:07,962	512,4	
00:00:07,999	512,4	
00:00:08,037	512,4	
00:00:08,074	512,4	
00:00:08,111	512,4	
00:00:08,148	512,4	
00:00:08,185	512,4	
00:00:08,222	512,4	
00:00:08,259	512,4	
00:00:08,296	512,5	
00:00:08,333	512,5	
00:00:08,370	512,5	
00:00:08,407	512,5	
00:00:08,444	512,5	
00:00:08,481	512,5	
00:00:08,518	512,5	
00:00:08,555	512,5	
00:00:08,592	512,5	
00:00:08,629	512,5	
00:00:08,666	512,5	
00:00:08,703	512,5	
00:00:08,740	512,5	
00:00:08,777	512,5	
00:00:08,814	512,5	
00:00:08,851	512,5	
00:00:08,888	512,5	
00:00:08,925	512,5	
00:00:08,962	512,5	
00:00:08,999	512,5	
00:00:09,037	512,5	
00:00:09,074	512,5	
00:00:09,111	512,6	
00:00:09,148	512,6	
00:00:09,185	512,6	
00:00:09,222	512,6	
00:00:09,259	512,6	
00:00:09,296	512,6	
00:00:09,333	512,6	
00:00:09,370	512,6	
00:00:09,407	512,6	
00:00:09,444	512,6	
00:00:09,481	512,6	
00:00:09,518	512,6	
00:00:09,555	512,6	
00:00:09,592	512,6	
00:00:09,629	512,6	
00:00:09,666	512,6	
00:00:09,703	512,6	
00:00:09,740	512,6	
00:00:09,777	512,6	
00:00:09,814	512,6	
00:00:09,851	512,6	
00:00:09,888	512,7	
00:00:09,925	512,7	
00:00:09,962	512,7	
00:00:09,999	512,7	
00:00:10,037	512,7	
00:00:10,074	512,7	
00:00:10,111	512,7	
00:00:10,148	512,7	
00:00:10,185	512,7	
00:00:10,222	512,7	
00:00:10,259	512,7	
00:00:10,296	512,7	
00:00:10,333	512,7	
00:00:10,370	512,7	
00:00:10,407	512,7	
00:00:10,444	512,7	
00:00:10,481	512,7	
00:00:10,518	512,7	
00:00:10,555	512,7	
00:00:10,592	512,7	
00:00:10,629	512,7	
00:00:10,666	512,7	
00:00:10,703	512,8	
00:00:10,740	512,8	
00:00:10,777	512,8	
00:00:10,814	512,8	
00:00:10,851	512,8	
00:00:10,888	512,8	
00:00:10,925	512,8	
00:00:10,962	512,8	
00:00:10,999	512,8	
00:00:11,037	512,8	
00:00:11,074	512,8	
00:00:11,111	512,8	
00:00:11,148	512,8	
00:00:11,185	512,8	
00:00:11,222	512,8	
00:00:11,259	512,8	
00:00:11,296	512,8	
00:00:11,333	512,8	
00:00:11,370	512,9	
00:00:11,407	512,9	
00:00:11,444	512,9	
00:00:11,481	512,9	
00:00:11,518	512,9	
00:00:11,555	512,9	
00:00:11,592	512,9	
00:00:11,629	512,9	
00:00:11,666	512,9	
00:00:11,703	512,9	
00:00:11,740	512,9	
00:00:11,777	512,9	
00:00:11,814	513,0	
00:00:11,851	513,0	
00:00:11,888	513,0	
00:00:11,925	513,0	
00:00:11,962	513,0	
00:00:11,999	513,0	
00:00:12,037	513,0	
00:00:12,074	513,0	
00:00:12,111	513,0	
00:00:12,148	513,0	
00:00:12,185	513,0	
00:00:12,222	513,0	
00:00:12,259	513,0	
00:00:12,296	513,1	
00:00:12,333	513,1	
00:00:12,370	513,1	
00:00:12,407	513,1	
00:00:12,444	513,1	
00:00:12,481	513,1	
00:00:12,518	513,1	
00:00:12,555	513,1	
00:00:12,592	513,1	
00:00:12,629	513,1	
00:00:12,666	513,1	
00:00:12,703	513,1	
00:00:12,740	513,2	
00:00:12,777	513,2	
00:00:12,814	513,2	
00:00:12,851	513,2	
00:00:12,888	513,2	
00:00:12,925	513,2	
00:00:12,962	513,2	
00:00:12,999	513,2	
00:00:13,037	513,2	
00:00:13,074	513,2	
00:00:13,111	513,2	
00:00:13,148	513,2	
00:00:13,185	513,2	
00:00:13,222	513,3	
00:00:13,259	513,3	
00:00:13,296	513,3	
00:00:13,333	513,3	
00:00:13,370	513,3	
00:00:13,407	513,3	
00:00:13,444	513,3	
00:00:13,481	513,3	
00:00:13,518	513,3	
00:00:13,555	513,3	
00:00:13,592	513,3	
00:00:13,629	513,3	
00:00:13,666	513,4	
00:00:13,703	513,4	
00:00:13,740	513,4	
00:00:13,777	513,4	
00:00:13,814	513,4	
00:00:13,851	513,4	
00:00:13,888	513,4	
00:00:13,925	513,4	
00:00:13,962	513,4	
00:00:13,999	513,4	
00:00:14,037	513,4	
00:00:14,074	513,4	
00:00:14,111	513,4	
00:00:14,148	513,5	
00:00:14,185	513,5	
00:00:14,222	513,5	
00:00:14,259	513,5	
00:00:14,296	513,5	
00:00:14,333	513,5	
00:00:14,370	513,5	
00:00:14,407	513,5	
00:00:14,444	513,5	
00:00:14,481	513,5	
00:00:14,518	513,5	
00:00:14,555	513,5	
00:00:14,592	513,6	
00:00:14,629	513,6	
00:00:14,666	513,6	
00:00:14,703	513,6	
00:00:14,740	513,6	
00:00:14,777	513,6	
00:00:14,814	513,6	
00:00:14,851	513,6	
00:00:14,888	513,6	
00:00:14,925	513,6	
00:00:14,962	513,6	
00:00:14,999	513,6	
00:00:15,037	513,6	
00:00:15,074	513,7	
00:00:15,111	513,7	
00:00:15,148	513,7	
00:00:15,185	513,7	
00:00:15,222	513,7	
00:00:15,259	513,7	
00:00:15,296	513,7	
00:00:15,333	513,7	
00:00:15,370	513,7	
00:00:15,407	513,7	
00:00:15,444	513,7	
00:00:15,481	513,7	
00:00:15,518	513,8	
00:00:15,555	513,8	
00:00:15,592	513,8	
00:00:15,629	513,8	
00:00:15,666	513,8	
00:00:15,703	513,8	
00:00:15,740	513,8	
00:00:15,777	513,8	
00:00:15,814	513,8	
00:00:15,851	513,8	
00:00:15,888	513,8	
00:00:15,925	513,8	
00:00:15,962	513,8	
00:00:15,999	513,9	
00:00:16,037	513,9	
00:00:16,074	513,9	
00:00:16,111	513,9	
00:00:16,148	513,9	
00:00:16,185	513,9	
00:00:16,222	513,9	
00:00:16,259	513,9	
00:00:16,296	513,9	
00:00:16,333	513,9	
00:00:16,370	513,9	
00:00:16,407	513,9	
00:00:16,444	514,0	
00:00:16,481	514,0	
00:00:16,518	514,0	
00:00:16,555	514,0	
00:00:16,592	514,0	
00:00:16,629	514,0	
00:00:16,666	514,0	
00:00:16,703	514,0	
00:00:16,740	514,0	
00:00:16,777	514,0	
00:00:16,814	514,0	
00:00:16,851	514,0	
00:00:16,888	514,0	
00:00:16,925	514,1	
00:00:16,962	514,1	
00:00:16,999	514,1	
00:00:17,037	514,1	
00:00:17,074	514,1	
00:00:17,111	514,1	
00:00:17,148	514,1	
00:00:17,185	514,1	
00:00:17,222	514,1	
00:00:17,259	514,1	
00:00:17,296	514,1	
00:00:17,333	514,1	
00:00:17,370	514,2	
00:00:17,407	514,2	
00:00:17,444	514,2	
00:00:17,481	514,2	
00:00:17,518	514,2	
00:00:17,555	514,2	
00:00:17,592	514,2	
00:00:17,629	514,2	
00:00:17,666	514,2	
00:00:17,703	514,2	
00:00:17,740	514,2	
00:00:17,777	514,2	
00:00:17,814	514,2	
00:00:17,851	514,2	
00:00:17,888	514,3	
00:00:17,925	514,3	
00:00:17,962	514,3	
00:00:17,999	514,3	
00:00:18,037	514,3	
00:00:18,074	514,3	
00:00:18,111	514,3	
00:00:18,148	514,3	
00:00:18,185	514,3	
00:00:18,222	514,3	
00:00:18,259	514,3	
00:00:18,296	514,4	
00:00:18,333	514,4	
00:00:18,370	514,4	
00:00:18,407	514,4	
00:00:18,444	514,4	
00:00:18,481	514,4	
00:00:18,518	514,4	
00:00:18,555	514,4	
00:00:18,592	514,4	
00:00:18,629	514,4	
00:00:18,666	514,3	
00:00:18,703	514,3	
00:00:18,740	514,3	
00:00:18,777	514,3	
00:00:18,814	514,3	
00:00:18,851	514,2	
00:00:18,888	514,2	
00:00:18,925	514,2	
00:00:18,962	514,2	
00:00:18,999	514,2	
00:00:19,037	514,1	
00:00:19,074	514,1	
00:00:19,111	514,1	
00:00:19,148	514,1	
00:00:19,185	514,1	
00:00:19,222	514,1	
00:00:19,259	514,0	
00:00:19,296	514,0	
00:00:19,333	514,0	
00:00:19,370	514,0	
00:00:19,407	514,0	
00:00:19,444	513,9	
00:00:19,481	513,9	
00:00:19,518	513,9	
00:00:19,555	513,9	
00:00:19,592	513,9	
00:00:19,629	513,8	
00:00:19,666	513,8	
00:00:19,703	513,8	
00:00:19,740	513,8	
00:00:19,777	513,8	
00:00:19,814	513,8	
00:00:19,851	513,7	
00:00:19,888	513,7	
00:00:19,925	513,7	
00:00:19,962	513,7	
00:00:19,999	513,7	
00:00:20,037	513,6	
00:00:20,074	513,6	
00:00:20,111	513,6	
00:00:20,148	513,6	
00:00:20,185	513,6	
00:00:20,222	513,6	
00:00:20,259	513,5	
00:00:20,296	513,5	
00:00:20,333	513,5	
00:00:20,370	513,5	
00:00:20,407	513,5	
00:00:20,444	513,4	
00:00:20,481	513,4	
00:00:20,518	513,4	
00:00:20,555	513,4	
00:00:20,592	513,4	
00:00:20,629	513,4	
00:00:20,666	513,3	
00:00:20,703	513,3	
00:00:20,740	513,3	
00:00:20,777	513,3	
00:00:20,814	513,3	
00:00:20,851	513,2	
00:00:20,888	513,2	
00:00:20,925	513,2	
00:00:20,962	513,2	
00:00:20,999	513,2	
00:00:21,037	513,2	
00:00:21,074	513,1	
00:00:21,111	513,1	
00:00:21,148	513,1	
00:00:21,185	513,1	
00:00:21,222	513,1	
00:00:21,259	513,0	
00:00:21,296	513,0	
00:00:21,333	513,0	
00:00:21,370	513,0	
00:00:21,407	513,0	
00:00:21,444	513,0	
00:00:21,481	512,9	
00:00:21,518	512,9	
00:00:21,555	512,9	
00:00:21,592	512,9	
00:00:21,629	512,9	
00:00:21,666	512,8	
00:00:21,703	512,8	
00:00:21,740	512,8	
00:00:21,777	512,8	
00:00:21,814	512,8	
00:00:21,851	512,7	
00:00:21,888	512,7	
00:00:21,925	512,7	
00:00:21,962	512,7	
00:00:21,999	512,7	
00:00:22,037	512,7	
00:00:22,074	512,6	
00:00:22,111	512,6	
00:00:22,148	512,6	
00:00:22,185	512,6	
00:00:22,222	512,6	
00:00:22,259	512,5	
00:00:22,296	512,5	
00:00:22,333	512,5	
00:00:22,370	512,5	
00:00:22,407	512,5	
00:00:22,444	512,5	
00:00:22,481	512,4	
00:00:22,518	512,4	
00:00:22,555	512,4	
00:00:22,592	512,4	
00:00:22,629	512,4	
00:00:22,666	512,3	
00:00:22,703	512,3	
00:00:22,740	512,3	
00:00:22,777	512,3	
00:00:22,814	512,3	
00:00:22,851	512,3	
00:00:22,888	512,2	
00:00:22,925	512,2	
00:00:22,962	512,2	
00:00:22,999	512,2	
00:00:23,037	512,2	
00:00:23,074	512,1	
00:00:23,111	512,1	
00:00:23,148	512,1	
00:00:23,185	512,1	
00:00:23,222	512,1	
00:00:23,259	512,1	
00:00:23,296	512,0	
00:00:23,333	512,0	
00:00:23,370	512,0	
00:00:23,407	512,0	
00:00:23,444	512,0	
00:00:23,481	511,9	
00:00:23,518	511,9	
00:00:23,555	511,9	
00:00:23,592	511,9	
00:00:23,629	511,9	
00:00:23,666	511,8	
00:00:23,703	511,8	
00:00:23,740	511,8	
00:00:23,777	511,8	
00:00:23,814	511,8	
00:00:23,851	511,8	
00:00:23,888	511,7	
00:00:23,925	511,7	
00:00:23,962	511,7	
00:00:23,999	511,7	
00:00:24,037	511,7	
00:00:24,074	511,6	
00:00:24,111	511,6	
00:00:24,148	511,6	
00:00:24,185	511,6	
00:00:24,222	511,6	
00:00:24,259	511,6	
00:00:24,296	511,5	
00:00:24,333	511,5	
00:00:24,370	511,5	
00:00:24,407	511,5	
00:00:24,444	511,5	
00:00:24,481	511,4	
00:00:24,518	511,4	
00:00:24,555	511,4	
00:00:24,592	511,4	
00:00:24,629	511,4	
00:00:24,666	511,4	
00:00:24,703	511,3	
00:00:24,740	511,3	
00:00:24,777	511,3	
00:00:24,814	511,3	
00:00:24,851	511,3	
00:00:24,888	511,2	
00:00:24,925	511,2	
00:00:24,962	511,2	
00:00:24,999	511,2	
00:00:25,037	511,2	
00:00:25,074	511,2	
00:00:25,111	511,1	
00:00:25,148	511,1	
00:00:25,185	511,1	
00:00:25,222	511,1	
00:00:25,259	511,1	
00:00:25,296	511,0	
00:00:25,333	511,0	
00:00:25,370	511,0	
00:00:25,407	511,0	
00:00:25,444	511,0	
00:00:25,481	510,9	
00:00:25,518	510,9	
00:00:25,555	510,9	
00:00:25,592	510,9	
00:00:25,629	510,9	
00:00:25,666	510,9	
00:00:25,703	510,8	
00:00:25,740	510,8	
00:00:25,777	510,8	
00:00:25,814	510,8	
00:00:25,851	510,8	
00:00:25,888	510,7	
00:00:25,925	510,7	
00:00:25,962	510,7	
00:00:25,999	510,7	
00:00:26,037	510,7	
00:00:26,074	510,7	
00:00:26,111	510,6	
00:00:26,148	510,6	
00:00:26,185	510,6	
00:00:26,222	510,6	
00:00:26,259	510,6	
00:00:26,296	510,5	
00:00:26,333	510,5	
00:00:26,370	510,5	
00:00:26,407	510,5	
00:00:26,444	510,5	
00:00:26,481	510,5	
00:00:26,518	510,4	
00:00:26,555	510,4	
00:00:26,592	510,4	
00:00:26,629	510,4	
00:00:26,666	510,4	
00:00:26,703	510,3	
00:00:26,740	510,3	
00:00:26,777	510,3	
00:00:26,814	510,3	
00:00:26,851	510,3	
00:00:26,888	510,3	
00:00:26,925	510,2	
00:00:26,962	510,2	
00:00:26,999	510,2	
00:00:27,037	510,2	
00:00:27,074	510,2	
00:00:27,111	510,1	
00:00:27,148	510,1	
00:00:27,185	510,1	
00:00:27,222	510,1	
00:00:27,259	510,1	
00:00:27,296	510,1	
00:00:27,333	510,0	
00:00:27,370	510,0	
00:00:27,407	510,0	
00:00:27,444	510,0	
00:00:27,481	510,0	
00:00:27,518	509,9	
00:00:27,555	509,9	
00:00:27,592	509,9	
00:00:27,629	509,9	
00:00:27,666	509,9	
00:00:27,703	509,8	
00:00:27,740	509,8	
00:00:27,777	509,8	
00:00:27,814	509,8	
00:00:27,851	509,8	
00:00:27,888	509,8	
00:00:27,925	509,7	
00:00:27,962	509,7	
00:00:27,999	509,7	
00:00:28,037	509,7	
00:00:28,074	509,7	
00:00:28,111	509,6	
00:00:28,148	509,6	
00:00:28,185	509,6	
00:00:28,222	509,6	
00:00:28,259	509,6	
00:00:28,296	509,6	
00:00:28,333	509,5	
00:00:28,370	509,5	
00:00:28,407	509,5	
00:00:28,444	509,5	
00:00:28,481	509,5	
00:00:28,518	509,5	
00:00:28,555	509,5	
00:00:28,592	509,5	
00:00:28,629	509,5	
00:00:28,666	509,5	
00:00:28,703	509,5	
00:00:28,740	509,5	
00:00:28,777	509,5	
00:00:28,814	509,5	
00:00:28,851	509,5	
00:00:28,888	509,5	
00:00:28,925	509,5	
00:00:28,962	509,5	
00:00:28,999	509,5	
00:00:29,037	509,5	
00:00:29,074	509,5	
00:00:29,111	509,5	
00:00:29,148	509,5	
00:00:29,185	509,5	
00:00:29,222	509,5	
00:00:29,259	509,5	
00:00:29,296	509,5	
00:00:29,333	509,5	
00:00:29,370	509,5	
00:00:29,407	509,5	
00:00:29,444	509,5	
00:00:29,481	509,5	
00:00:29,518	509,6	
00:00:29,555	509,6	
00:00:29,592	509,6	
00:00:29,629	509,6	
00:00:29,666	509,6	
00:00:29,703	509,6	
00:00:29,740	509,6	
00:00:29,777	509,6	
00:00:29,814	509,6	
00:00:29,851	509,6	
00:00:29,888	509,6	
00:00:29,925	509,6	
00:00:29,962	509,6	
00:00:29,999	509,6	
00:00:30,037	509,6	
00:00:30,074	509,6	
00:00:30,111	509,6	
00:00:30,148	509,6	
00:00:30,185	509,6	
00:00:30,222	509,6	
00:00:30,259	509,6	
00:00:30,296	509,6	
00:00:30,333	509,6	
00:00:30,370	509,6	
00:00:30,407	509,6	
00:00:30,444	509,6	
00:00:30,481	509,6	
00:00:30,518	509,6	
00:00:30,555	509,6	
00:00:30,592	509,6	
00:00:30,629	509,6	
00:00:30,666	509,6	
00:00:30,703	509,6	
00:00:30,740	509,6	
00:00:30,777	509,6	
00:00:30,814	509,6	
00:00:30,851	509,6	
00:00:30,888	509,6	
00:00:30,925	509,6	
00:00:30,962	509,6	
00:00:30,999	509,6	
00:00:31,037	509,6	
00:00:31,074	509,6	
00:00:31,111	509,6	
00:00:31,148	509,6	
00:00:31,185	509,6	
00:00:31,222	509,6	
00:00:31,259	509,6	
00:00:31,296	509,6	
00:00:31,333	509,6	
00:00:31,370	509,6	
00:00:31,407	509,6	
00:00:31,444	509,6	
00:00:31,481	509,6	
00:00:31,518	509,6	
00:00:31,555	509,6	
00:00:31,592	509,6	
00:00:31,629	509,6	
00:00:31,666	509,6	
00:00:31,703	509,6	
00:00:31,740	509,7	
00:00:31,777	509,7	
00:00:31,814	509,7	
00:00:31,851	509,7	
00:00:31,888	509,7	
00:00:31,925	509,7	
00:00:31,962	509,7	
00:00:31,999	509,7	
00:00:32,037	509,7	
00:00:32,074	509,7	
00:00:32,111	509,7	
00:00:32,148	509,7	
00:00:32,185	509,7	
00:00:32,222	509,7	
00:00:32,259	509,7	
00:00:32,296	509,7	
00:00:32,333	509,7	
00:00:32,370	509,7	
00:00:32,407	509,7	
00:00:32,444	509,7	
00:00:32,481	509,7	
00:00:32,518	509,7	
00:00:32,555	509,7	
00:00:32,592	509,7	
00:00:32,629	509,7	
00:00:32,666	509,7	
00:00:32,703	509,7	
00:00:32,740	509,7	
00:00:32,777	509,7	
00:00:32,814	509,7	
00:00:32,851	509,7	
00:00:32,888	509,7	
00:00:32,925	509,7	
00:00:32,962	509,7	
00:00:32,999	509,7	
00:00:33,037	509,7	
00:00:33,074	509,7	
00:00:33,111	509,7	
00:00:33,148	509,7	
00:00:33,185	509,7	
00:00:33,222	509,7	
00:00:33,259	509,7	
00:00:33,296	509,7	
00:00:33,333	509,7	
00:00:33,370	509,7	
00:00:33,407	509,7	
00:00:33,444	509,7	
00:00:33,481	509,7	
00:00:33,518	509,7	
00:00:33,555	509,7	
00:00:33,592	509,7	
00:00:33,629	509,7	
00:00:33,666	509,7	
00:00:33,703	509,7	
00:00:33,740	509,7	
00:00:33,777	509,7	
00:00:33,814	509,7	
00:00:33,851	509,7	
00:00:33,888	509,7	
00:00:33,925	509,7	
00:00:33,962	509,7	
00:00:33,999	509,8	
00:00:34,037	509,8	
00:00:34,074	509,8	
00:00:34,111	509,8	
00:00:34,148	509,8	
00:00:34,185	509,8	
00:00:34,222	509,8	
00:00:34,259	509,8	
00:00:34,296	509,8	
00:00:34,333	509,8	
00:00:34,370	509,8	
00:00:34,407	509,8	
00:00:34,444	509,8	
00:00:34,481	509,8	
00:00:34,518	509,8	
00:00:34,555	509,8	
00:00:34,592	509,8	
00:00:34,629	509,8	
00:00:34,666	509,8	
00:00:34,703	509,8	
00:00:34,740	509,8	
00:00:34,777	509,8	
00:00:34,814	509,8	
00:00:34,851	509,8	
00:00:34,888	509,8	
00:00:34,925	509,8	
00:00:34,962	509,8	
00:00:34,999	509,8	
00:00:35,037	509,8	
00:00:35,074	509,8	
00:00:35,111	509,8	
00:00:35,148	509,8	
00:00:35,185	509,8	
00:00:35,222	509,8	
00:00:35,259	509,8	
00:00:35,296	509,8	
00:00:35,333	509,8	
00:00:35,370	509,8	
00:00:35,407	509,8	
00:00:35,444	509,8	
00:00:35,481	509,8	
00:00:35,518	509,8	
00:00:35,555	509,8	
00:00:35,592	509,8	
00:00:35,629	509,8	
00:00:35,666	509,8	
00:00:35,703	509,8	
00:00:35,740	509,8	
00:00:35,777	509,8	
00:00:35,814	509,8	
00:00:35,851	509,8	
00:00:35,888	509,8	
00:00:35,925	509,8	
00:00:35,962	509,8	
00:00:35,999	509,8	
00:00:36,037	509,8	
00:00:36,074	509,8	
00:00:36,111	509,8	
00:00:36,148	509,8	
00:00:36,185	509,8	
00:00:36,222	509,9	
00:00:36,259	509,9	
00:00:36,296	509,9	
00:00:36,333	509,9	
00:00:36,370	509,9	
00:00:36,407	509,9	
00:00:36,444	509,9	
00:00:36,481	509,9	
00:00:36,518	509,9	
00:00:36,555	509,9	
00:00:36,592	509,9	
00:00:36,629	509,9	
00:00:36,666	509,9	
00:00:36,703	509,9	
00:00:36,740	509,9	
00:00:36,777	509,9	
00:00:36,814	509,9	
00:00:36,851	509,9	
00:00:36,888	509,9	
00:00:36,925	509,9	
00:00:36,962	509,9	
00:00:36,999	509,9	
00:00:37,037	509,9	
00:00:37,074	509,9	
00:00:37,111	509,9	
00:00:37,148	509,9	
00:00:37,185	509,9	
00:00:37,222	509,9	
00:00:37,259	509,9	
00:00:37,296	509,9	
00:00:37,333	509,9	
00:00:37,370	509,9	
00:00:37,407	509,9	
00:00:37,444	509,9	
00:00:37,481	509,9	
00:00:37,518	509,9	
00:00:37,555	509,9	
00:00:37,592	509,9	
00:00:37,629	509,9	
00:00:37,666	509,9	
00:00:37,703	509,9	
00:00:37,740	509,9	
00:00:37,777	509,9	
00:00:37,814	509,9	
00:00:37,851	509,9	
00:00:37,888	509,9	
00:00:37,925	509,9	
00:00:37,962	509,9	
00:00:37,999	509,9	
00:00:38,036	509,9	
00:00:38,074	509,9	
00:00:38,111	509,9	
00:00:38,148	509,9	
00:00:38,185	509,9	
00:00:38,222	509,9	
00:00:38,259	509,9	
00:00:38,296	509,9	
00:00:38,333	509,9	
00:00:38,370	509,9	
00:00:38,407	510,0	
00:00:38,444	510,0	
00:00:38,481	510,0	
00:00:38,518	510,0	
00:00:38,555	510,0	
00:00:38,592	510,0	
00:00:38,629	510,0	
00:00:38,666	510,0	
00:00:38,703	510,0	
00:00:38,740	510,0	
00:00:38,777	510,0	
00:00:38,814	510,0	
00:00:38,851	510,0	
00:00:38,888	510,0	
00:00:38,925	510,0	
00:00:38,962	510,0	
00:00:38,999	510,0	
00:00:39,036	510,0	
00:00:39,074	510,0	
00:00:39,111	510,0	
00:00:39,148	510,0	
00:00:39,185	510,0	
00:00:39,222	510,0	
00:00:39,259	510,0	
00:00:39,296	510,0	
00:00:39,333	510,0	
00:00:39,370	510,0	
00:00:39,407	510,0	
00:00:39,444	510,0	
00:00:39,481	510,0	
00:00:39,518	510,0	
00:00:39,555	510,0	
00:00:39,592	510,0	
00:00:39,629	510,0	
00:00:39,666	510,0	
00:00:39,703	510,0	
00:00:39,740	510,0	
00:00:39,777	510,0	
00:00:39,814	510,0	
00:00:39,851	510,0	
00:00:39,888	510,0	
00:00:39,925	510,0	
00:00:39,962	510,0	
00:00:39,999	510,0	
00:00:40,036	510,0	
00:00:40,074	510,0	
00:00:40,111	510,0	
00:00:40,148	510,0	
00:00:40,185	510,0	
00:00:40,222	510,0	
00:00:40,259	510,0	
00:00:40,296	510,0	
00:00:40,333	510,0	
00:00:40,370	510,0	
00:00:40,407	510,0	
00:00:40,444	510,0	
00:00:40,481	510,0	
00:00:40,518	510,0	
00:00:40,555	510,0	
00:00:40,592	510,0	
00:00:40,629	510,0	
00:00:40,666	510,0	
00:00:40,703	510,0	
00:00:40,740	510,0	
00:00:40,777	510,0	
00:00:40,814	510,0	
00:00:40,851	510,0	
00:00:40,888	510,0	
00:00:40,925	510,0	
00:00:40,962	510,0	
00:00:40,999	510,0	
00:00:41,036	510,0	
00:00:41,074	510,0	
00:00:41,111	510,0	
00:00:41,148	510,0	
00:00:41,185	510,0	
00:00:41,222	510,0	
00:00:41,259	510,0	
00:00:41,296	510,0	
00:00:41,333	510,0	
00:00:41,370	510,0	
00:00:41,407	510,0	
00:00:41,444	510,0	
00:00:41,481	510,0	
00:00:41,518	510,0	
00:00:41,555	510,0	
00:00:41,592	510,0	
00:00:41,629	510,0	
00:00:41,666	510,0	
00:00:41,703	510,0	
00:00:41,740	510,0	
00:00:41,777	510,0	
00:00:41,814	510,0	
00:00:41,851	510,0	
00:00:41,888	510,0	
00:00:41,925	510,0	
00:00:41,962	510,0	
00:00:41,999	510,0	
00:00:42,036	510,0	
00:00:42,074	510,0	
00:00:42,111	510,0	
00:00:42,148	510,0	
00:00:42,185	510,0	
00:00:42,222	510,0	
00:00:42,259	510,0	
00:00:42,296	510,0	
00:00:42,333	510,0	
00:00:42,370	510,0	
00:00:42,407	510,0	
00:00:42,444	510,0	
00:00:42,481	510,0	
00:00:42,518	510,0	
00:00:42,555	510,0	
00:00:42,592	510,0	
00:00:42,629	510,0	
00:00:42,666	510,0	
00:00:42,703	510,0	
00:00:42,740	510,0	
00:00:42,777	510,0	
00:00:42,814	510,0	
00:00:42,851	510,0	
00:00:42,888	510,0	
00:00:42,925	510,0	
00:00:42,962	510,0	
00:00:42,999	510,0	
00:00:43,036	510,0	
00:00:43,074	510,0	
00:00:43,111	510,0	
00:00:43,148	510,0	
00:00:43,185	510,0	
00:00:43,222	510,0	
00:00:43,259	510,0	
00:00:43,296	510,0	
00:00:43,333	510,0	
00:00:43,370	510,0	
00:00:43,407	510,0	
00:00:43,444	510,0	
00:00:43,481	510,0	
00:00:43,518	510,0	
00:00:43,555	510,0	
00:00:43,592	510,0	
00:00:43,629	510,0	
00:00:43,666	510,0	
00:00:43,703	509,9	
00:00:43,740	509,9	
00:00:43,777	509,9	
00:00:43,814	509,9	
00:00:43,851	509,9	
00:00:43,888	509,9	
00:00:43,925	509,9	
00:00:43,962	509,9	
00:00:43,999	509,9	
00:00:44,036	509,9	
00:00:44,074	509,9	
00:00:44,111	509,9	
00:00:44,148	509,9	
00:00:44,185	509,9	
00:00:44,222	509,9	
00:00:44,259	509,9	
00:00:44,296	509,9	
00:00:44,333	509,9	
00:00:44,370	509,9	
00:00:44,407	509,9	
00:00:44,444	509,9	
00:00:44,481	509,9	
00:00:44,518	509,9	
00:00:44,555	509,9	
00:00:44,592	509,9	
00:00:44,629	509,9	
00:00:44,666	509,9	
00:00:44,703	509,9	
00:00:44,740	509,9	
00:00:44,777	509,9	
00:00:44,814	509,9	
00:00:44,851	509,9	
00:00:44,888	509,9	
00:00:44,925	509,9	
00:00:44,962	509,9	
00:00:44,999	509,9	
00:00:45,036	509,9	
00:00:45,074	509,9	
00:00:45,111	509,9	
00:00:45,148	509,9	
00:00:45,185	509,9	
00:00:45,222	509,9	
00:00:45,259	509,9	
00:00:45,296	509,9	
00:00:45,333	509,9	
00:00:45,370	509,9	
00:00:45,407	509,9	
00:00:45,444	509,9	
00:00:45,481	509,9	
00:00:45,518	509,9	
00:00:45,555	509,9	
00:00:45,592	509,9	
00:00:45,629	509,9	
00:00:45,666	509,9	
00:00:45,703	509,9	
00:00:45,740	509,9	
00:00:45,777	509,9	
00:00:45,814	509,9	
00:00:45,851	509,9	
00:00:45,888	509,9	
00:00:45,925	509,9	
00:00:45,962	509,9	
00:00:45,999	509,9	
00:00:46,036	509,9	
00:00:46,074	509,9	
00:00:46,111	509,9	
00:00:46,148	509,9	
00:00:46,185	509,9	
00:00:46,222	509,9	
00:00:46,259	509,9	
00:00:46,296	509,9	
00:00:46,333	509,9	
00:00:46,370	509,9	
00:00:46,407	509,9	
00:00:46,444	509,9	
00:00:46,481	509,9	
00:00:46,518	509,9	
00:00:46,555	509,9	
00:00:46,592	509,9	
00:00:46,629	509,9	
00:00:46,666	509,9	
00:00:46,703	509,9	
00:00:46,740	509,9	
00:00:46,777	509,9	
00:00:46,814	509,9	
00:00:46,851	509,9	
00:00:46,888	509,9	
00:00:46,925	509,9	
00:00:46,962	509,9	
00:00:46,999	509,9	
00:00:47,036	509,9	
00:00:47,074	509,9	
00:00:47,111	509,9	
00:00:47,148	509,9	
00:00:47,185	509,9	
00:00:47,222	509,9	
00:00:47,259	509,9	
00:00:47,296	509,9	
00:00:47,333	509,9	
00:00:47,370	509,9	
00:00:47,407	509,9	
00:00:47,444	509,9	
00:00:47,481	509,9	
00:00:47,518	509,9	
00:00:47,555	509,9	
00:00:47,592	509,9	
00:00:47,629	509,9	
00:00:47,666	509,9	
00:00:47,703	509,9	
00:00:47,740	509,9	
00:00:47,777	509,9	
00:00:47,814	509,9	
00:00:47,851	509,9	
00:00:47,888	509,9	
00:00:47,925	509,9	
00:00:47,962	509,9	
00:00:47,999	509,9	
00:00:48,036	509,9	
00:00:48,074	509,9	
00:00:48,111	509,9	
00:00:48,148	509,9	
00:00:48,185	509,9	
00:00:48,222	509,9	
00:00:48,259	509,9	
00:00:48,296	509,9	
00:00:48,333	509,9	
00:00:48,370	509,9	
00:00:48,407	509,9	
00:00:48,444	509,9	
00:00:48,481	509,9	
00:00:48,518	509,9	
00:00:48,555	509,9	
00:00:48,592	509,9	
00:00:48,629	509,9	
00:00:48,666	509,9	
00:00:48,703	509,9	
00:00:48,740	509,9	
00:00:48,777	509,9	
00:00:48,814	509,9	
00:00:48,851	509,9	
00:00:48,888	509,9	
00:00:48,925	509,9	
00:00:48,962	509,9	
00:00:48,999	509,9	
00:00:49,036	509,9	
00:00:49,074	509,9	
00:00:49,111	509,9	
00:00:49,148	509,9	
00:00:49,185	509,9	
00:00:49,222	509,9	
00:00:49,259	509,9	
00:00:49,296	509,9	
00:00:49,333	509,9	
00:00:49,370	509,9	
00:00:49,407	509,9	
00:00:49,444	509,9	
00:00:49,481	509,9	
00:00:49,518	509,9	
00:00:49,555	509,9	
00:00:49,592	509,9	
00:00:49,629	509,9	
00:00:49,666	509,9	
00:00:49,703	509,9	
00:00:49,740	509,9	
00:00:49,777	509,9	
00:00:49,814	509,9	
00:00:49,851	509,9	
00:00:49,888	509,9	
00:00:49,925	509,9	
00:00:49,962	509,9	
00:00:49,999	509,9	
00:00:50,036	509,9	
00:00:50,074	509,9	
00:00:50,111	509,9	
00:00:50,148	509,9	
00:00:50,185	509,9	
00:00:50,222	509,9	
00:00:50,259	509,9	
00:00:50,296	509,9	
00:00:50,333	509,9	
00:00:50,370	509,9	
00:00:50,407	509,9	
00:00:50,444	509,9	
00:00:50,481	509,9	
00:00:50,518	509,9	
00:00:50,555	509,9	
00:00:50,592	509,9	
00:00:50,629	509,9	
00:00:50,666	509,9	
00:00:50,703	509,9	
00:00:50,740	509,9	
00:00:50,777	509,9	
00:00:50,814	509,9	
00:00:50,851	509,9	
00:00:50,888	509,9	
00:00:50,925	509,9	
00:00:50,962	509,9	
00:00:50,999	509,9	
00:00:51,036	509,9	
00:00:51,074	509,9	
00:00:51,111	509,9	
00:00:51,148	509,9	
00:00:51,185	509,9	
00:00:51,222	509,9	
00:00:51,259	509,9	
00:00:51,296	509,9	
00:00:51,333	509,9	
00:00:51,370	509,9	
00:00:51,407	509,9	
00:00:51,444	509,9	
00:00:51,481	509,9	
00:00:51,518	509,9	
00:00:51,555	509,9	
00:00:51,592	509,9	
00:00:51,629	509,9	
00:00:51,666	509,9	
00:00:51,703	509,9	
00:00:51,740	509,9	
00:00:51,777	509,9	
00:00:51,814	509,9	
00:00:51,851	509,9	
00:00:51,888	509,9	
00:00:51,925	509,9	
00:00:51,962	509,9	
00:00:51,999	509,9	
00:00:52,036	509,9	
00:00:52,074	509,9	
00:00:52,111	509,9	
00:00:52,148	509,8	
00:00:52,185	509,8	
00:00:52,222	509,8	
00:00:52,259	509,8	
00:00:52,296	509,8	
00:00:52,333	509,8	
00:00:52,370	509,8	
00:00:52,407	509,8	
00:00:52,444	509,8	
00:00:52,481	509,8	
00:00:52,518	509,8	
00:00:52,555	509,8	
00:00:52,592	509,8	
00:00:52,629	509,8	
00:00:52,666	509,8	
00:00:52,703	509,8	
00:00:52,740	509,8	
00:00:52,777	509,8	
00:00:52,814	509,8	
00:00:52,851	509,8	
00:00:52,888	509,8	
00:00:52,925	509,8	
00:00:52,962	509,8	
00:00:52,999	509,8	
00:00:53,036	509,8	
00:00:53,074	509,8	
00:00:53,111	509,8	
00:00:53,148	509,8	
00:00:53,185	509,8	
00:00:53,222	509,8	
00:00:53,259	509,8	
00:00:53,296	509,8	
00:00:53,333	509,8	
00:00:53,370	509,8	
00:00:53,407	509,8	
00:00:53,444	509,8	
00:00:53,481	509,8	
00:00:53,518	509,8	
00:00:53,555	509,8	
00:00:53,592	509,8	
00:00:53,629	509,8	
00:00:53,666	509,8	
00:00:53,703	509,8	
00:00:53,740	509,8	
00:00:53,777	509,8	
00:00:53,814	509,8	
00:00:53,851	509,8	
00:00:53,888	509,8	
00:00:53,925	509,8	
00:00:53,962	509,8	
00:00:53,999	509,8	
00:00:54,036	509,8	
00:00:54,074	509,8	
00:00:54,111	509,8	
00:00:54,148	509,8	
00:00:54,185	509,8	
00:00:54,222	509,8	
00:00:54,259	509,8	
00:00:54,296	509,8	
00:00:54,333	509,8	
00:00:54,370	509,8	
00:00:54,407	509,8	
00:00:54,444	509,8	
00:00:54,481	509,8	
00:00:54,518	509,8	
00:00:54,555	509,8	
00:00:54,592	509,8	
00:00:54,629	509,8	
00:00:54,666	509,8	
00:00:54,703	509,8	
00:00:54,740	509,8	
00:00:54,777	509,8	
00:00:54,814	509,8	
00:00:54,851	509,8	
00:00:54,888	509,8	
00:00:54,925	509,8	
00:00:54,962	509,8	
00:00:54,999	509,8	
00:00:55,036	509,8	
00:00:55,074	509,8	
00:00:55,111	509,8	
00:00:55,148	509,8	
00:00:55,185	509,8	
00:00:55,222	509,8	
00:00:55,259	509,8	
00:00:55,296	509,8	
00:00:55,333	509,8	
00:00:55,370	509,8	
00:00:55,407	509,8	
00:00:55,444	509,8	
00:00:55,481	509,8	
00:00:55,518	509,8	
00:00:55,555	509,8	
00:00:55,592	509,8	
00:00:55,629	509,8	
00:00:55,666	509,8	
00:00:55,703	509,8	
00:00:55,740	509,8	
00:00:55,777	509,8	
00:00:55,814	509,8	
00:00:55,851	509,8	
00:00:55,888	509,8	
00:00:55,925	509,8	
00:00:55,962	509,8	
00:00:55,999	509,8	
00:00:56,036	509,8	
00:00:56,074	509,8	
00:00:56,111	509,8	
00:00:56,148	509,8	
00:00:56,185	509,8	
00:00:56,222	509,8	
00:00:56,259	509,8	
00:00:56,296	509,8	
00:00:56,333	509,8	
00:00:56,370	509,8	
00:00:56,407	509,8	
00:00:56,444	509,8	
00:00:56,481	509,8	
00:00:56,518	509,8	
00:00:56,555	509,8	
00:00:56,592	509,8	
00:00:56,629	509,8	
00:00:56,666	509,8	
00:00:56,703	509,8	
00:00:56,740	509,8	
00:00:56,777	509,8	
00:00:56,814	509,8	
00:00:56,851	509,8	
00:00:56,888	509,8	
00:00:56,925	509,8	
00:00:56,962	509,8	
00:00:56,999	509,8	
00:00:57,036	509,8	
00:00:57,074	509,8	
00:00:57,111	509,8	
00:00:57,148	509,8	
00:00:57,185	509,8	
00:00:57,222	509,8	
00:00:57,259	509,8	
00:00:57,296	509,8	
00:00:57,333	509,8	
00:00:57,370	509,8	
00:00:57,407	509,8	
00:00:57,444	509,8	
00:00:57,481	509,8	
00:00:57,518	509,8	
00:00:57,555	509,8	
00:00:57,592	509,8	
00:00:57,629	509,8	
00:00:57,666	509,8	
00:00:57,703	509,8	
00:00:57,740	509,8	
00:00:57,777	509,8	
00:00:57,814	509,8	
00:00:57,851	509,8	
00:00:57,888	509,8	
00:00:57,925	509,8	
00:00:57,962	509,8	
00:00:57,999	509,8	
00:00:58,036	509,8	
00:00:58,074	509,8	
00:00:58,111	509,8	
00:00:58,148	509,8	
00:00:58,185	509,8	
00:00:58,222	509,8	
00:00:58,259	509,8	
00:00:58,296	509,8	
00:00:58,333	509,8	
00:00:58,370	509,8	
00:00:58,407	509,8	
00:00:58,444	509,8	
00:00:58,481	509,8	
00:00:58,518	509,8	
00:00:58,555	509,8	
00:00:58,592	509,8	
00:00:58,629	509,8	
00:00:58,666	509,8	
00:00:58,703	509,8	
00:00:58,740	509,8	
00:00:58,777	509,8	
00:00:58,814	509,8	
00:00:58,851	509,8	
00:00:58,888	509,8	
00:00:58,925	509,8	
00:00:58,962	509,8	
00:00:58,999	509,8	
00:00:59,036	509,8	
00:00:59,074	509,8	
00:00:59,111	509,8	
00:00:59,148	509,8	
00:00:59,185	509,8	
00:00:59,222	509,8	
00:00:59,259	509,8	
00:00:59,296	509,8	
00:00:59,333	509,8	
00:00:59,370	509,8	
00:00:59,407	509,8	
00:00:59,444	509,8	
00:00:59,481	509,8	
00:00:59,518	509,8	
00:00:59,555	509,8	
00:00:59,592	509,8	
00:00:59,629	509,8	
00:00:59,666	509,8	
00:00:59,703	509,8	
00:00:59,740	509,8	
00:00:59,777	509,8	
00:00:59,814	509,8	
00:00:59,851	509,8	
00:00:59,888	509,8	
00:00:59,925	509,8	
00:00:59,962	509,8	
00:00:59,999	509,8	
00:01:00,036	509,8	
00:01:00,074	509,8	
00:01:00,111	509,8	
00:01:00,148	509,8	
00:01:00,185	509,8	
00:01:00,222	509,8	
00:01:00,259	509,8	
00:01:00,296	509,8	
00:01:00,333	509,8	
00:01:00,370	509,8	
00:01:00,407	509,8	
00:01:00,444	509,8	
00:01:00,481	509,8	
00:01:00,518	509,8	
00:01:00,555	509,8	
00:01:00,592	509,7	
00:01:00,629	509,7	
00:01:00,666	509,7	
00:01:00,703	509,7	
00:01:00,740	509,7	
00:01:00,777	509,7	
00:01:00,814	509,7	
00:01:00,851	509,7	
00:01:00,888	509,7	
00:01:00,925	509,7	
00:01:00,962	509,7	
00:01:00,999	509,7	
00:01:01,036	509,7	
00:01:01,074	509,7	
00:01:01,111	509,7	
00:01:01,148	509,7	
00:01:01,185	509,7	
00:01:01,222	509,7	
00:01:01,259	509,7	
00:01:01,296	509,7	
00:01:01,333	509,7	
00:01:01,370	509,7	
00:01:01,407	509,7	
00:01:01,444	509,7	
00:01:01,481	509,7	
00:01:01,518	509,7	
00:01:01,555	509,7	
00:01:01,592	509,7	
00:01:01,629	509,7	
00:01:01,666	509,7	
00:01:01,703	509,7	
00:01:01,740	509,7	
00:01:01,777	509,7	
00:01:01,814	509,7	
00:01:01,851	509,7	
00:01:01,888	509,7	
00:01:01,925	509,7	
00:01:01,962	509,7	
00:01:01,999	509,7	
00:01:02,036	509,7	
00:01:02,074	509,7	
00:01:02,111	509,7	
00:01:02,148	509,7	
00:01:02,185	509,7	
00:01:02,222	509,7	
00:01:02,259	509,7	
00:01:02,296	509,7	
00:01:02,333	509,7	
00:01:02,370	509,7	
00:01:02,407	509,7	
00:01:02,444	509,7	
00:01:02,481	509,7	
00:01:02,518	509,7	
00:01:02,555	509,7	
00:01:02,592	509,7	
00:01:02,629	509,7	
00:01:02,666	509,7	
00:01:02,703	509,7	
00:01:02,740	509,7	
00:01:02,777	509,7	
00:01:02,814	509,7	
00:01:02,851	509,7	
00:01:02,888	509,7	
00:01:02,925	509,7	
00:01:02,962	509,7	
00:01:02,999	509,7	
00:01:03,036	509,7	
00:01:03,074	509,7	
00:01:03,111	509,7	
00:01:03,148	509,7	
00:01:03,185	509,7	
00:01:03,222	509,7	
00:01:03,259	509,7	
00:01:03,296	509,7	
00:01:03,333	509,7	
00:01:03,370	509,7	
00:01:03,407	509,7	
00:01:03,444	509,7	
00:01:03,481	509,7	
00:01:03,518	509,7	
00:01:03,555	509,7	
00:01:03,592	509,7	
00:01:03,629	509,7	
00:01:03,666	509,7	
00:01:03,703	509,7	
00:01:03,740	509,7	
00:01:03,777	509,7	
00:01:03,814	509,7	
00:01:03,851	509,7	
00:01:03,888	509,7	
00:01:03,925	509,7	
00:01:03,962	509,7	
00:01:03,999	509,7	
00:01:04,036	509,7	
00:01:04,074	509,7	
00:01:04,111	509,7	
00:01:04,148	509,7	
00:01:04,185	509,7	
00:01:04,222	509,7	
00:01:04,259	509,7	
00:01:04,296	509,7	
00:01:04,333	509,7	
00:01:04,370	509,7	
00:01:04,407	509,7	
00:01:04,444	509,7	
00:01:04,481	509,7	
00:01:04,518	509,7	
00:01:04,555	509,7	
00:01:04,592	509,7	
00:01:04,629	509,7	
00:01:04,666	509,7	
00:01:04,703	509,7	
00:01:04,740	509,7	
00:01:04,777	509,7	
00:01:04,814	509,7	
00:01:04,851	509,7	
00:01:04,888	509,7	
00:01:04,925	509,7	
00:01:04,962	509,7	
00:01:04,999	509,7	
00:01:05,036	509,7	
00:01:05,074	509,7	
00:01:05,111	509,7	
00:01:05,148	509,7	
00:01:05,185	509,7	
00:01:05,222	509,7	
00:01:05,259	509,7	
00:01:05,296	509,7	
00:01:05,333	509,7	
00:01:05,370	509,7	
00:01:05,407	509,7	
00:01:05,444	509,7	
00:01:05,481	509,7	
00:01:05,518	509,7	
00:01:05,555	509,7	
00:01:05,592	509,7	
00:01:05,629	509,7	
00:01:05,666	509,7	
00:01:05,703	509,7	
00:01:05,740	509,7	
00:01:05,777	509,7	
00:01:05,814	509,7	
00:01:05,851	509,7	
00:01:05,888	509,7	
00:01:05,925	509,7	
00:01:05,962	509,7	
00:01:05,999	509,7	
00:01:06,036	509,7	
00:01:06,074	509,7	
00:01:06,111	509,7	
00:01:06,148	509,7	
00:01:06,185	509,7	
00:01:06,222	509,7	
00:01:06,259	509,7	
00:01:06,296	509,7	
00:01:06,333	509,7	
00:01:06,370	509,7	
00:01:06,407	509,7	
00:01:06,444	509,7	
00:01:06,481	509,7	
00:01:06,518	509,7	
00:01:06,555	509,7	
00:01:06,592	509,7	
00:01:06,629	509,7	
00:01:06,666	509,7	
00:01:06,703	509,7	
00:01:06,740	509,7	
00:01:06,777	509,7	
00:01:06,814	509,7	
00:01:06,851	509,7	
00:01:06,888	509,7	
00:01:06,925	509,7	
00:01:06,962	509,7	
00:01:06,999	509,7	
00:01:07,036	509,7	
00:01:07,074	509,7	
00:01:07,111	509,7	
00:01:07,148	509,7	
00:01:07,185	509,7	
00:01:07,222	509,7	
00:01:07,259	509,7	
00:01:07,296	509,7	
00:01:07,333	509,7	
00:01:07,370	509,7	
00:01:07,407	509,7	
00:01:07,444	509,7	
00:01:07,481	509,7	
00:01:07,518	509,7	
00:01:07,555	509,7	
00:01:07,592	509,7	
00:01:07,629	509,7	
00:01:07,666	509,7	
00:01:07,703	509,7	
00:01:07,740	509,7	
00:01:07,777	509,7	
00:01:07,814	509,7	
00:01:07,851	509,7	
00:01:07,888	509,7	
00:01:07,925	509,7	
00:01:07,962	509,7	
00:01:07,999	509,7	
00:01:08,036	509,7	
00:01:08,074	509,7	
00:01:08,111	509,7	
00:01:08,148	509,7	
00:01:08,185	509,7	
00:01:08,222	509,7	
00:01:08,259	509,7	
00:01:08,296	509,7	
00:01:08,333	509,7	
00:01:08,370	509,7	
00:01:08,407	509,7	
00:01:08,444	509,7	
00:01:08,481	509,7	
00:01:08,518	509,7	
00:01:08,555	509,7	
00:01:08,592	509,7	
00:01:08,629	509,7	
00:01:08,666	509,7	
00:01:08,703	509,7	
00:01:08,740	509,7	
00:01:08,777	509,7	
00:01:08,814	509,7	
00:01:08,851	509,7	
00:01:08,888	509,7	
00:01:08,925	509,7	
00:01:08,962	509,7	
00:01:08,999	509,6	
00:01:09,036	509,6	
00:01:09,074	509,6	
00:01:09,111	509,6	
00:01:09,148	509,6	
00:01:09,185	509,6	
00:01:09,222	509,6	
00:01:09,259	509,6	
00:01:09,296	509,6	
00:01:09,333	509,6	
00:01:09,370	509,6	
00:01:09,407	509,6	
00:01:09,444	509,6	
00:01:09,481	509,6	
00:01:09,518	509,6	
00:01:09,555	509,6	
00:01:09,592	509,6	
00:01:09,629	509,6	
00:01:09,666	509,6	
00:01:09,703	509,6	
00:01:09,740	509,6	
00:01:09,777	509,6	
00:01:09,814	509,6	
00:01:09,851	509,6	
00:01:09,888	509,6	
00:01:09,925	509,6	
00:01:09,962	509,6	
00:01:09,999	509,6	
00:01:10,036	509,6	
00:01:10,074	509,6	
00:01:10,111	509,6	
00:01:10,148	509,6	
00:01:10,185	509,6	
00:01:10,222	509,6	
00:01:10,259	509,6	
00:01:10,296	509,6	
00:01:10,333	509,6	
00:01:10,370	509,6	
00:01:10,407	509,6	
00:01:10,444	509,6	
00:01:10,481	509,6	
00:01:10,518	509,6	
00:01:10,555	509,6	
00:01:10,592	509,6	
00:01:10,629	509,6	
00:01:10,666	509,6	
00:01:10,703	509,6	
00:01:10,740	509,6	
00:01:10,777	509,6	
00:01:10,814	509,6	
00:01:10,851	509,6	
00:01:10,888	509,6	
00:01:10,925	509,6	
00:01:10,962	509,6	
00:01:10,999	509,6	
00:01:11,036	509,6	
00:01:11,074	509,6	
00:01:11,111	509,6	
00:01:11,148	509,6	
00:01:11,185	509,6	
00:01:11,222	509,6	
00:01:11,259	509,6	
00:01:11,296	509,6	
00:01:11,333	509,6	
00:01:11,370	509,6	
00:01:11,407	509,6	
00:01:11,444	509,6	
00:01:11,481	509,6	
00:01:11,518	509,6	
00:01:11,555	509,6	
00:01:11,592	509,6	
00:01:11,629	509,6	
00:01:11,666	509,6	
00:01:11,703	509,6	
00:01:11,740	509,6	
00:01:11,777	509,6	
00:01:11,814	509,6	
00:01:11,851	509,6	
00:01:11,888	509,6	
00:01:11,925	509,6	
00:01:11,962	509,6	
00:01:11,999	509,6	
00:01:12,036	509,6	
00:01:12,074	509,6	
00:01:12,111	509,6	
00:01:12,148	509,6	
00:01:12,185	509,6	
00:01:12,222	509,6	
00:01:12,259	509,6	
00:01:12,296	509,6	
00:01:12,333	509,6	
00:01:12,370	509,6	
00:01:12,407	509,6	
00:01:12,444	509,6	
00:01:12,481	509,6	
00:01:12,518	509,6	
00:01:12,555	509,6	
00:01:12,592	509,6	
00:01:12,629	509,6	
00:01:12,666	509,6	
00:01:12,703	509,6	
00:01:12,740	509,6	
00:01:12,777	509,6	
00:01:12,814	509,6	
00:01:12,851	509,6	
00:01:12,888	509,6	
00:01:12,925	509,6	
00:01:12,962	509,6	
00:01:12,999	509,6	
00:01:13,036	509,6	
00:01:13,074	509,6	
00:01:13,111	509,6	
00:01:13,148	509,6	
00:01:13,185	509,6	
00:01:13,222	509,6	
00:01:13,259	509,6	
00:01:13,296	509,6	
00:01:13,333	509,6	
00:01:13,370	509,6	
00:01:13,407	509,6	
00:01:13,444	509,6	
00:01:13,481	509,6	
00:01:13,518	509,6	
00:01:13,555	509,6	
00:01:13,592	509,6	
00:01:13,629	509,6	
00:01:13,666	509,6	
00:01:13,703	509,6	
00:01:13,740	509,6	
00:01:13,777	509,6	
00:01:13,814	509,6	
00:01:13,851	509,6	
00:01:13,888	509,6	
00:01:13,925	509,6	
00:01:13,962	509,6	
00:01:13,999	509,6	
00:01:14,036	509,6	
00:01:14,074	509,6	
00:01:14,111	509,6	
00:01:14,148	509,6	
00:01:14,185	509,6	
00:01:14,222	509,6	
00:01:14,259	509,6	
00:01:14,296	509,6	
00:01:14,333	509,6	
00:01:14,370	509,6	
00:01:14,407	509,6	
00:01:14,444	509,6	
00:01:14,481	509,6	
00:01:14,518	509,6	
00:01:14,555	509,6	
00:01:14,592	509,6	
00:01:14,629	509,6	
00:01:14,666	509,6	
00:01:14,703	509,6	
00:01:14,740	509,6	
00:01:14,777	509,6	
00:01:14,814	509,6	
00:01:14,851	509,6	
00:01:14,888	509,6	
00:01:14,925	509,6	
00:01:14,962	509,6	
00:01:14,999	509,6	
00:01:15,036	509,6	
00:01:15,073	509,6	
00:01:15,111	509,6	
00:01:15,148	509,6	
00:01:15,185	509,6	
00:01:15,222	509,6	
00:01:15,259	509,6	
00:01:15,296	509,6	
00:01:15,333	509,6	
00:01:15,370	509,6	
00:01:15,407	509,6	
00:01:15,444	509,6	
00:01:15,481	509,6	
00:01:15,518	509,6	
00:01:15,555	509,6	
00:01:15,592	509,6	
00:01:15,629	509,6	
00:01:15,666	509,6	
00:01:15,703	509,6	
00:01:15,740	509,6	
00:01:15,777	509,6	
00:01:15,814	509,6	
00:01:15,851	509,6	
00:01:15,888	509,6	
00:01:15,925	509,6	
00:01:15,962	509,6	
00:01:15,999	509,6	
00:01:16,036	509,6	
00:01:16,073	509,6	
00:01:16,111	509,6	
00:01:16,148	509,6	
00:01:16,185	509,6	
00:01:16,222	509,6	
00:01:16,259	509,6	
00:01:16,296	509,6	
00:01:16,333	509,6	
00:01:16,370	509,6	
00:01:16,407	509,6	
00:01:16,444	509,6	
00:01:16,481	509,6	
00:01:16,518	509,6	
00:01:16,555	509,6	
00:01:16,592	509,6	
00:01:16,629	509,6	
00:01:16,666	509,6	
00:01:16,703	509,6	
00:01:16,740	509,6	
00:01:16,777	509,6	
00:01:16,814	509,6	
00:01:16,851	509,6	
00:01:16,888	509,6	
00:01:16,925	509,6	
00:01:16,962	509,6	
00:01:16,999	509,6	
00:01:17,036	509,6	
00:01:17,073	509,6	
00:01:17,111	509,6	
00:01:17,148	509,6	
00:01:17,185	509,6	
00:01:17,222	509,6	
00:01:17,259	509,6	
00:01:17,296	509,6	
00:01:17,333	509,6	
00:01:17,370	509,6	
00:01:17,407	509,6	
00:01:17,444	509,5	
00:01:17,481	509,5	
00:01:17,518	509,5	
00:01:17,555	509,5	
00:01:17,592	509,5	
00:01:17,629	509,5	
00:01:17,666	509,5	
00:01:17,703	509,5	
00:01:17,740	509,5	
00:01:17,777	509,5	
00:01:17,814	509,5	
00:01:17,851	509,5	
00:01:17,888	509,5	
00:01:17,925	509,5	
00:01:17,962	509,5	
00:01:17,999	509,5	
00:01:18,036	509,5	
00:01:18,073	509,5	
00:01:18,111	509,5	
00:01:18,148	509,5	
00:01:18,185	509,5	
00:01:18,222	509,5	
00:01:18,259	509,5	
00:01:18,296	509,5	
00:01:18,333	509,5	
00:01:18,370	509,5	
00:01:18,407	509,5	
00:01:18,444	509,5	
00:01:18,481	509,5	
00:01:18,518	509,5	
00:01:18,555	509,5	
00:01:18,592	509,5	
00:01:18,629	509,5	
00:01:18,666	509,5	
00:01:18,703	509,5	
00:01:18,740	509,5	
00:01:18,777	509,5	
00:01:18,814	509,5	
00:01:18,851	509,5	
00:01:18,888	509,5	
00:01:18,925	509,5	
00:01:18,962	509,5	
00:01:18,999	509,5	
00:01:19,036	509,5	
00:01:19,073	509,5	
00:01:19,111	509,5	
00:01:19,148	509,5	
00:01:19,185	509,5	
00:01:19,222	509,5	
00:01:19,259	509,5	
00:01:19,296	509,5	
00:01:19,333	509,5	
00:01:19,370	509,5	
00:01:19,407	509,5	
00:01:19,444	509,5	
00:01:19,481	509,5	
00:01:19,518	509,5	
00:01:19,555	509,5	
00:01:19,592	509,5	
00:01:19,629	509,5	
00:01:19,666	509,5	
00:01:19,703	509,5	
00:01:19,740	509,5	
00:01:19,777	509,5	
00:01:19,814	509,5	
00:01:19,851	509,5	
00:01:19,888	509,5	
00:01:19,925	509,5	
00:01:19,962	509,5	
00:01:19,999	509,5	
00:01:20,036	509,5	
00:01:20,073	509,5	
00:01:20,111	509,5	
00:01:20,148	509,5	
00:01:20,185	509,5	
00:01:20,222	509,5	
00:01:20,259	509,5	
00:01:20,296	509,5	
00:01:20,333	509,5	
00:01:20,370	509,5	
00:01:20,407	509,5	
00:01:20,444	509,5	
00:01:20,481	509,5	
00:01:20,518	509,5	
00:01:20,555	509,5	
00:01:20,592	509,5	
00:01:20,629	509,5	
00:01:20,666	509,5	
00:01:20,703	509,5	
00:01:20,740	509,5	
00:01:20,777	509,5	
00:01:20,814	509,5	
00:01:20,851	509,5	
00:01:20,888	509,5	
00:01:20,925	509,5	
00:01:20,962	509,5	
00:01:20,999	509,5	
00:01:21,036	509,5	
00:01:21,073	509,5	
00:01:21,111	509,5	
00:01:21,148	509,5	
00:01:21,185	509,5	
00:01:21,222	509,5	
00:01:21,259	509,5	
00:01:21,296	509,5	
00:01:21,333	509,5	
00:01:21,370	509,5	
00:01:21,407	509,5	
00:01:21,444	509,5	
00:01:21,481	509,5	
00:01:21,518	509,5	
00:01:21,555	509,5	
00:01:21,592	509,5	
00:01:21,629	509,5	
00:01:21,666	509,5	
00:01:21,703	509,5	
00:01:21,740	509,5	
00:01:21,777	509,5	
00:01:21,814	509,5	
00:01:21,851	509,5	
00:01:21,888	509,5	
00:01:21,925	509,5	
00:01:21,962	509,5	
00:01:21,999	509,5	
00:01:22,036	509,5	
00:01:22,073	509,5	
00:01:22,111	509,5	
00:01:22,148	509,5	
00:01:22,185	509,5	
00:01:22,222	509,5	
00:01:22,259	509,5	
00:01:22,296	509,5	
00:01:22,333	509,5	
00:01:22,370	509,5	
00:01:22,407	509,5	
00:01:22,444	509,5	
00:01:22,481	509,5	
00:01:22,518	509,5	
00:01:22,555	509,5	
00:01:22,592	509,5	
00:01:22,629	509,5	
00:01:22,666	509,5	
00:01:22,703	509,5	
00:01:22,740	509,5	
00:01:22,777	509,5	
00:01:22,814	509,5	
00:01:22,851	509,5	
00:01:22,888	509,5	
00:01:22,925	509,5	
00:01:22,962	509,5	
00:01:22,999	509,5	
00:01:23,036	509,5	
00:01:23,073	509,5	
00:01:23,111	509,5	
00:01:23,148	509,5	
00:01:23,185	509,5	
00:01:23,222	509,5	
00:01:23,259	509,5	
00:01:23,296	509,5	
00:01:23,333	509,5	
00:01:23,370	509,5	
00:01:23,407	509,5	
00:01:23,444	509,5	
00:01:23,481	509,5	
00:01:23,518	509,5	
00:01:23,555	509,5	
00:01:23,592	509,5	
00:01:23,629	509,5	
00:01:23,666	509,5	
00:01:23,703	509,5	
00:01:23,740	509,5	
00:01:23,777	509,5	
00:01:23,814	509,5	
00:01:23,851	509,5	
00:01:23,888	509,5	
00:01:23,925	509,5	
00:01:23,962	509,5	
00:01:23,999	509,5	
00:01:24,036	509,5	
00:01:24,073	509,5	
00:01:24,111	509,5	
00:01:24,148	509,5	
00:01:24,185	509,5	
00:01:24,222	509,5	
00:01:24,259	509,5	
00:01:24,296	509,5	
00:01:24,333	509,5	
00:01:24,370	509,5	
00:01:24,407	509,5	
00:01:24,444	509,5	
00:01:24,481	509,5	
00:01:24,518	509,5	
00:01:24,555	509,5	
00:01:24,592	509,5	
00:01:24,629	509,5	
00:01:24,666	509,5	
00:01:24,703	509,5	
00:01:24,740	509,5	
00:01:24,777	509,5	
00:01:24,814	509,5	
00:01:24,851	509,5	
00:01:24,888	509,5	
00:01:24,925	509,5	
00:01:24,962	509,5	
00:01:24,999	509,5	
00:01:25,036	509,5	
00:01:25,073	509,5	
00:01:25,111	509,5	
00:01:25,148	509,5	
00:01:25,185	509,5	
00:01:25,222	509,5	
00:01:25,259	509,5	
00:01:25,296	509,5	
00:01:25,333	509,5	
00:01:25,370	509,5	
00:01:25,407	509,5	
00:01:25,444	509,5	
00:01:25,481	509,5	
00:01:25,518	509,5	
00:01:25,555	509,5	
00:01:25,592	509,5	
00:01:25,629	509,5	
00:01:25,666	509,5	
00:01:25,703	509,5	
00:01:25,740	509,5	
00:01:25,777	509,5	
00:01:25,814	509,5	
00:01:25,851	509,5	
00:01:25,888	509,4	
00:01:25,925	509,4	
00:01:25,962	509,4	
00:01:25,999	509,4	
00:01:26,036	509,4	
00:01:26,073	509,4	
00:01:26,111	509,4	
00:01:26,148	509,4	
00:01:26,185	509,4	
00:01:26,222	509,4	
00:01:26,259	509,4	
00:01:26,296	509,4	
00:01:26,333	509,4	
00:01:26,370	509,4	
00:01:26,407	509,4	
00:01:26,444	509,4	
00:01:26,481	509,4	
00:01:26,518	509,4	
00:01:26,555	509,4	
00:01:26,592	509,4	
00:01:26,629	509,4	
00:01:26,666	509,4	
00:01:26,703	509,4	
00:01:26,740	509,4	
00:01:26,777	509,4	
00:01:26,814	509,4	
00:01:26,851	509,4	
00:01:26,888	509,4	
00:01:26,925	509,4	
00:01:26,962	509,4	
00:01:26,999	509,4	
00:01:27,036	509,4	
00:01:27,073	509,4	
00:01:27,111	509,4	
00:01:27,148	509,4	
00:01:27,185	509,4	
00:01:27,222	509,4	
00:01:27,259	509,4	
00:01:27,296	509,4	
00:01:27,333	509,4	
00:01:27,370	509,4	
00:01:27,407	509,4	
00:01:27,444	509,4	
00:01:27,481	509,4	
00:01:27,518	509,4	
00:01:27,555	509,4	
00:01:27,592	509,4	
00:01:27,629	509,4	
00:01:27,666	509,4	
00:01:27,703	509,4	
00:01:27,740	509,4	
00:01:27,777	509,4	
00:01:27,814	509,4	
00:01:27,851	509,4	
00:01:27,888	509,4	
00:01:27,925	509,4	
00:01:27,962	509,4	
00:01:27,999	509,4	
00:01:28,036	509,4	
00:01:28,073	509,4	
00:01:28,111	509,4	
00:01:28,148	509,4	
00:01:28,185	509,4	
00:01:28,222	509,4	
00:01:28,259	509,4	
00:01:28,296	509,4	
00:01:28,333	509,4	
00:01:28,370	509,4	
00:01:28,407	509,4	
00:01:28,444	509,4	
00:01:28,481	509,4	
00:01:28,518	509,4	
00:01:28,555	509,4	
00:01:28,592	509,4	
00:01:28,629	509,4	
00:01:28,666	509,4	
00:01:28,703	509,4	
00:01:28,740	509,4	
00:01:28,777	509,4	
00:01:28,814	509,4	
00:01:28,851	509,4	
00:01:28,888	509,4	
00:01:28,925	509,4	
00:01:28,962	509,4	
00:01:28,999	509,4	
00:01:29,036	509,4	
00:01:29,073	509,4	
00:01:29,111	509,4	
00:01:29,148	509,4	
00:01:29,185	509,4	
00:01:29,222	509,4	
00:01:29,259	509,4	
00:01:29,296	509,4	
00:01:29,333	509,4	
00:01:29,370	509,4	
00:01:29,407	509,4	
00:01:29,444	509,4	
00:01:29,481	509,4	
00:01:29,518	509,4	
00:01:29,555	509,4	
00:01:29,592	509,4	
00:01:29,629	509,4	
00:01:29,666	509,4	
00:01:29,703	509,4	
00:01:29,740	509,4	
00:01:29,777	509,4	
00:01:29,814	509,4	
00:01:29,851	509,4	
00:01:29,888	509,4	
00:01:29,925	509,4	
00:01:29,962	509,4	
00:01:29,999	509,4	
00:01:30,036	509,4	
00:01:30,073	509,4	
00:01:30,111	509,4	
00:01:30,148	509,4	
00:01:30,185	509,4	
00:01:30,222	509,4	
00:01:30,259	509,4	
00:01:30,296	509,4	
00:01:30,333	509,4	
00:01:30,370	509,4	
00:01:30,407	509,4	
00:01:30,444	509,4	
00:01:30,481	509,4	
00:01:30,518	509,4	
00:01:30,555	509,4	
00:01:30,592	509,4	
00:01:30,629	509,4	
00:01:30,666	509,4	
00:01:30,703	509,4	
00:01:30,740	509,4	
00:01:30,777	509,4	
00:01:30,814	509,4	
00:01:30,851	509,4	
00:01:30,888	509,4	
00:01:30,925	509,4	
00:01:30,962	509,4	
00:01:30,999	509,4	
00:01:31,036	509,4	
00:01:31,073	509,4	
00:01:31,111	509,4	
00:01:31,148	509,4	
00:01:31,185	509,4	
00:01:31,222	509,4	
00:01:31,259	509,4	
00:01:31,296	509,4	
00:01:31,333	509,4	
00:01:31,370	509,4	
00:01:31,407	509,4	
00:01:31,444	509,4	
00:01:31,481	509,4	
00:01:31,518	509,4	
00:01:31,555	509,4	
00:01:31,592	509,4	
00:01:31,629	509,4	
00:01:31,666	509,4	
00:01:31,703	509,4	
00:01:31,740	509,4	
00:01:31,777	509,4	
00:01:31,814	509,4	
00:01:31,851	509,4	
00:01:31,888	509,4	
00:01:31,925	509,4	
00:01:31,962	509,4	
00:01:31,999	509,4	
00:01:32,036	509,4	
00:01:32,073	509,4	
00:01:32,111	509,4	
00:01:32,148	509,4	
00:01:32,185	509,4	
00:01:32,222	509,4	
00:01:32,259	509,4	
00:01:32,296	509,4	
00:01:32,333	509,4	
00:01:32,370	509,4	
00:01:32,407	509,4	
00:01:32,444	509,4	
00:01:32,481	509,4	
00:01:32,518	509,4	
00:01:32,555	509,4	
00:01:32,592	509,4	
00:01:32,629	509,4	
00:01:32,666	509,4	
00:01:32,703	509,4	
00:01:32,740	509,4	
00:01:32,777	509,4	
00:01:32,814	509,4	
00:01:32,851	509,4	
00:01:32,888	509,4	
00:01:32,925	509,4	
00:01:32,962	509,4	
00:01:32,999	509,4	
00:01:33,036	509,4	
00:01:33,073	509,4	
00:01:33,111	509,4	
00:01:33,148	509,4	
00:01:33,185	509,4	
00:01:33,222	509,4	
00:01:33,259	509,4	
00:01:33,296	509,4	
00:01:33,333	509,4	
00:01:33,370	509,4	
00:01:33,407	509,4	
00:01:33,444	509,4	
00:01:33,481	509,4	
00:01:33,518	509,4	
00:01:33,555	509,4	
00:01:33,592	509,4	
00:01:33,629	509,4	
00:01:33,666	509,4	
00:01:33,703	509,4	
00:01:33,740	509,4	
00:01:33,777	509,4	
00:01:33,814	509,4	
00:01:33,851	509,4	
00:01:33,888	509,4	
00:01:33,925	509,4	
00:01:33,962	509,4	
00:01:33,999	509,4	
00:01:34,036	509,4	
00:01:34,073	509,4	
00:01:34,111	509,4	
00:01:34,148	509,4	
00:01:34,185	509,4	
00:01:34,222	509,4	
00:01:34,259	509,4	
00:01:34,296	509,4	
00:01:34,333	509,4	
00:01:34,370	509,4	
00:01:34,407	509,4	
00:01:34,444	509,4	
00:01:34,481	509,4	
00:01:34,518	509,4	
00:01:34,555	509,4	
00:01:34,592	509,4	
00:01:34,629	509,4	
00:01:34,666	509,4	
00:01:34,703	509,4	
00:01:34,740	509,4	
00:01:34,777	509,4	
00:01:34,814	509,4	
00:01:34,851	509,4	
00:01:34,888	509,4	
00:01:34,925	509,4	
00:01:34,962	509,4	
00:01:34,999	509,4	
00:01:35,036	509,4	
00:01:35,073	509,4	
00:01:35,111	509,4	
00:01:35,148	509,4	
00:01:35,185	509,4	
00:01:35,222	509,4	
00:01:35,259	509,4	
00:01:35,296	509,4	
00:01:35,333	509,3	
00:01:35,370	509,3	
00:01:35,407	509,3	
00:01:35,444	509,3	
00:01:35,481	509,3	
00:01:35,518	509,3	
00:01:35,555	509,3	
00:01:35,592	509,3	
00:01:35,629	509,3	
00:01:35,666	509,3	
00:01:35,703	509,3	
00:01:35,740	509,3	
00:01:35,777	509,3	
00:01:35,814	509,3	
00:01:35,851	509,3	
00:01:35,888	509,3	
00:01:35,925	509,3	
00:01:35,962	509,3	
00:01:35,999	509,3	
00:01:36,036	509,3	
00:01:36,073	509,3	
00:01:36,111	509,3	
00:01:36,148	509,3	
00:01:36,185	509,3	
00:01:36,222	509,3	
00:01:36,259	509,3	
00:01:36,296	509,3	
00:01:36,333	509,3	
00:01:36,370	509,3	
00:01:36,407	509,3	
00:01:36,444	509,3	
00:01:36,481	509,3	
00:01:36,518	509,3	
00:01:36,555	509,3	
00:01:36,592	509,3	
00:01:36,629	509,3	
00:01:36,666	509,3	
00:01:36,703	509,3	
00:01:36,740	509,3	
00:01:36,777	509,3	
00:01:36,814	509,3	
00:01:36,851	509,3	
00:01:36,888	509,3	
00:01:36,925	509,3	
00:01:36,962	509,3	
00:01:36,999	509,3	
00:01:37,036	509,3	
00:01:37,073	509,3	
00:01:37,111	509,3	
00:01:37,148	509,3	
00:01:37,185	509,3	
00:01:37,222	509,3	
00:01:37,259	509,3	
00:01:37,296	509,3	
00:01:37,333	509,3	
00:01:37,370	509,3	
00:01:37,407	509,3	
00:01:37,444	509,3	
00:01:37,481	509,3	
00:01:37,518	509,3	
00:01:37,555	509,3	
00:01:37,592	509,3	
00:01:37,629	509,3	
00:01:37,666	509,3	
00:01:37,703	509,3	
00:01:37,740	509,3	
00:01:37,777	509,3	
00:01:37,814	509,3	
00:01:37,851	509,3	
00:01:37,888	509,3	
00:01:37,925	509,3	
00:01:37,962	509,3	
00:01:37,999	509,3	
00:01:38,036	509,3	
00:01:38,073	509,3	
00:01:38,111	509,3	
00:01:38,148	509,3	
00:01:38,185	509,3	
00:01:38,222	509,3	
00:01:38,259	509,3	
00:01:38,296	509,3	
00:01:38,333	509,3	
00:01:38,370	509,3	
00:01:38,407	509,3	
00:01:38,444	509,3	
00:01:38,481	509,3	
00:01:38,518	509,3	
00:01:38,555	509,3	
00:01:38,592	509,3	
00:01:38,629	509,3	
00:01:38,666	509,3	
00:01:38,703	509,3	
00:01:38,740	509,3	
00:01:38,777	509,3	
00:01:38,814	509,3	
00:01:38,851	509,3	
00:01:38,888	509,3	
00:01:38,925	509,3	
00:01:38,962	509,3	
00:01:38,999	509,3	
00:01:39,036	509,3	
00:01:39,073	509,3	
00:01:39,111	509,3	
00:01:39,148	509,3	
00:01:39,185	509,3	
00:01:39,222	509,3	
00:01:39,259	509,3	
00:01:39,296	509,3	
00:01:39,333	509,3	
00:01:39,370	509,3	
00:01:39,407	509,3	
00:01:39,444	509,3	
00:01:39,481	509,3	
00:01:39,518	509,3	
00:01:39,555	509,3	
00:01:39,592	509,3	
00:01:39,629	509,3	
00:01:39,666	509,3	
00:01:39,703	509,3	
00:01:39,740	509,3	
00:01:39,777	509,3	
00:01:39,814	509,3	
00:01:39,851	509,3	
00:01:39,888	509,3	
00:01:39,925	509,3	
00:01:39,962	509,3	
00:01:39,999	509,3	
00:01:40,036	509,3	
00:01:40,073	509,3	
00:01:40,111	509,3	
00:01:40,148	509,3	
00:01:40,185	509,3	
00:01:40,222	509,3	
00:01:40,259	509,3	
00:01:40,296	509,3	
00:01:40,333	509,3	
00:01:40,370	509,3	
00:01:40,407	509,3	
00:01:40,444	509,3	
00:01:40,481	509,3	
00:01:40,518	509,3	
00:01:40,555	509,3	
00:01:40,592	509,3	
00:01:40,629	509,3	
00:01:40,666	509,3	
00:01:40,703	509,3	
00:01:40,740	509,3	
00:01:40,777	509,3	
00:01:40,814	509,3	
00:01:40,851	509,3	
00:01:40,888	509,3	
00:01:40,925	509,3	
00:01:40,962	509,3	
00:01:40,999	509,3	
00:01:41,036	509,3	
00:01:41,073	509,3	
00:01:41,111	509,3	
00:01:41,148	509,3	
00:01:41,185	509,3	
00:01:41,222	509,3	
00:01:41,259	509,3	
00:01:41,296	509,3	
00:01:41,333	509,3	
00:01:41,370	509,3	
00:01:41,407	509,3	
00:01:41,444	509,3	
00:01:41,481	509,3	
00:01:41,518	509,3	
00:01:41,555	509,3	
00:01:41,592	509,3	
00:01:41,629	509,3	
00:01:41,666	509,3	
00:01:41,703	509,3	
00:01:41,740	509,3	
00:01:41,777	509,3	
00:01:41,814	509,3	
00:01:41,851	509,3	
00:01:41,888	509,3	
00:01:41,925	509,3	
00:01:41,962	509,3	
00:01:41,999	509,3	
00:01:42,036	509,3	
00:01:42,073	509,3	
00:01:42,111	509,3	
00:01:42,148	509,3	
00:01:42,185	509,3	
00:01:42,222	509,3	
00:01:42,259	509,3	
00:01:42,296	509,3	
00:01:42,333	509,3	
00:01:42,370	509,3	
00:01:42,407	509,3	
00:01:42,444	509,3	
00:01:42,481	509,3	
00:01:42,518	509,3	
00:01:42,555	509,3	
00:01:42,592	509,3	
00:01:42,629	509,3	
00:01:42,666	509,3	
00:01:42,703	509,3	
00:01:42,740	509,3	
00:01:42,777	509,3	
00:01:42,814	509,3	
00:01:42,851	509,3	
00:01:42,888	509,3	
00:01:42,925	509,3	
00:01:42,962	509,3	
00:01:42,999	509,3	
00:01:43,036	509,3	
00:01:43,073	509,3	
00:01:43,111	509,3	
00:01:43,148	509,3	
00:01:43,185	509,3	
00:01:43,222	509,3	
00:01:43,259	509,3	
00:01:43,296	509,3	
00:01:43,333	509,3	
00:01:43,370	509,3	
00:01:43,407	509,3	
00:01:43,444	509,3	
00:01:43,481	509,3	
00:01:43,518	509,3	
00:01:43,555	509,3	
00:01:43,592	509,3	
00:01:43,629	509,3	
00:01:43,666	509,3	
00:01:43,703	509,3	
00:01:43,740	509,3	
00:01:43,777	509,3	
00:01:43,814	509,3	
00:01:43,851	509,3	
00:01:43,888	509,3	
00:01:43,925	509,3	
00:01:43,962	509,3	
00:01:43,999	509,3	
00:01:44,036	509,3	
00:01:44,073	509,3	
00:01:44,111	509,3	
00:01:44,148	509,3	
00:01:44,185	509,3	
00:01:44,222	509,3	
00:01:44,259	509,3	
00:01:44,296	509,3	
00:01:44,333	509,3	
00:01:44,370	509,3	
00:01:44,407	509,3	
00:01:44,444	509,3	
00:01:44,481	509,3	
00:01:44,518	509,3	
00:01:44,555	509,3	
00:01:44,592	509,3	
00:01:44,629	509,3	
00:01:44,666	509,3	
00:01:44,703	509,3	
00:01:44,740	509,3	
00:01:44,777	509,3	
00:01:44,814	509,3	
00:01:44,851	509,3	
00:01:44,888	509,3	
00:01:44,925	509,3	
00:01:44,962	509,3	
00:01:44,999	509,3	
00:01:45,036	509,3	
00:01:45,073	509,3	
00:01:45,111	509,3	
00:01:45,148	509,3	
00:01:45,185	509,3	
00:01:45,222	509,3	
00:01:45,259	509,3	
00:01:45,296	509,3	
00:01:45,333	509,3	
00:01:45,370	509,3	
00:01:45,407	509,3	
00:01:45,444	509,3	
00:01:45,481	509,3	
00:01:45,518	509,3	
00:01:45,555	509,3	
00:01:45,592	509,3	
00:01:45,629	509,3	
00:01:45,666	509,3	
00:01:45,703	509,3	
00:01:45,740	509,3	
00:01:45,777	509,3	
00:01:45,814	509,2	
00:01:45,851	509,2	
00:01:45,888	509,2	
00:01:45,925	509,2	
00:01:45,962	509,2	
00:01:45,999	509,2	
00:01:46,036	509,2	
00:01:46,073	509,2	
00:01:46,111	509,2	
00:01:46,148	509,2	
00:01:46,185	509,2	
00:01:46,222	509,2	
00:01:46,259	509,2	
00:01:46,296	509,2	
00:01:46,333	509,2	
00:01:46,370	509,2	
00:01:46,407	509,2	
00:01:46,444	509,2	
00:01:46,481	509,2	
00:01:46,518	509,2	
00:01:46,555	509,2	
00:01:46,592	509,2	
00:01:46,629	509,2	
00:01:46,666	509,2	
00:01:46,703	509,2	
00:01:46,740	509,2	
00:01:46,777	509,2	
00:01:46,814	509,2	
00:01:46,851	509,2	
00:01:46,888	509,2	
00:01:46,925	509,2	
00:01:46,962	509,2	
00:01:46,999	509,2	
00:01:47,036	509,2	
00:01:47,073	509,2	
00:01:47,111	509,2	
00:01:47,148	509,2	
00:01:47,185	509,2	
00:01:47,222	509,2	
00:01:47,259	509,2	
00:01:47,296	509,2	
00:01:47,333	509,2	
00:01:47,370	509,2	
00:01:47,407	509,2	
00:01:47,444	509,2	
00:01:47,481	509,2	
00:01:47,518	509,2	
00:01:47,555	509,2	
00:01:47,592	509,2	
00:01:47,629	509,2	
00:01:47,666	509,2	
00:01:47,703	509,2	
00:01:47,740	509,2	
00:01:47,777	509,2	
00:01:47,814	509,2	
00:01:47,851	509,2	
00:01:47,888	509,2	
00:01:47,925	509,2	
00:01:47,962	509,2	
00:01:47,999	509,2	
00:01:48,036	509,2	
00:01:48,073	509,2	
00:01:48,111	509,2	
00:01:48,148	509,2	
00:01:48,185	509,2	
00:01:48,222	509,2	
00:01:48,259	509,2	
00:01:48,296	509,2	
00:01:48,333	509,2	
00:01:48,370	509,2	
00:01:48,407	509,2	
00:01:48,444	509,2	
00:01:48,481	509,2	
00:01:48,518	509,2	
00:01:48,555	509,2	
00:01:48,592	509,2	
00:01:48,629	509,2	
00:01:48,666	509,2	
00:01:48,703	509,2	
00:01:48,740	509,2	
00:01:48,777	509,2	
00:01:48,814	509,2	
00:01:48,851	509,2	
00:01:48,888	509,2	
00:01:48,925	509,2	
00:01:48,962	509,2	
00:01:48,999	509,2	
00:01:49,036	509,2	
00:01:49,073	509,2	
00:01:49,111	509,2	
00:01:49,148	509,2	
00:01:49,185	509,2	
00:01:49,222	509,2	
00:01:49,259	509,2	
00:01:49,296	509,2	
00:01:49,333	509,2	
00:01:49,370	509,2	
00:01:49,407	509,2	
00:01:49,444	509,2	
00:01:49,481	509,2	
00:01:49,518	509,2	
00:01:49,555	509,2	
00:01:49,592	509,2	
00:01:49,629	509,2	
00:01:49,666	509,2	
00:01:49,703	509,2	
00:01:49,740	509,2	
00:01:49,777	509,2	
00:01:49,814	509,2	
00:01:49,851	509,2	
00:01:49,888	509,2	
00:01:49,925	509,2	
00:01:49,962	509,2	
00:01:49,999	509,2	
00:01:50,036	509,2	
00:01:50,073	509,2	
00:01:50,111	509,2	
00:01:50,148	509,2	
00:01:50,185	509,2	
00:01:50,222	509,2	
00:01:50,259	509,2	
00:01:50,296	509,2	
00:01:50,333	509,2	
00:01:50,370	509,2	
00:01:50,407	509,2	
00:01:50,444	509,2	
00:01:50,481	509,2	
00:01:50,518	509,2	
00:01:50,555	509,2	
00:01:50,592	509,2	
00:01:50,629	509,2	
00:01:50,666	509,2	
00:01:50,703	509,2	
00:01:50,740	509,2	
00:01:50,777	509,2	
00:01:50,814	509,2	
00:01:50,851	509,2	
00:01:50,888	509,2	
00:01:50,925	509,2	
00:01:50,962	509,2	
00:01:50,999	509,2	
00:01:51,036	509,2	
00:01:51,073	509,2	
00:01:51,111	509,2	
00:01:51,148	509,2	
00:01:51,185	509,2	
00:01:51,222	509,2	
00:01:51,259	509,2	
00:01:51,296	509,2	
00:01:51,333	509,2	
00:01:51,370	509,2	
00:01:51,407	509,2	
00:01:51,444	509,2	
00:01:51,481	509,2	
00:01:51,518	509,2	
00:01:51,555	509,2	
00:01:51,592	509,2	
00:01:51,629	509,2	
00:01:51,666	509,2	
00:01:51,703	509,2	
00:01:51,740	509,2	
00:01:51,777	509,2	
00:01:51,814	509,2	
00:01:51,851	509,2	
00:01:51,888	509,2	
00:01:51,925	509,2	
00:01:51,962	509,2	
00:01:51,999	509,2	
00:01:52,036	509,2	
00:01:52,073	509,2	
00:01:52,110	509,2	
00:01:52,148	509,2	
00:01:52,185	509,2	
00:01:52,222	509,2	
00:01:52,259	509,2	
00:01:52,296	509,2	
00:01:52,333	509,2	
00:01:52,370	509,2	
00:01:52,407	509,2	
00:01:52,444	509,2	
00:01:52,481	509,2	
00:01:52,518	509,2	
00:01:52,555	509,2	
00:01:52,592	509,2	
00:01:52,629	509,2	
00:01:52,666	509,2	
00:01:52,703	509,2	
00:01:52,740	509,2	
00:01:52,777	509,2	
00:01:52,814	509,2	
00:01:52,851	509,2	
00:01:52,888	509,2	
00:01:52,925	509,2	
00:01:52,962	509,2	
00:01:52,999	509,2	
00:01:53,036	509,2	
00:01:53,073	509,2	
00:01:53,110	509,2	
00:01:53,148	509,2	
00:01:53,185	509,2	
00:01:53,222	509,2	
00:01:53,259	509,2	
00:01:53,296	509,2	
00:01:53,333	509,2	
00:01:53,370	509,2	
00:01:53,407	509,2	
00:01:53,444	509,2	
00:01:53,481	509,2	
00:01:53,518	509,2	
00:01:53,555	509,2	
00:01:53,592	509,2	
00:01:53,629	509,2	
00:01:53,666	509,2	
00:01:53,703	509,2	
00:01:53,740	509,2	
00:01:53,777	509,2	
00:01:53,814	509,2	
00:01:53,851	509,2	
00:01:53,888	509,2	
00:01:53,925	509,2	
00:01:53,962	509,2	
00:01:53,999	509,2	
00:01:54,036	509,2	
00:01:54,073	509,2	
00:01:54,110	509,2	
00:01:54,148	509,2	
00:01:54,185	509,2	
00:01:54,222	509,2	
00:01:54,259	509,2	
00:01:54,296	509,2	
00:01:54,333	509,2	
00:01:54,370	509,2	
00:01:54,407	509,2	
00:01:54,444	509,2	
00:01:54,481	509,2	
00:01:54,518	509,2	
00:01:54,555	509,2	
00:01:54,592	509,2	
00:01:54,629	509,2	
00:01:54,666	509,2	
00:01:54,703	509,2	
00:01:54,740	509,2	
00:01:54,777	509,2	
00:01:54,814	509,2	
00:01:54,851	509,2	
00:01:54,888	509,2	
00:01:54,925	509,2	
00:01:54,962	509,2	
00:01:54,999	509,2	
00:01:55,036	509,2	
00:01:55,073	509,2	
00:01:55,110	509,2	
00:01:55,148	509,2	
00:01:55,185	509,2	
00:01:55,222	509,2	
00:01:55,259	509,2	
00:01:55,296	509,2	
00:01:55,333	509,2	
00:01:55,370	509,2	
00:01:55,407	509,2	
00:01:55,444	509,2	
00:01:55,481	509,2	
00:01:55,518	509,2	
00:01:55,555	509,2	
00:01:55,592	509,2	
00:01:55,629	509,2	
00:01:55,666	509,2	
00:01:55,703	509,2	
00:01:55,740	509,2	
00:01:55,777	509,2	
00:01:55,814	509,2	
00:01:55,851	509,2	
00:01:55,888	509,2	
00:01:55,925	509,2	
00:01:55,962	509,2	
00:01:55,999	509,2	
00:01:56,036	509,2	
00:01:56,073	509,2	
00:01:56,110	509,2	
00:01:56,148	509,2	
00:01:56,185	509,2	
00:01:56,222	509,2	
00:01:56,259	509,2	
00:01:56,296	509,2	
00:01:56,333	509,2	
00:01:56,370	509,2	
00:01:56,407	509,2	
00:01:56,444	509,2	
00:01:56,481	509,2	
00:01:56,518	509,2	
00:01:56,555	509,2	
00:01:56,592	509,2	
00:01:56,629	509,2	
00:01:56,666	509,2	
00:01:56,703	509,2	
00:01:56,740	509,2	
00:01:56,777	509,2	
00:01:56,814	509,2	
00:01:56,851	509,2	
00:01:56,888	509,2	
00:01:56,925	509,2	
00:01:56,962	509,2	
00:01:56,999	509,2	
00:01:57,036	509,2	
00:01:57,073	509,2	
00:01:57,110	509,2	
00:01:57,148	509,2	
00:01:57,185	509,2	
00:01:57,222	509,2	
00:01:57,259	509,2	
00:01:57,296	509,2	
00:01:57,333	509,2	
00:01:57,370	509,2	
00:01:57,407	509,2	
00:01:57,444	509,2	
00:01:57,481	509,2	
00:01:57,518	509,2	
00:01:57,555	509,2	
00:01:57,592	509,2	
00:01:57,629	509,2	
00:01:57,666	509,2	
00:01:57,703	509,2	
00:01:57,740	509,2	
00:01:57,777	509,2	
00:01:57,814	509,2	
00:01:57,851	509,2	
00:01:57,888	509,2	
00:01:57,925	509,2	
00:01:57,962	509,2	
00:01:57,999	509,2	
00:01:58,036	509,2	
00:01:58,073	509,2	
00:01:58,110	509,2	
00:01:58,148	509,2	
00:01:58,185	509,2	
00:01:58,222	509,2	
00:01:58,259	509,2	
00:01:58,296	509,2	
00:01:58,333	509,2	
00:01:58,370	509,2	
00:01:58,407	509,2	
00:01:58,444	509,2	
00:01:58,481	509,2	
00:01:58,518	509,2	
00:01:58,555	509,2	
00:01:58,592	509,2	
00:01:58,629	509,2	
00:01:58,666	509,2	
00:01:58,703	509,2	
00:01:58,740	509,2	
00:01:58,777	509,2	
00:01:58,814	509,2	
00:01:58,851	509,2	
00:01:58,888	509,2	
00:01:58,925	509,2	
00:01:58,962	509,2	
00:01:58,999	509,2	
00:01:59,036	509,2	
00:01:59,073	509,2	
00:01:59,110	509,2	
00:01:59,148	509,2	
00:01:59,185	509,2	
00:01:59,222	509,2	
00:01:59,259	509,2	
00:01:59,296	509,2	
00:01:59,333	509,2	
00:01:59,370	509,2	
00:01:59,407	509,2	
00:01:59,444	509,2	
00:01:59,481	509,2	
00:01:59,518	509,2	
00:01:59,555	509,2	
00:01:59,592	509,2	
00:01:59,629	509,2	
00:01:59,666	509,2	
00:01:59,703	509,2	
00:01:59,740	509,2	
00:01:59,777	509,2	
00:01:59,814	509,2	
00:01:59,851	509,2	
00:01:59,888	509,2	
00:01:59,925	509,2	
00:01:59,962	509,2	
00:01:59,999	509,2	
00:02:00,036	509,2	
00:02:00,073	509,2	
00:02:00,110	509,2	
00:02:00,148	509,2	
00:02:00,185	509,2	
00:02:00,222	509,2	
00:02:00,259	509,2	
00:02:00,296	509,2	
00:02:00,333	509,2	
00:02:00,370	509,2	
00:02:00,407	509,2	
00:02:00,444	509,2	
00:02:00,481	509,2	
00:02:00,518	509,2	
00:02:00,555	509,2	
00:02:00,592	509,2	
00:02:00,629	509,2	
00:02:00,666	509,2	
00:02:00,703	509,2	
00:02:00,740	509,2	
00:02:00,777	509,2	
00:02:00,814	509,2	
00:02:00,851	509,2	
00:02:00,888	509,2	
00:02:00,925	509,2	
00:02:00,962	509,2	
00:02:00,999	509,2	
00:02:01,036	509,2	
00:02:01,073	509,2	
00:02:01,110	509,2	
00:02:01,148	509,2	
00:02:01,185	509,2	
00:02:01,222	509,2	
00:02:01,259	509,2	
00:02:01,296	509,2	
00:02:01,333	509,2	
00:02:01,370	509,2	
00:02:01,407	509,2	
00:02:01,444	509,2	
00:02:01,481	509,2	
00:02:01,518	509,2	
00:02:01,555	509,2	
00:02:01,592	509,2	
00:02:01,629	509,2	
00:02:01,666	509,2	
00:02:01,703	509,2	
00:02:01,740	509,2	
00:02:01,777	509,2	
00:02:01,814	509,2	
00:02:01,851	509,2	
00:02:01,888	509,2	
00:02:01,925	509,2	
00:02:01,962	509,2	
00:02:01,999	509,2	
00:02:02,036	509,2	
00:02:02,073	509,2	
00:02:02,110	509,2	
00:02:02,148	509,2	
00:02:02,185	509,2	
00:02:02,222	509,2	
00:02:02,259	509,2	
00:02:02,296	509,2	
00:02:02,333	509,2	
00:02:02,370	509,2	
00:02:02,407	509,2	
00:02:02,444	509,2	
00:02:02,481	509,2	
00:02:02,518	509,2	
00:02:02,555	509,2	
00:02:02,592	509,2	
00:02:02,629	509,2	
00:02:02,666	509,2	
00:02:02,703	509,2	
00:02:02,740	509,2	
00:02:02,777	509,3	
00:02:02,814	509,3	
00:02:02,851	509,3	
00:02:02,888	509,3	
00:02:02,925	509,3	
00:02:02,962	509,3	
00:02:02,999	509,3	
00:02:03,036	509,3	
00:02:03,073	509,3	
00:02:03,110	509,3	
00:02:03,148	509,3	
00:02:03,185	509,3	
00:02:03,222	509,3	
00:02:03,259	509,3	
00:02:03,296	509,3	
00:02:03,333	509,3	
00:02:03,370	509,3	
00:02:03,407	509,3	
00:02:03,444	509,3	
00:02:03,481	509,3	
00:02:03,518	509,3	
00:02:03,555	509,3	
00:02:03,592	509,3	
00:02:03,629	509,3	
00:02:03,666	509,3	
00:02:03,703	509,3	
00:02:03,740	509,3	
00:02:03,777	509,3	
00:02:03,814	509,3	
00:02:03,851	509,3	
00:02:03,888	509,3	
00:02:03,925	509,3	
00:02:03,962	509,3	
00:02:03,999	509,3	
00:02:04,036	509,3	
00:02:04,073	509,3	
00:02:04,110	509,3	
00:02:04,148	509,3	
00:02:04,185	509,3	
00:02:04,222	509,3	
00:02:04,259	509,3	
00:02:04,296	509,3	
00:02:04,333	509,3	
00:02:04,370	509,3	
00:02:04,407	509,3	
00:02:04,444	509,3	
00:02:04,481	509,3	
00:02:04,518	509,3	
00:02:04,555	509,3	
00:02:04,592	509,3	
00:02:04,629	509,3	
00:02:04,666	509,3	
00:02:04,703	509,3	
00:02:04,740	509,3	
00:02:04,777	509,3	
00:02:04,814	509,3	
00:02:04,851	509,3	
00:02:04,888	509,3	
00:02:04,925	509,3	
00:02:04,962	509,3	
00:02:04,999	509,3	
00:02:05,036	509,3	
00:02:05,073	509,3	
00:02:05,110	509,3	
00:02:05,148	509,3	
00:02:05,185	509,3	
00:02:05,222	509,3	
00:02:05,259	509,3	
00:02:05,296	509,3	
00:02:05,333	509,3	
00:02:05,370	509,3	
00:02:05,407	509,3	
00:02:05,444	509,3	
00:02:05,481	509,3	
00:02:05,518	509,3	
00:02:05,555	509,3	
00:02:05,592	509,3	
00:02:05,629	509,3	
00:02:05,666	509,3	
00:02:05,703	509,3	
00:02:05,740	509,3	
00:02:05,777	509,3	
00:02:05,814	509,3	
00:02:05,851	509,3	
00:02:05,888	509,3	
00:02:05,925	509,3	
00:02:05,962	509,3	
00:02:05,999	509,3	
00:02:06,036	509,3	
00:02:06,073	509,3	
00:02:06,110	509,3	
00:02:06,148	509,3	
00:02:06,185	509,3	
00:02:06,222	509,3	
00:02:06,259	509,3	
00:02:06,296	509,3	
00:02:06,333	509,3	
00:02:06,370	509,3	
00:02:06,407	509,3	
00:02:06,444	509,3	
00:02:06,481	509,3	
00:02:06,518	509,3	
00:02:06,555	509,3	
00:02:06,592	509,3	
00:02:06,629	509,3	
00:02:06,666	509,3	
00:02:06,703	509,3	
00:02:06,740	509,3	
00:02:06,777	509,3	
00:02:06,814	509,3	
00:02:06,851	509,3	
00:02:06,888	509,3	
00:02:06,925	509,3	
00:02:06,962	509,3	
00:02:06,999	509,3	
00:02:07,036	509,3	
00:02:07,073	509,3	
00:02:07,110	509,3	
00:02:07,148	509,3	
00:02:07,185	509,3	
00:02:07,222	509,3	
00:02:07,259	509,3	
00:02:07,296	509,3	
00:02:07,333	509,3	
00:02:07,370	509,3	
00:02:07,407	509,3	
00:02:07,444	509,3	
00:02:07,481	509,3	
00:02:07,518	509,3	
00:02:07,555	509,3	
00:02:07,592	509,3	
00:02:07,629	509,3	
00:02:07,666	509,3	
00:02:07,703	509,3	
00:02:07,740	509,3	
00:02:07,777	509,3	
00:02:07,814	509,3	
00:02:07,851	509,3	
00:02:07,888	509,3	
00:02:07,925	509,3	
00:02:07,962	509,3	
00:02:07,999	509,3	
00:02:08,036	509,3	
00:02:08,073	509,3	
00:02:08,110	509,3	
00:02:08,148	509,3	
00:02:08,185	509,3	
00:02:08,222	509,3	
00:02:08,259	509,3	
00:02:08,296	509,3	
00:02:08,333	509,3	
00:02:08,370	509,3	
00:02:08,407	509,3	
00:02:08,444	509,3	
00:02:08,481	509,3	
00:02:08,518	509,3	
00:02:08,555	509,3	
00:02:08,592	509,3	
00:02:08,629	509,3	
00:02:08,666	509,3	
00:02:08,703	509,3	
00:02:08,740	509,3	
00:02:08,777	509,3	
00:02:08,814	509,3	
00:02:08,851	509,3	
00:02:08,888	509,3	
00:02:08,925	509,3	
00:02:08,962	509,3	
00:02:08,999	509,3	
00:02:09,036	509,3	
00:02:09,073	509,3	
00:02:09,110	509,3	
00:02:09,148	509,3	
00:02:09,185	509,3	
00:02:09,222	509,3	
00:02:09,259	509,3	
00:02:09,296	509,3	
00:02:09,333	509,3	
00:02:09,370	509,3	
00:02:09,407	509,3	
00:02:09,444	509,3	
00:02:09,481	509,3	
00:02:09,518	509,3	
00:02:09,555	509,3	
00:02:09,592	509,3	
00:02:09,629	509,3	
00:02:09,666	509,3	
00:02:09,703	509,3	
00:02:09,740	509,3	
00:02:09,777	509,3	
00:02:09,814	509,3	
00:02:09,851	509,3	
00:02:09,888	509,3	
00:02:09,925	509,3	
00:02:09,962	509,3	
00:02:09,999	509,3	
00:02:10,036	509,3	
00:02:10,073	509,3	
00:02:10,110	509,3	
00:02:10,148	509,3	
00:02:10,185	509,3	
00:02:10,222	509,3	
00:02:10,259	509,3	
00:02:10,296	509,3	
00:02:10,333	509,3	
00:02:10,370	509,3	
00:02:10,407	509,3	
00:02:10,444	509,3	
00:02:10,481	509,3	
00:02:10,518	509,3	
00:02:10,555	509,3	
00:02:10,592	509,3	
00:02:10,629	509,3	
00:02:10,666	509,3	
00:02:10,703	509,3	
00:02:10,740	509,3	
00:02:10,777	509,3	
00:02:10,814	509,3	
00:02:10,851	509,3	
00:02:10,888	509,3	
00:02:10,925	509,3	
00:02:10,962	509,3	
00:02:10,999	509,3	
00:02:11,036	509,3	
00:02:11,073	509,3	
00:02:11,110	509,3	
00:02:11,148	509,3	
00:02:11,185	509,3	
00:02:11,222	509,3	
00:02:11,259	509,3	
00:02:11,296	509,3	
00:02:11,333	509,3	
00:02:11,370	509,3	
00:02:11,407	509,3	
00:02:11,444	509,3	
00:02:11,481	509,3	
00:02:11,518	509,3	
00:02:11,555	509,3	
00:02:11,592	509,3	
00:02:11,629	509,3	
00:02:11,666	509,3	
00:02:11,703	509,3	
00:02:11,740	509,3	
00:02:11,777	509,3	
00:02:11,814	509,3	
00:02:11,851	509,3	
00:02:11,888	509,3	
00:02:11,925	509,3	
00:02:11,962	509,3	
00:02:11,999	509,3	
00:02:12,036	509,3	
00:02:12,073	509,3	
00:02:12,110	509,3	
00:02:12,148	509,3	
00:02:12,185	509,3	
00:02:12,222	509,3	
00:02:12,259	509,3	
00:02:12,296	509,3	
00:02:12,333	509,3	
00:02:12,370	509,3	
00:02:12,407	509,3	
00:02:12,444	509,3	
00:02:12,481	509,3	
00:02:12,518	509,3	
00:02:12,555	509,3	
00:02:12,592	509,3	
00:02:12,629	509,3	
00:02:12,666	509,3	
00:02:12,703	509,3	
00:02:12,740	509,3	
00:02:12,777	509,3	
00:02:12,814	509,3	
00:02:12,851	509,3	
00:02:12,888	509,3	
00:02:12,925	509,3	
00:02:12,962	509,3	
00:02:12,999	509,3	
00:02:13,036	509,3	
00:02:13,073	509,3	
00:02:13,110	509,3	
00:02:13,148	509,3	
00:02:13,185	509,3	
00:02:13,222	509,3	
00:02:13,259	509,3	
00:02:13,296	509,3	
00:02:13,333	509,3	
00:02:13,370	509,3	
00:02:13,407	509,3	
00:02:13,444	509,3	
00:02:13,481	509,3	
00:02:13,518	509,3	
00:02:13,555	509,3	
00:02:13,592	509,3	
00:02:13,629	509,3	
00:02:13,666	509,3	
00:02:13,703	509,3	
00:02:13,740	509,3	
00:02:13,777	509,3	
00:02:13,814	509,3	
00:02:13,851	509,3	
00:02:13,888	509,3	
00:02:13,925	509,3	
00:02:13,962	509,3	
00:02:13,999	509,3	
00:02:14,036	509,3	
00:02:14,073	509,3	
00:02:14,110	509,3	
00:02:14,148	509,3	
00:02:14,185	509,3	
00:02:14,222	509,3	
00:02:14,259	509,3	
00:02:14,296	509,3	
00:02:14,333	509,3	
00:02:14,370	509,3	
00:02:14,407	509,3	
00:02:14,444	509,3	
00:02:14,481	509,3	
00:02:14,518	509,3	
00:02:14,555	509,3	
00:02:14,592	509,3	
00:02:14,629	509,3	
00:02:14,666	509,3	
00:02:14,703	509,3	
00:02:14,740	509,2	
00:02:14,777	509,2	
00:02:14,814	509,2	
00:02:14,851	509,2	
00:02:14,888	509,2	
00:02:14,925	509,2	
00:02:14,962	509,2	
00:02:14,999	509,2	
00:02:15,036	509,2	
00:02:15,073	509,2	
00:02:15,110	509,2	
00:02:15,148	509,2	
00:02:15,185	509,2	
00:02:15,222	509,2	
00:02:15,259	509,2	
00:02:15,296	509,1	
00:02:15,333	509,1	
00:02:15,370	509,1	
00:02:15,407	509,1	
00:02:15,444	509,1	
00:02:15,481	509,1	
00:02:15,518	509,1	
00:02:15,555	509,1	
00:02:15,592	509,1	
00:02:15,629	509,1	
00:02:15,666	509,1	
00:02:15,703	509,1	
00:02:15,740	509,1	
00:02:15,777	509,0	
00:02:15,814	509,0	
00:02:15,851	509,0	
00:02:15,888	509,0	
00:02:15,925	509,0	
00:02:15,962	509,0	
00:02:15,999	509,0	
00:02:16,036	509,0	
00:02:16,073	509,0	
00:02:16,110	509,0	
00:02:16,148	509,0	
00:02:16,185	509,0	
00:02:16,222	509,0	
00:02:16,259	509,0	
00:02:16,296	508,9	
00:02:16,333	508,9	
00:02:16,370	508,9	
00:02:16,407	508,9	
00:02:16,444	508,9	
00:02:16,481	508,9	
00:02:16,518	508,9	
00:02:16,555	508,9	
00:02:16,592	508,9	
00:02:16,629	508,9	
00:02:16,666	508,9	
00:02:16,703	508,9	
00:02:16,740	508,9	
00:02:16,777	508,8	
00:02:16,814	508,8	
00:02:16,851	508,8	
00:02:16,888	508,8	
00:02:16,925	508,8	
00:02:16,962	508,8	
00:02:16,999	508,8	
00:02:17,036	508,8	
00:02:17,073	508,8	
00:02:17,110	508,8	
00:02:17,148	508,8	
00:02:17,185	508,8	
00:02:17,222	508,8	
00:02:17,259	508,8	
00:02:17,296	508,7	
00:02:17,333	508,7	
00:02:17,370	508,7	
00:02:17,407	508,7	
00:02:17,444	508,7	
00:02:17,481	508,7	
00:02:17,518	508,7	
00:02:17,555	508,7	
00:02:17,592	508,7	
00:02:17,629	508,7	
00:02:17,666	508,7	
00:02:17,703	508,7	
00:02:17,740	508,6	
00:02:17,777	508,6	
00:02:17,814	508,6	
00:02:17,851	508,6	
00:02:17,888	508,6	
00:02:17,925	508,6	
00:02:17,962	508,6	
00:02:17,999	508,6	
00:02:18,036	508,6	
00:02:18,073	508,6	
00:02:18,110	508,6	
00:02:18,148	508,6	
00:02:18,185	508,6	
00:02:18,222	508,6	
00:02:18,259	508,5	
00:02:18,296	508,5	
00:02:18,333	508,5	
00:02:18,370	508,5	
00:02:18,407	508,5	
00:02:18,444	508,5	
00:02:18,481	508,5	
00:02:18,518	508,5	
00:02:18,555	508,5	
00:02:18,592	508,5	
00:02:18,629	508,5	
00:02:18,666	508,5	
00:02:18,703	508,5	
00:02:18,740	508,4	
00:02:18,777	508,4	
00:02:18,814	508,4	
00:02:18,851	508,4	
00:02:18,888	508,4	
00:02:18,925	508,4	
00:02:18,962	508,4	
00:02:18,999	508,4	
00:02:19,036	508,4	
00:02:19,073	508,4	
00:02:19,110	508,4	
00:02:19,148	508,4	
00:02:19,185	508,4	
00:02:19,222	508,4	
00:02:19,259	508,3	
00:02:19,296	508,3	
00:02:19,333	508,3	
00:02:19,370	508,3	
00:02:19,407	508,3	
00:02:19,444	508,3	
00:02:19,481	508,3	
00:02:19,518	508,3	
00:02:19,555	508,3	
00:02:19,592	508,3	
00:02:19,629	508,3	
00:02:19,666	508,3	
00:02:19,703	508,3	
00:02:19,740	508,3	
00:02:19,777	508,2	
00:02:19,814	508,2	
00:02:19,851	508,2	
00:02:19,888	508,2	
00:02:19,925	508,2	
00:02:19,962	508,2	
00:02:19,999	508,2	
00:02:20,036	508,2	
00:02:20,073	508,2	
00:02:20,110	508,2	
00:02:20,148	508,2	
00:02:20,185	508,2	
00:02:20,222	508,2	
00:02:20,259	508,1	
00:02:20,296	508,1	
00:02:20,333	508,1	
00:02:20,370	508,1	
00:02:20,407	508,1	
00:02:20,444	508,1	
00:02:20,481	508,1	
00:02:20,518	508,1	
00:02:20,555	508,1	
00:02:20,592	508,1	
00:02:20,629	508,1	
00:02:20,666	508,1	
00:02:20,703	508,1	
00:02:20,740	508,1	
00:02:20,777	508,0	
00:02:20,814	508,0	
00:02:20,851	508,0	
00:02:20,888	508,0	
00:02:20,925	508,0	
00:02:20,962	508,0	
00:02:20,999	508,0	
00:02:21,036	508,0	
00:02:21,073	508,0	
00:02:21,110	508,0	
00:02:21,148	508,0	
00:02:21,185	508,0	
00:02:21,222	508,0	
00:02:21,259	507,9	
00:02:21,296	507,9	
00:02:21,333	507,9	
00:02:21,370	507,9	
00:02:21,407	507,9	
00:02:21,444	507,9	
00:02:21,481	507,9	
00:02:21,518	507,9	
00:02:21,555	507,9	
00:02:21,592	507,9	
00:02:21,629	507,9	
00:02:21,666	507,9	
00:02:21,703	507,9	
00:02:21,740	507,9	
00:02:21,777	507,8	
00:02:21,814	507,8	
00:02:21,851	507,8	
00:02:21,888	507,8	
00:02:21,925	507,8	
00:02:21,962	507,8	
00:02:21,999	507,8	
00:02:22,036	507,8	
00:02:22,073	507,8	
00:02:22,110	507,8	
00:02:22,148	507,8	
00:02:22,185	507,8	
00:02:22,222	507,8	
00:02:22,259	507,7	
00:02:22,296	507,7	
00:02:22,333	507,7	
00:02:22,370	507,7	
00:02:22,407	507,7	
00:02:22,444	507,7	
00:02:22,481	507,7	
00:02:22,518	507,7	
00:02:22,555	507,7	
00:02:22,592	507,7	
00:02:22,629	507,7	
00:02:22,666	507,7	
00:02:22,703	507,7	
00:02:22,740	507,7	
00:02:22,777	507,6	
00:02:22,814	507,6	
00:02:22,851	507,6	
00:02:22,888	507,6	
00:02:22,925	507,6	
00:02:22,962	507,6	
00:02:22,999	507,6	
00:02:23,036	507,6	
00:02:23,073	507,6	
00:02:23,110	507,6	
00:02:23,148	507,6	
00:02:23,185	507,6	
00:02:23,222	507,6	
00:02:23,259	507,5	
00:02:23,296	507,5	
00:02:23,333	507,5	
00:02:23,370	507,5	
00:02:23,407	507,5	
00:02:23,444	507,5	
00:02:23,481	507,5	
00:02:23,518	507,5	
00:02:23,555	507,5	
00:02:23,592	507,5	
00:02:23,629	507,5	
00:02:23,666	507,5	
00:02:23,703	507,5	
00:02:23,740	507,5	
00:02:23,777	507,4	
00:02:23,814	507,4	
00:02:23,851	507,4	
00:02:23,888	507,4	
00:02:23,925	507,4	
00:02:23,962	507,4	
00:02:23,999	507,4	
00:02:24,036	507,4	
00:02:24,073	507,4	
00:02:24,110	507,4	
00:02:24,148	507,4	
00:02:24,185	507,4	
00:02:24,222	507,4	
00:02:24,259	507,3	
00:02:24,296	507,3	
00:02:24,333	507,3	
00:02:24,370	507,3	
00:02:24,407	507,3	
00:02:24,444	507,3	
00:02:24,481	507,3	
00:02:24,518	507,3	
00:02:24,555	507,3	
00:02:24,592	507,3	
00:02:24,629	507,3	
00:02:24,666	507,3	
00:02:24,703	507,3	
00:02:24,740	507,3	
00:02:24,777	507,2	
00:02:24,814	507,2	
00:02:24,851	507,2	
00:02:24,888	507,2	
00:02:24,925	507,2	
00:02:24,962	507,2	
00:02:24,999	507,2	
00:02:25,036	507,2	
00:02:25,073	507,2	
00:02:25,110	507,2	
00:02:25,148	507,2	
00:02:25,185	507,2	
00:02:25,222	507,2	
00:02:25,259	507,1	
00:02:25,296	507,1	
00:02:25,333	507,1	
00:02:25,370	507,1	
00:02:25,407	507,1	
00:02:25,444	507,1	
00:02:25,481	507,1	
00:02:25,518	507,1	
00:02:25,555	507,1	
00:02:25,592	507,1	
00:02:25,629	507,1	
00:02:25,666	507,1	
00:02:25,703	507,1	
00:02:25,740	507,1	
00:02:25,777	507,0	
00:02:25,814	507,0	
00:02:25,851	507,0	
00:02:25,888	507,0	
00:02:25,925	507,0	
00:02:25,962	507,0	
00:02:25,999	507,0	
00:02:26,036	507,0	
00:02:26,073	507,0	
00:02:26,110	507,0	
00:02:26,148	507,0	
00:02:26,185	507,0	
00:02:26,222	507,0	
00:02:26,259	506,9	
00:02:26,296	506,9	
00:02:26,333	506,9	
00:02:26,370	506,9	
00:02:26,407	506,9	
00:02:26,444	506,9	
00:02:26,481	506,9	
00:02:26,518	506,9	
00:02:26,555	506,9	
00:02:26,592	506,9	
00:02:26,629	506,9	
00:02:26,666	506,9	
00:02:26,703	506,9	
00:02:26,740	506,9	
00:02:26,777	506,8	
00:02:26,814	506,8	
00:02:26,851	506,8	
00:02:26,888	506,8	
00:02:26,925	506,8	
00:02:26,962	506,8	
00:02:26,999	506,8	
00:02:27,036	506,8	
00:02:27,073	506,8	
00:02:27,110	506,8	
00:02:27,148	506,8	
00:02:27,185	506,8	
00:02:27,222	506,8	
00:02:27,259	506,8	
00:02:27,296	506,7	
00:02:27,333	506,7	
00:02:27,370	506,7	
00:02:27,407	506,7	
00:02:27,444	506,7	
00:02:27,481	506,7	
00:02:27,518	506,7	
00:02:27,555	506,7	
00:02:27,592	506,7	
00:02:27,629	506,7	
00:02:27,666	506,7	
00:02:27,703	506,7	
00:02:27,740	506,7	
00:02:27,777	506,7	
00:02:27,814	506,6	
00:02:27,851	506,6	
00:02:27,888	506,6	
00:02:27,925	506,6	
00:02:27,962	506,6	
00:02:27,999	506,6	
00:02:28,036	506,6	
00:02:28,073	506,6	
00:02:28,110	506,6	
00:02:28,148	506,6	
00:02:28,185	506,6	
00:02:28,222	506,6	
00:02:28,259	506,6	
00:02:28,296	506,5	
00:02:28,333	506,5	
00:02:28,370	506,5	
00:02:28,407	506,5	
00:02:28,444	506,5	
00:02:28,481	506,5	
00:02:28,518	506,5	
00:02:28,555	506,5	
00:02:28,592	506,5	
00:02:28,629	506,5	
00:02:28,666	506,5	
00:02:28,703	506,5	
00:02:28,740	506,5	
00:02:28,777	506,5	
00:02:28,814	506,4	
00:02:28,851	506,4	
00:02:28,888	506,4	
00:02:28,925	506,4	
00:02:28,962	506,4	
00:02:28,999	506,4	
00:02:29,036	506,4	
00:02:29,073	506,4	
00:02:29,110	506,4	
00:02:29,147	506,4	
00:02:29,185	506,4	
00:02:29,222	506,4	
00:02:29,259	506,3	
00:02:29,296	506,3	
00:02:29,333	506,3	
00:02:29,370	506,3	
00:02:29,407	506,3	
00:02:29,444	506,3	
00:02:29,481	506,3	
00:02:29,518	506,3	
00:02:29,555	506,3	
00:02:29,592	506,3	
00:02:29,629	506,3	
00:02:29,666	506,3	
00:02:29,703	506,3	
00:02:29,740	506,3	
00:02:29,777	506,2	
00:02:29,814	506,2	
00:02:29,851	506,2	
00:02:29,888	506,2	
00:02:29,925	506,2	
00:02:29,962	506,2	
00:02:29,999	506,2	
00:02:30,036	506,2	
00:02:30,073	506,2	
00:02:30,110	506,2	
00:02:30,147	506,2	
00:02:30,185	506,2	
00:02:30,222	506,2	
00:02:30,259	506,2	
00:02:30,296	506,1	
00:02:30,333	506,1	
00:02:30,370	506,1	
00:02:30,407	506,1	
00:02:30,444	506,1	
00:02:30,481	506,1	
00:02:30,518	506,1	
00:02:30,555	506,1	
00:02:30,592	506,1	
00:02:30,629	506,1	
00:02:30,666	506,1	
00:02:30,703	506,1	
00:02:30,740	506,1	
00:02:30,777	506,0	
00:02:30,814	506,0	
00:02:30,851	506,0	
00:02:30,888	506,0	
00:02:30,925	506,0	
00:02:30,962	506,0	
00:02:30,999	506,0	
00:02:31,036	506,0	
00:02:31,073	506,0	
00:02:31,110	506,0	
00:02:31,147	506,0	
00:02:31,185	506,0	
00:02:31,222	506,0	
00:02:31,259	506,0	
00:02:31,296	505,9	
00:02:31,333	505,9	
00:02:31,370	505,9	
00:02:31,407	505,9	
00:02:31,444	505,9	
00:02:31,481	505,9	
00:02:31,518	505,9	
00:02:31,555	505,9	
00:02:31,592	505,9	
00:02:31,629	505,9	
00:02:31,666	505,9	
00:02:31,703	505,9	
00:02:31,740	505,9	
00:02:31,777	505,8	
00:02:31,814	505,8	
00:02:31,851	505,8	
00:02:31,888	505,8	
00:02:31,925	505,8	
00:02:31,962	505,8	
00:02:31,999	505,8	
00:02:32,036	505,8	
00:02:32,073	505,8	
00:02:32,110	505,8	
00:02:32,147	505,8	
00:02:32,185	505,8	
00:02:32,222	505,8	
00:02:32,259	505,8	
00:02:32,296	505,7	
00:02:32,333	505,7	
00:02:32,370	505,7	
00:02:32,407	505,7	
00:02:32,444	505,7	
00:02:32,481	505,7	
00:02:32,518	505,7	
00:02:32,555	505,7	
00:02:32,592	505,7	
00:02:32,629	505,7	
00:02:32,666	505,7	
00:02:32,703	505,7	
00:02:32,740	505,7	
00:02:32,777	505,6	
00:02:32,814	505,6	
00:02:32,851	505,6	
00:02:32,888	505,6	
00:02:32,925	505,6	
00:02:32,962	505,6	
00:02:32,999	505,6	
00:02:33,036	505,6	
00:02:33,073	505,6	
00:02:33,110	505,6	
00:02:33,147	505,6	
00:02:33,185	505,6	
00:02:33,222	505,6	
00:02:33,259	505,6	
00:02:33,296	505,5	
00:02:33,333	505,5	
00:02:33,370	505,5	
00:02:33,407	505,5	
00:02:33,444	505,5	
00:02:33,481	505,5	
00:02:33,518	505,5	
00:02:33,555	505,5	
00:02:33,592	505,5	
00:02:33,629	505,5	
00:02:33,666	505,5	
00:02:33,703	505,5	
00:02:33,740	505,5	
00:02:33,777	505,4	
00:02:33,814	505,4	
00:02:33,851	505,4	
00:02:33,888	505,4	
00:02:33,925	505,4	
00:02:33,962	505,4	
00:02:33,999	505,4	
00:02:34,036	505,4	
00:02:34,073	505,4	
00:02:34,110	505,4	
00:02:34,147	505,4	
00:02:34,185	505,4	
00:02:34,222	505,4	
00:02:34,259	505,4	
00:02:34,296	505,3	
00:02:34,333	505,3	
00:02:34,370	505,3	
00:02:34,407	505,3	
00:02:34,444	505,3	
00:02:34,481	505,3	
00:02:34,518	505,3	
00:02:34,555	505,3	
00:02:34,592	505,3	
00:02:34,629	505,3	
00:02:34,666	505,3	
00:02:34,703	505,3	
00:02:34,740	505,3	
00:02:34,777	505,2	
00:02:34,814	505,2	
00:02:34,851	505,2	
00:02:34,888	505,2	
00:02:34,925	505,2	
00:02:34,962	505,2	
00:02:34,999	505,2	
00:02:35,036	505,2	
00:02:35,073	505,2	
00:02:35,110	505,2	
00:02:35,147	505,2	
00:02:35,185	505,2	
00:02:35,222	505,2	
00:02:35,259	505,2	
00:02:35,296	505,1	
00:02:35,333	505,1	
00:02:35,370	505,1	
00:02:35,407	505,1	
00:02:35,444	505,1	
00:02:35,481	505,1	
00:02:35,518	505,1	
00:02:35,555	505,1	
00:02:35,592	505,1	
00:02:35,629	505,1	
00:02:35,666	505,1	
00:02:35,703	505,1	
00:02:35,740	505,1	
00:02:35,777	505,0	
00:02:35,814	505,0	
00:02:35,851	505,0	
00:02:35,888	505,0	
00:02:35,925	505,0	
00:02:35,962	505,0	
00:02:35,999	505,0	
00:02:36,036	505,0	
00:02:36,073	505,0	
00:02:36,110	505,0	
00:02:36,147	505,0	
00:02:36,185	505,0	
00:02:36,222	505,0	
00:02:36,259	505,0	
00:02:36,296	504,9	
00:02:36,333	504,9	
00:02:36,370	504,9	
00:02:36,407	504,9	
00:02:36,444	504,9	
00:02:36,481	504,9	
00:02:36,518	504,9	
00:02:36,555	504,9	
00:02:36,592	504,9	
00:02:36,629	504,9	
00:02:36,666	504,9	
00:02:36,703	504,9	
00:02:36,740	504,9	
00:02:36,777	504,8	
00:02:36,814	504,8	
00:02:36,851	504,8	
00:02:36,888	504,8	
00:02:36,925	504,8	
00:02:36,962	504,8	
00:02:36,999	504,8	
00:02:37,036	504,8	
00:02:37,073	504,8	
00:02:37,110	504,8	
00:02:37,147	504,8	
00:02:37,185	504,8	
00:02:37,222	504,8	
00:02:37,259	504,8	
00:02:37,296	504,7	
00:02:37,333	504,7	
00:02:37,370	504,7	
00:02:37,407	504,7	
00:02:37,444	504,7	
00:02:37,481	504,7	
00:02:37,518	504,7	
00:02:37,555	504,7	
00:02:37,592	504,7	
00:02:37,629	504,7	
00:02:37,666	504,7	
00:02:37,703	504,7	
00:02:37,740	504,7	
00:02:37,777	504,6	
00:02:37,814	504,6	
00:02:37,851	504,6	
00:02:37,888	504,6	
00:02:37,925	504,6	
00:02:37,962	504,6	
00:02:37,999	504,6	
00:02:38,036	504,6	
00:02:38,073	504,6	
00:02:38,110	504,6	
00:02:38,147	504,6	
00:02:38,185	504,6	
00:02:38,222	504,6	
00:02:38,259	504,6	
00:02:38,296	504,5	
00:02:38,333	504,5	
00:02:38,370	504,5	
00:02:38,407	504,5	
00:02:38,444	504,5	
00:02:38,481	504,5	
00:02:38,518	504,5	
00:02:38,555	504,5	
00:02:38,592	504,5	
00:02:38,629	504,5	
00:02:38,666	504,5	
00:02:38,703	504,5	
00:02:38,740	504,5	
00:02:38,777	504,4	
00:02:38,814	504,4	
00:02:38,851	504,4	
00:02:38,888	504,4	
00:02:38,925	504,4	
00:02:38,962	504,4	
00:02:38,999	504,4	
00:02:39,036	504,4	
00:02:39,073	504,4	
00:02:39,110	504,4	
00:02:39,147	504,4	
00:02:39,185	504,4	
00:02:39,222	504,4	
00:02:39,259	504,4	
00:02:39,296	504,3	
00:02:39,333	504,3	
00:02:39,370	504,3	
00:02:39,407	504,3	
00:02:39,444	504,3	
00:02:39,481	504,3	
00:02:39,518	504,3	
00:02:39,555	504,3	
00:02:39,592	504,3	
00:02:39,629	504,3	
00:02:39,666	504,3	
00:02:39,703	504,3	
00:02:39,740	504,3	
00:02:39,777	504,3	
00:02:39,814	504,2	
00:02:39,851	504,2	
00:02:39,888	504,2	
00:02:39,925	504,2	
00:02:39,962	504,2	
00:02:39,999	504,2	
00:02:40,036	504,2	
00:02:40,073	504,2	
00:02:40,110	504,2	
00:02:40,147	504,2	
00:02:40,185	504,2	
00:02:40,222	504,2	
00:02:40,259	504,2	
00:02:40,296	504,1	
00:02:40,333	504,1	
00:02:40,370	504,1	
00:02:40,407	504,1	
00:02:40,444	504,1	
00:02:40,481	504,1	
00:02:40,518	504,1	
00:02:40,555	504,1	
00:02:40,592	504,1	
00:02:40,629	504,1	
00:02:40,666	504,1	
00:02:40,703	504,1	
00:02:40,740	504,1	
00:02:40,777	504,1	
00:02:40,814	504,0	
00:02:40,851	504,0	
00:02:40,888	504,0	
00:02:40,925	504,0	
00:02:40,962	504,0	
00:02:40,999	504,0	
00:02:41,036	504,0	
00:02:41,073	504,0	
00:02:41,110	504,0	
00:02:41,147	504,0	
00:02:41,185	504,0	
00:02:41,222	504,0	
00:02:41,259	504,0	
00:02:41,296	503,9	
00:02:41,333	503,9	
00:02:41,370	503,9	
00:02:41,407	503,9	
00:02:41,444	503,9	
00:02:41,481	503,9	
00:02:41,518	503,9	
00:02:41,555	503,9	
00:02:41,592	503,9	
00:02:41,629	503,9	
00:02:41,666	503,9	
00:02:41,703	503,9	
00:02:41,740	503,9	
00:02:41,777	503,9	
00:02:41,814	503,8	
00:02:41,851	503,8	
00:02:41,888	503,8	
00:02:41,925	503,8	
00:02:41,962	503,8	
00:02:41,999	503,8	
00:02:42,036	503,8	
00:02:42,073	503,8	
00:02:42,110	503,8	
00:02:42,147	503,8	
00:02:42,185	503,8	
00:02:42,222	503,8	
00:02:42,259	503,8	
00:02:42,296	503,7	
00:02:42,333	503,7	
00:02:42,370	503,7	
00:02:42,407	503,7	
00:02:42,444	503,7	
00:02:42,481	503,7	
00:02:42,518	503,7	
00:02:42,555	503,7	
00:02:42,592	503,7	
00:02:42,629	503,7	
00:02:42,666	503,7	
00:02:42,703	503,7	
00:02:42,740	503,7	
00:02:42,777	503,7	
00:02:42,814	503,6	
00:02:42,851	503,6	
00:02:42,888	503,6	
00:02:42,925	503,6	
00:02:42,962	503,6	
00:02:42,999	503,6	
00:02:43,036	503,6	
00:02:43,073	503,6	
00:02:43,110	503,6	
00:02:43,147	503,6	
00:02:43,185	503,6	
00:02:43,222	503,6	
00:02:43,259	503,6	
00:02:43,296	503,5	
00:02:43,333	503,5	
00:02:43,370	503,5	
00:02:43,407	503,5	
00:02:43,444	503,5	
00:02:43,481	503,5	
00:02:43,518	503,5	
00:02:43,555	503,5	
00:02:43,592	503,5	
00:02:43,629	503,5	
00:02:43,666	503,5	
00:02:43,703	503,5	
00:02:43,740	503,5	
00:02:43,777	503,5	
00:02:43,814	503,4	
00:02:43,851	503,4	
00:02:43,888	503,4	
00:02:43,925	503,4	
00:02:43,962	503,4	
00:02:43,999	503,4	
00:02:44,036	503,4	
00:02:44,073	503,4	
00:02:44,110	503,4	
00:02:44,147	503,4	
00:02:44,185	503,4	
00:02:44,222	503,4	
00:02:44,259	503,4	
00:02:44,296	503,3	
00:02:44,333	503,3	
00:02:44,370	503,3	
00:02:44,407	503,3	
00:02:44,444	503,3	
00:02:44,481	503,3	
00:02:44,518	503,3	
00:02:44,555	503,3	
00:02:44,592	503,3	
00:02:44,629	503,3	
00:02:44,666	503,3	
00:02:44,703	503,3	
00:02:44,740	503,3	
00:02:44,777	503,3	
00:02:44,814	503,2	
00:02:44,851	503,2	
00:02:44,888	503,2	
00:02:44,925	503,2	
00:02:44,962	503,2	
00:02:44,999	503,2	
00:02:45,036	503,2	
00:02:45,073	503,2	
00:02:45,110	503,2	
00:02:45,147	503,2	
00:02:45,185	503,2	
00:02:45,222	503,2	
00:02:45,259	503,2	
00:02:45,296	503,1	
00:02:45,333	503,1	
00:02:45,370	503,1	
00:02:45,407	503,1	
00:02:45,444	503,1	
00:02:45,481	503,1	
00:02:45,518	503,1	
00:02:45,555	503,1	
00:02:45,592	503,1	
00:02:45,629	503,1	
00:02:45,666	503,1	
00:02:45,703	503,1	
00:02:45,740	503,1	
00:02:45,777	503,1	
00:02:45,814	503,0	
00:02:45,851	503,0	
00:02:45,888	503,0	
00:02:45,925	503,0	
00:02:45,962	503,0	
00:02:45,999	503,0	
00:02:46,036	503,0	
00:02:46,073	503,0	
00:02:46,110	503,0	
00:02:46,147	503,0	
00:02:46,185	503,0	
00:02:46,222	503,0	
00:02:46,259	503,0	
00:02:46,296	502,9	
00:02:46,333	502,9	
00:02:46,370	502,9	
00:02:46,407	502,9	
00:02:46,444	502,9	
00:02:46,481	502,9	
00:02:46,518	502,9	
00:02:46,555	502,9	
00:02:46,592	502,9	
00:02:46,629	502,9	
00:02:46,666	502,9	
00:02:46,703	502,9	
00:02:46,740	502,9	
00:02:46,777	502,9	
00:02:46,814	502,8	
00:02:46,851	502,8	
00:02:46,888	502,8	
00:02:46,925	502,8	
00:02:46,962	502,8	
00:02:46,999	502,8	
00:02:47,036	502,8	
00:02:47,073	502,8	
00:02:47,110	502,8	
00:02:47,147	502,8	
00:02:47,185	502,8	
00:02:47,222	502,8	
00:02:47,259	502,8	
00:02:47,296	502,7	
00:02:47,333	502,7	
00:02:47,370	502,7	
00:02:47,407	502,7	
00:02:47,444	502,7	
00:02:47,481	502,7	
00:02:47,518	502,7	
00:02:47,555	502,7	
00:02:47,592	502,7	
00:02:47,629	502,7	
00:02:47,666	502,7	
00:02:47,703	502,7	
00:02:47,740	502,7	
00:02:47,777	502,7	
00:02:47,814	502,6	
00:02:47,851	502,6	
00:02:47,888	502,6	
00:02:47,925	502,6	
00:02:47,962	502,6	
00:02:47,999	502,6	
00:02:48,036	502,6	
00:02:48,073	502,6	
00:02:48,110	502,6	
00:02:48,147	502,6	
00:02:48,185	502,6	
00:02:48,222	502,6	
00:02:48,259	502,6	
00:02:48,296	502,5	
00:02:48,333	502,5	
00:02:48,370	502,5	
00:02:48,407	502,5	
00:02:48,444	502,5	
00:02:48,481	502,5	
00:02:48,518	502,5	
00:02:48,555	502,5	
00:02:48,592	502,5	
00:02:48,629	502,5	
00:02:48,666	502,5	
00:02:48,703	502,5	
00:02:48,740	502,5	
00:02:48,777	502,5	
00:02:48,814	502,4	
00:02:48,851	502,4	
00:02:48,888	502,4	
00:02:48,925	502,4	
00:02:48,962	502,4	
00:02:48,999	502,4	
00:02:49,036	502,4	
00:02:49,073	502,4	
00:02:49,110	502,4	
00:02:49,147	502,4	
00:02:49,185	502,4	
00:02:49,222	502,4	
00:02:49,259	502,4	
00:02:49,296	502,3	
00:02:49,333	502,3	
00:02:49,370	502,3	
00:02:49,407	502,3	
00:02:49,444	502,3	
00:02:49,481	502,3	
00:02:49,518	502,3	
00:02:49,555	502,3	
00:02:49,592	502,3	
00:02:49,629	502,3	
00:02:49,666	502,3	
00:02:49,703	502,3	
00:02:49,740	502,3	
00:02:49,777	502,3	
00:02:49,814	502,2	
00:02:49,851	502,2	
00:02:49,888	502,2	
00:02:49,925	502,2	
00:02:49,962	502,2	
00:02:49,999	502,2	
00:02:50,036	502,2	
00:02:50,073	502,2	
00:02:50,110	502,2	
00:02:50,147	502,2	
00:02:50,185	502,2	
00:02:50,222	502,2	
00:02:50,259	502,2	
00:02:50,296	502,2	
00:02:50,333	502,1	
00:02:50,370	502,1	
00:02:50,407	502,1	
00:02:50,444	502,1	
00:02:50,481	502,1	
00:02:50,518	502,1	
00:02:50,555	502,1	
00:02:50,592	502,1	
00:02:50,629	502,1	
00:02:50,666	502,1	
00:02:50,703	502,1	
00:02:50,740	502,1	
00:02:50,777	502,1	
00:02:50,814	502,0	
00:02:50,851	502,0	
00:02:50,888	502,0	
00:02:50,925	502,0	
00:02:50,962	502,0	
00:02:50,999	502,0	
00:02:51,036	502,0	
00:02:51,073	502,0	
00:02:51,110	502,0	
00:02:51,147	502,0	
00:02:51,185	502,0	
00:02:51,222	502,0	
00:02:51,259	502,0	
00:02:51,296	502,0	
00:02:51,333	501,9	
00:02:51,370	501,9	
00:02:51,407	501,9	
00:02:51,444	501,9	
00:02:51,481	501,9	
00:02:51,518	501,9	
00:02:51,555	501,9	
00:02:51,592	501,9	
00:02:51,629	501,9	
00:02:51,666	501,9	
00:02:51,703	501,9	
00:02:51,740	501,9	
00:02:51,777	501,9	
00:02:51,814	501,8	
00:02:51,851	501,8	
00:02:51,888	501,8	
00:02:51,925	501,8	
00:02:51,962	501,8	
00:02:51,999	501,8	
00:02:52,036	501,8	
00:02:52,073	501,8	
00:02:52,110	501,8	
00:02:52,147	501,8	
00:02:52,185	501,8	
00:02:52,222	501,8	
00:02:52,259	501,8	
00:02:52,296	501,8	
00:02:52,333	501,7	
00:02:52,370	501,7	
00:02:52,407	501,7	
00:02:52,444	501,7	
00:02:52,481	501,7	
00:02:52,518	501,7	
00:02:52,555	501,7	
00:02:52,592	501,7	
00:02:52,629	501,7	
00:02:52,666	501,7	
00:02:52,703	501,7	
00:02:52,740	501,7	
00:02:52,777	501,7	
00:02:52,814	501,6	
00:02:52,851	501,6	
00:02:52,888	501,6	
00:02:52,925	501,6	
00:02:52,962	501,6	
00:02:52,999	501,6	
00:02:53,036	501,6	
00:02:53,073	501,6	
00:02:53,110	501,6	
00:02:53,147	501,6	
00:02:53,185	501,6	
00:02:53,222	501,6	
00:02:53,259	501,6	
00:02:53,296	501,6	
00:02:53,333	501,5	
00:02:53,370	501,5	
00:02:53,407	501,5	
00:02:53,444	501,5	
00:02:53,481	501,5	
00:02:53,518	501,5	
00:02:53,555	501,5	
00:02:53,592	501,5	
00:02:53,629	501,5	
00:02:53,666	501,5	
00:02:53,703	501,5	
00:02:53,740	501,5	
00:02:53,777	501,5	
00:02:53,814	501,4	
00:02:53,851	501,4	
00:02:53,888	501,4	
00:02:53,925	501,4	
00:02:53,962	501,4	
00:02:53,999	501,4	
00:02:54,036	501,4	
00:02:54,073	501,4	
00:02:54,110	501,4	
00:02:54,147	501,4	
00:02:54,185	501,4	
00:02:54,222	501,4	
00:02:54,259	501,4	
00:02:54,296	501,4	
00:02:54,333	501,3	
00:02:54,370	501,3	
00:02:54,407	501,3	
00:02:54,444	501,3	
00:02:54,481	501,3	
00:02:54,518	501,3	
00:02:54,555	501,3	
00:02:54,592	501,3	
00:02:54,629	501,3	
00:02:54,666	501,3	
00:02:54,703	501,3	
00:02:54,740	501,3	
00:02:54,777	501,3	
00:02:54,814	501,2	
00:02:54,851	501,2	
00:02:54,888	501,2	
00:02:54,925	501,2	
00:02:54,962	501,2	
00:02:54,999	501,2	
00:02:55,036	501,2	
00:02:55,073	501,2	
00:02:55,110	501,2	
00:02:55,147	501,2	
00:02:55,185	501,2	
00:02:55,222	501,2	
00:02:55,259	501,2	
00:02:55,296	501,2	
00:02:55,333	501,1	
00:02:55,370	501,1	
00:02:55,407	501,1	
00:02:55,444	501,1	
00:02:55,481	501,1	
00:02:55,518	501,1	
00:02:55,555	501,1	
00:02:55,592	501,1	
00:02:55,629	501,1	
00:02:55,666	501,1	
00:02:55,703	501,1	
00:02:55,740	501,1	
00:02:55,777	501,1	
00:02:55,814	501,0	
00:02:55,851	501,0	
00:02:55,888	501,0	
00:02:55,925	501,0	
00:02:55,962	501,0	
00:02:55,999	501,0	
00:02:56,036	501,0	
00:02:56,073	501,0	
00:02:56,110	501,0	
00:02:56,147	501,0	
00:02:56,185	501,0	
00:02:56,222	501,0	
00:02:56,259	501,0	
00:02:56,296	501,0	
00:02:56,333	500,9	
00:02:56,370	500,9	
00:02:56,407	500,9	
00:02:56,444	500,9	
00:02:56,481	500,9	
00:02:56,518	500,9	
00:02:56,555	500,9	
00:02:56,592	500,9	
00:02:56,629	500,9	
00:02:56,666	500,9	
00:02:56,703	500,9	
00:02:56,740	500,9	
00:02:56,777	500,9	
00:02:56,814	500,8	
00:02:56,851	500,8	
00:02:56,888	500,8	
00:02:56,925	500,8	
00:02:56,962	500,8	
00:02:56,999	500,8	
00:02:57,036	500,8	
00:02:57,073	500,8	
00:02:57,110	500,8	
00:02:57,147	500,8	
00:02:57,185	500,8	
00:02:57,222	500,8	
00:02:57,259	500,8	
00:02:57,296	500,8	
00:02:57,333	500,7	
00:02:57,370	500,7	
00:02:57,407	500,7	
00:02:57,444	500,7	
00:02:57,481	500,7	
00:02:57,518	500,7	
00:02:57,555	500,7	
00:02:57,592	500,7	
00:02:57,629	500,7	
00:02:57,666	500,7	
00:02:57,703	500,7	
00:02:57,740	500,7	
00:02:57,777	500,7	
00:02:57,814	500,6	
00:02:57,851	500,6	
00:02:57,888	500,6	
00:02:57,925	500,6	
00:02:57,962	500,6	
00:02:57,999	500,6	
00:02:58,036	500,6	
00:02:58,073	500,6	
00:02:58,110	500,6	
00:02:58,147	500,6	
00:02:58,185	500,6	
00:02:58,222	500,6	
00:02:58,259	500,6	
00:02:58,296	500,6	
00:02:58,333	500,5	
00:02:58,370	500,5	
00:02:58,407	500,5	
00:02:58,444	500,5	
00:02:58,481	500,5	
00:02:58,518	500,5	
00:02:58,555	500,5	
00:02:58,592	500,5	
00:02:58,629	500,5	
00:02:58,666	500,5	
00:02:58,703	500,5	
00:02:58,740	500,5	
00:02:58,777	500,5	
00:02:58,814	500,4	
00:02:58,851	500,4	
00:02:58,888	500,4	
00:02:58,925	500,4	
00:02:58,962	500,4	
00:02:58,999	500,4	
00:02:59,036	500,4	
00:02:59,073	500,4	
00:02:59,110	500,4	
00:02:59,147	500,4	
00:02:59,185	500,4	
00:02:59,222	500,4	
00:02:59,259	500,4	
00:02:59,296	500,4	
00:02:59,333	500,3	
00:02:59,370	500,3	
00:02:59,407	500,3	
00:02:59,444	500,3	
00:02:59,481	500,3	
00:02:59,518	500,3	
00:02:59,555	500,3	
00:02:59,592	500,3	
00:02:59,629	500,3	
00:02:59,666	500,3	
00:02:59,703	500,3	
00:02:59,740	500,3	
00:02:59,777	500,3	
00:02:59,814	500,2	
00:02:59,851	500,2	
00:02:59,888	500,2	
00:02:59,925	500,2	
00:02:59,962	500,2	
00:02:59,999	500,2	
00:03:00,036	500,2	
00:03:00,073	500,2	
00:03:00,110	500,2	
00:03:00,147	500,2	
00:03:00,185	500,2	
00:03:00,222	500,2	
00:03:00,259	500,2	
00:03:00,296	500,2	
00:03:00,333	500,1	
00:03:00,370	500,1	
00:03:00,407	500,1	
00:03:00,444	500,1	
00:03:00,481	500,1	
00:03:00,518	500,1	
00:03:00,555	500,1	
00:03:00,592	500,1	
00:03:00,629	500,1	
00:03:00,666	500,1	
00:03:00,703	500,1	
00:03:00,740	500,1	
00:03:00,777	500,1	
00:03:00,814	500,1	
00:03:00,851	500,0	
00:03:00,888	500,0	
00:03:00,925	500,0	
00:03:00,962	500,0	
00:03:00,999	500,0	
00:03:01,036	500,0	
00:03:01,073	500,0	
00:03:01,110	500,0	
00:03:01,147	500,0	
00:03:01,185	500,0	
00:03:01,222	500,0	
00:03:01,259	500,0	
00:03:01,296	500,0	
00:03:01,333	499,9	
00:03:01,370	499,9	
00:03:01,407	499,9	
00:03:01,444	499,9	
00:03:01,481	499,9	
00:03:01,518	499,9	
00:03:01,555	499,9	
00:03:01,592	499,9	
00:03:01,629	499,9	
00:03:01,666	499,9	
00:03:01,703	499,9	
00:03:01,740	499,9	
00:03:01,777	499,9	
00:03:01,814	499,9	
00:03:01,851	499,8	
00:03:01,888	499,8	
00:03:01,925	499,8	
00:03:01,962	499,8	
00:03:01,999	499,8	
00:03:02,036	499,8	
00:03:02,073	499,8	
00:03:02,110	499,8	
00:03:02,147	499,8	
00:03:02,185	499,8	
00:03:02,222	499,8	
00:03:02,259	499,8	
00:03:02,296	499,8	
00:03:02,333	499,7	
00:03:02,370	499,7	
00:03:02,407	499,7	
00:03:02,444	499,7	
00:03:02,481	499,7	
00:03:02,518	499,7	
00:03:02,555	499,7	
00:03:02,592	499,7	
00:03:02,629	499,7	
00:03:02,666	499,7	
00:03:02,703	499,7	
00:03:02,740	499,7	
00:03:02,777	499,7	
00:03:02,814	499,7	
00:03:02,851	499,6	
00:03:02,888	499,6	
00:03:02,925	499,6	
00:03:02,962	499,6	
00:03:02,999	499,6	
00:03:03,036	499,6	
00:03:03,073	499,6	
00:03:03,110	499,6	
00:03:03,147	499,6	
00:03:03,185	499,6	
00:03:03,222	499,6	
00:03:03,259	499,6	
00:03:03,296	499,6	
00:03:03,333	499,5	
00:03:03,370	499,5	
00:03:03,407	499,5	
00:03:03,444	499,5	
00:03:03,481	499,5	
00:03:03,518	499,5	
00:03:03,555	499,5	
00:03:03,592	499,5	
00:03:03,629	499,5	
00:03:03,666	499,5	
00:03:03,703	499,5	
00:03:03,740	499,5	
00:03:03,777	499,5	
00:03:03,814	499,5	
00:03:03,851	499,4	
00:03:03,888	499,4	
00:03:03,925	499,4	
00:03:03,962	499,4	
00:03:03,999	499,4	
00:03:04,036	499,4	
00:03:04,073	499,4	
00:03:04,110	499,4	
00:03:04,147	499,4	
00:03:04,185	499,4	
00:03:04,222	499,4	
00:03:04,259	499,4	
00:03:04,296	499,4	
00:03:04,333	499,3	
00:03:04,370	499,3	
00:03:04,407	499,3	
00:03:04,444	499,3	
00:03:04,481	499,3	
00:03:04,518	499,3	
00:03:04,555	499,3	
00:03:04,592	499,3	
00:03:04,629	499,3	
00:03:04,666	499,3	
00:03:04,703	499,3	
00:03:04,740	499,3	
00:03:04,777	499,3	
00:03:04,814	499,3	
00:03:04,851	499,2	
00:03:04,888	499,2	
00:03:04,925	499,2	
00:03:04,962	499,2	
00:03:04,999	499,2	
00:03:05,036	499,2	
00:03:05,073	499,2	
00:03:05,110	499,2	
00:03:05,147	499,2	
00:03:05,185	499,2	
00:03:05,222	499,2	
00:03:05,259	499,2	
00:03:05,296	499,3	
00:03:05,333	499,3	
00:03:05,370	499,3	
00:03:05,407	499,3	
00:03:05,444	499,3	
00:03:05,481	499,3	
00:03:05,518	499,3	
00:03:05,555	499,3	
00:03:05,592	499,3	
00:03:05,629	499,3	
00:03:05,666	499,3	
00:03:05,703	499,3	
00:03:05,740	499,4	
00:03:05,777	499,4	
00:03:05,814	499,4	
00:03:05,851	499,4	
00:03:05,888	499,4	
00:03:05,925	499,4	
00:03:05,962	499,4	
00:03:05,999	499,4	
00:03:06,036	499,4	
00:03:06,073	499,4	
00:03:06,110	499,4	
00:03:06,147	499,4	
00:03:06,184	499,5	
00:03:06,222	499,5	
00:03:06,259	499,5	
00:03:06,296	499,5	
00:03:06,333	499,5	
00:03:06,370	499,5	
00:03:06,407	499,5	
00:03:06,444	499,5	
00:03:06,481	499,5	
00:03:06,518	499,5	
00:03:06,555	499,5	
00:03:06,592	499,5	
00:03:06,629	499,6	
00:03:06,666	499,6	
00:03:06,703	499,6	
00:03:06,740	499,6	
00:03:06,777	499,6	
00:03:06,814	499,6	
00:03:06,851	499,6	
00:03:06,888	499,6	
00:03:06,925	499,6	
00:03:06,962	499,6	
00:03:06,999	499,6	
00:03:07,036	499,6	
00:03:07,073	499,7	
00:03:07,110	499,7	
00:03:07,147	499,7	
00:03:07,184	499,7	
00:03:07,222	499,7	
00:03:07,259	499,7	
00:03:07,296	499,7	
00:03:07,333	499,7	
00:03:07,370	499,7	
00:03:07,407	499,7	
00:03:07,444	499,7	
00:03:07,481	499,7	
00:03:07,518	499,8	
00:03:07,555	499,8	
00:03:07,592	499,8	
00:03:07,629	499,8	
00:03:07,666	499,8	
00:03:07,703	499,8	
00:03:07,740	499,8	
00:03:07,777	499,8	
00:03:07,814	499,8	
00:03:07,851	499,8	
00:03:07,888	499,8	
00:03:07,925	499,9	
00:03:07,962	499,9	
00:03:07,999	499,9	
00:03:08,036	499,9	
00:03:08,073	499,9	
00:03:08,110	499,9	
00:03:08,147	499,9	
00:03:08,184	499,9	
00:03:08,222	499,9	
00:03:08,259	499,9	
00:03:08,296	499,9	
00:03:08,333	499,9	
00:03:08,370	500,0	
00:03:08,407	500,0	
00:03:08,444	500,0	
00:03:08,481	500,0	
00:03:08,518	500,0	
00:03:08,555	500,0	
00:03:08,592	500,0	
00:03:08,629	500,0	
00:03:08,666	500,0	
00:03:08,703	500,0	
00:03:08,740	500,0	
00:03:08,777	500,0	
00:03:08,814	500,1	
00:03:08,851	500,1	
00:03:08,888	500,1	
00:03:08,925	500,1	
00:03:08,962	500,1	
00:03:08,999	500,1	
00:03:09,036	500,1	
00:03:09,073	500,1	
00:03:09,110	500,1	
00:03:09,147	500,1	
00:03:09,184	500,1	
00:03:09,222	500,1	
00:03:09,259	500,2	
00:03:09,296	500,2	
00:03:09,333	500,2	
00:03:09,370	500,2	
00:03:09,407	500,2	
00:03:09,444	500,2	
00:03:09,481	500,2	
00:03:09,518	500,2	
00:03:09,555	500,2	
00:03:09,592	500,2	
00:03:09,629	500,2	
00:03:09,666	500,2	
00:03:09,703	500,3	
00:03:09,740	500,3	
00:03:09,777	500,3	
00:03:09,814	500,3	
00:03:09,851	500,3	
00:03:09,888	500,3	
00:03:09,925	500,3	
00:03:09,962	500,3	
00:03:09,999	500,3	
00:03:10,036	500,3	
00:03:10,073	500,3	
00:03:10,110	500,4	
00:03:10,147	500,4	
00:03:10,184	500,4	
00:03:10,222	500,4	
00:03:10,259	500,4	
00:03:10,296	500,4	
00:03:10,333	500,4	
00:03:10,370	500,4	
00:03:10,407	500,4	
00:03:10,444	500,4	
00:03:10,481	500,4	
00:03:10,518	500,4	
00:03:10,555	500,5	
00:03:10,592	500,5	
00:03:10,629	500,5	
00:03:10,666	500,5	
00:03:10,703	500,5	
00:03:10,740	500,5	
00:03:10,777	500,5	
00:03:10,814	500,5	
00:03:10,851	500,5	
00:03:10,888	500,5	
00:03:10,925	500,5	
00:03:10,962	500,5	
00:03:10,999	500,6	
00:03:11,036	500,6	
00:03:11,073	500,6	
00:03:11,110	500,6	
00:03:11,147	500,6	
00:03:11,184	500,6	
00:03:11,222	500,6	
00:03:11,259	500,6	
00:03:11,296	500,6	
00:03:11,333	500,6	
00:03:11,370	500,6	
00:03:11,407	500,6	
00:03:11,444	500,7	
00:03:11,481	500,7	
00:03:11,518	500,7	
00:03:11,555	500,7	
00:03:11,592	500,7	
00:03:11,629	500,7	
00:03:11,666	500,7	
00:03:11,703	500,7	
00:03:11,740	500,7	
00:03:11,777	500,7	
00:03:11,814	500,7	
00:03:11,851	500,7	
00:03:11,888	500,8	
00:03:11,925	500,8	
00:03:11,962	500,8	
00:03:11,999	500,8	
00:03:12,036	500,8	
00:03:12,073	500,8	
00:03:12,110	500,8	
00:03:12,147	500,8	
00:03:12,184	500,8	
00:03:12,222	500,8	
00:03:12,259	500,8	
00:03:12,296	500,8	
00:03:12,333	500,9	
00:03:12,370	500,9	
00:03:12,407	500,9	
00:03:12,444	500,9	
00:03:12,481	500,9	
00:03:12,518	500,9	
00:03:12,555	500,9	
00:03:12,592	500,9	
00:03:12,629	500,9	
00:03:12,666	500,9	
00:03:12,703	500,9	
00:03:12,740	501,0	
00:03:12,777	501,0	
00:03:12,814	501,0	
00:03:12,851	501,0	
00:03:12,888	501,0	
00:03:12,925	501,0	
00:03:12,962	501,0	
00:03:12,999	501,0	
00:03:13,036	501,0	
00:03:13,073	501,0	
00:03:13,110	501,0	
00:03:13,147	501,0	
00:03:13,184	501,1	
00:03:13,222	501,1	
00:03:13,259	501,1	
00:03:13,296	501,1	
00:03:13,333	501,1	
00:03:13,370	501,1	
00:03:13,407	501,1	
00:03:13,444	501,1	
00:03:13,481	501,1	
00:03:13,518	501,1	
00:03:13,555	501,1	
00:03:13,592	501,1	
00:03:13,629	501,2	
00:03:13,666	501,2	
00:03:13,703	501,2	
00:03:13,740	501,2	
00:03:13,777	501,2	
00:03:13,814	501,2	
00:03:13,851	501,2	
00:03:13,888	501,2	
00:03:13,925	501,2	
00:03:13,962	501,2	
00:03:13,999	501,2	
00:03:14,036	501,2	
00:03:14,073	501,3	
00:03:14,110	501,3	
00:03:14,147	501,3	
00:03:14,184	501,3	
00:03:14,222	501,3	
00:03:14,259	501,3	
00:03:14,296	501,3	
00:03:14,333	501,3	
00:03:14,370	501,3	
00:03:14,407	501,3	
00:03:14,444	501,3	
00:03:14,481	501,3	
00:03:14,518	501,4	
00:03:14,555	501,4	
00:03:14,592	501,4	
00:03:14,629	501,4	
00:03:14,666	501,4	
00:03:14,703	501,4	
00:03:14,740	501,4	
00:03:14,777	501,4	
00:03:14,814	501,4	
00:03:14,851	501,4	
00:03:14,888	501,4	
00:03:14,925	501,5	
00:03:14,962	501,5	
00:03:14,999	501,5	
00:03:15,036	501,5	
00:03:15,073	501,5	
00:03:15,110	501,5	
00:03:15,147	501,5	
00:03:15,184	501,5	
00:03:15,222	501,5	
00:03:15,259	501,5	
00:03:15,296	501,5	
00:03:15,333	501,5	
00:03:15,370	501,6	
00:03:15,407	501,6	
00:03:15,444	501,6	
00:03:15,481	501,6	
00:03:15,518	501,6	
00:03:15,555	501,6	
00:03:15,592	501,6	
00:03:15,629	501,6	
00:03:15,666	501,6	
00:03:15,703	501,6	
00:03:15,740	501,6	
00:03:15,777	501,6	
00:03:15,814	501,7	
00:03:15,851	501,7	
00:03:15,888	501,7	
00:03:15,925	501,7	
00:03:15,962	501,7	
00:03:15,999	501,7	
00:03:16,036	501,7	
00:03:16,073	501,7	
00:03:16,110	501,7	
00:03:16,147	501,7	
00:03:16,184	501,7	
00:03:16,222	501,7	
00:03:16,259	501,8	
00:03:16,296	501,8	
00:03:16,333	501,8	
00:03:16,370	501,8	
00:03:16,407	501,8	
00:03:16,444	501,8	
00:03:16,481	501,8	
00:03:16,518	501,8	
00:03:16,555	501,8	
00:03:16,592	501,8	
00:03:16,629	501,8	
00:03:16,666	501,8	
00:03:16,703	501,9	
00:03:16,740	501,9	
00:03:16,777	501,9	
00:03:16,814	501,9	
00:03:16,851	501,9	
00:03:16,888	501,9	
00:03:16,925	501,9	
00:03:16,962	501,9	
00:03:16,999	501,9	
00:03:17,036	501,9	
00:03:17,073	501,9	
00:03:17,110	501,9	
00:03:17,147	502,0	
00:03:17,184	502,0	
00:03:17,222	502,0	
00:03:17,259	502,0	
00:03:17,296	502,0	
00:03:17,333	502,0	
00:03:17,370	502,0	
00:03:17,407	502,0	
00:03:17,444	502,0	
00:03:17,481	502,0	
00:03:17,518	502,0	
00:03:17,555	502,1	
00:03:17,592	502,1	
00:03:17,629	502,1	
00:03:17,666	502,1	
00:03:17,703	502,1	
00:03:17,740	502,1	
00:03:17,777	502,1	
00:03:17,814	502,1	
00:03:17,851	502,1	
00:03:17,888	502,1	
00:03:17,925	502,1	
00:03:17,962	502,1	
00:03:17,999	502,2	
00:03:18,036	502,2	
00:03:18,073	502,2	
00:03:18,110	502,2	
00:03:18,147	502,2	
00:03:18,184	502,2	
00:03:18,222	502,2	
00:03:18,259	502,2	
00:03:18,296	502,2	
00:03:18,333	502,2	
00:03:18,370	502,2	
00:03:18,407	502,2	
00:03:18,444	502,3	
00:03:18,481	502,3	
00:03:18,518	502,3	
00:03:18,555	502,3	
00:03:18,592	502,3	
00:03:18,629	502,3	
00:03:18,666	502,3	
00:03:18,703	502,3	
00:03:18,740	502,3	
00:03:18,777	502,3	
00:03:18,814	502,3	
00:03:18,851	502,3	
00:03:18,888	502,4	
00:03:18,925	502,4	
00:03:18,962	502,4	
00:03:18,999	502,4	
00:03:19,036	502,4	
00:03:19,073	502,4	
00:03:19,110	502,4	
00:03:19,147	502,4	
00:03:19,184	502,4	
00:03:19,222	502,4	
00:03:19,259	502,4	
00:03:19,296	502,4	
00:03:19,333	502,5	
00:03:19,370	502,5	
00:03:19,407	502,5	
00:03:19,444	502,5	
00:03:19,481	502,5	
00:03:19,518	502,5	
00:03:19,555	502,5	
00:03:19,592	502,5	
00:03:19,629	502,5	
00:03:19,666	502,5	
00:03:19,703	502,5	
00:03:19,740	502,5	
00:03:19,777	502,6	
00:03:19,814	502,6	
00:03:19,851	502,6	
00:03:19,888	502,6	
00:03:19,925	502,6	
00:03:19,962	502,6	
00:03:19,999	502,6	
00:03:20,036	502,6	
00:03:20,073	502,6	
00:03:20,110	502,6	
00:03:20,147	502,6	
00:03:20,184	502,7	
00:03:20,222	502,7	
00:03:20,259	502,7	
00:03:20,296	502,7	
00:03:20,333	502,7	
00:03:20,370	502,7	
00:03:20,407	502,7	
00:03:20,444	502,7	
00:03:20,481	502,7	
00:03:20,518	502,7	
00:03:20,555	502,7	
00:03:20,592	502,7	
00:03:20,629	502,8	
00:03:20,666	502,8	
00:03:20,703	502,8	
00:03:20,740	502,8	
00:03:20,777	502,8	
00:03:20,814	502,8	
00:03:20,851	502,8	
00:03:20,888	502,8	
00:03:20,925	502,8	
00:03:20,962	502,8	
00:03:20,999	502,8	
00:03:21,036	502,8	
00:03:21,073	502,9	
00:03:21,110	502,9	
00:03:21,147	502,9	
00:03:21,184	502,9	
00:03:21,222	502,9	
00:03:21,259	502,9	
00:03:21,296	502,9	
00:03:21,333	502,9	
00:03:21,370	502,9	
00:03:21,407	502,9	
00:03:21,444	502,9	
00:03:21,481	502,9	
00:03:21,518	503,0	
00:03:21,555	503,0	
00:03:21,592	503,0	
00:03:21,629	503,0	
00:03:21,666	503,0	
00:03:21,703	503,0	
00:03:21,740	503,0	
00:03:21,777	503,0	
00:03:21,814	503,0	
00:03:21,851	503,0	
00:03:21,888	503,0	
00:03:21,925	503,0	
00:03:21,962	503,1	
00:03:21,999	503,1	
00:03:22,036	503,1	
00:03:22,073	503,1	
00:03:22,110	503,1	
00:03:22,147	503,1	
00:03:22,184	503,1	
00:03:22,222	503,1	
00:03:22,259	503,1	
00:03:22,296	503,1	
00:03:22,333	503,1	
00:03:22,370	503,2	
00:03:22,407	503,2	
00:03:22,444	503,2	
00:03:22,481	503,2	
00:03:22,518	503,2	
00:03:22,555	503,2	
00:03:22,592	503,2	
00:03:22,629	503,2	
00:03:22,666	503,2	
00:03:22,703	503,2	
00:03:22,740	503,2	
00:03:22,777	503,2	
00:03:22,814	503,3	
00:03:22,851	503,3	
00:03:22,888	503,3	
00:03:22,925	503,3	
00:03:22,962	503,3	
00:03:22,999	503,3	
00:03:23,036	503,3	
00:03:23,073	503,3	
00:03:23,110	503,3	
00:03:23,147	503,3	
00:03:23,184	503,3	
00:03:23,222	503,3	
00:03:23,259	503,4	
00:03:23,296	503,4	
00:03:23,333	503,4	
00:03:23,370	503,4	
00:03:23,407	503,4	
00:03:23,444	503,4	
00:03:23,481	503,4	
00:03:23,518	503,4	
00:03:23,555	503,4	
00:03:23,592	503,4	
00:03:23,629	503,4	
00:03:23,666	503,4	
00:03:23,703	503,5	
00:03:23,740	503,5	
00:03:23,777	503,5	
00:03:23,814	503,5	
00:03:23,851	503,5	
00:03:23,888	503,5	
00:03:23,925	503,5	
00:03:23,962	503,5	
00:03:23,999	503,5	
00:03:24,036	503,5	
00:03:24,073	503,5	
00:03:24,110	503,5	
00:03:24,147	503,6	
00:03:24,184	503,6	
00:03:24,222	503,6	
00:03:24,259	503,6	
00:03:24,296	503,6	
00:03:24,333	503,6	
00:03:24,370	503,6	
00:03:24,407	503,6	
00:03:24,444	503,6	
00:03:24,481	503,6	
00:03:24,518	503,6	
00:03:24,555	503,6	
00:03:24,592	503,7	
00:03:24,629	503,7	
00:03:24,666	503,7	
00:03:24,703	503,7	
00:03:24,740	503,7	
00:03:24,777	503,7	
00:03:24,814	503,7	
00:03:24,851	503,7	
00:03:24,888	503,7	
00:03:24,925	503,7	
00:03:24,962	503,7	
00:03:24,999	503,8	
00:03:25,036	503,8	
00:03:25,073	503,8	
00:03:25,110	503,8	
00:03:25,147	503,8	
00:03:25,184	503,8	
00:03:25,222	503,8	
00:03:25,259	503,8	
00:03:25,296	503,8	
00:03:25,333	503,8	
00:03:25,370	503,8	
00:03:25,407	503,8	
00:03:25,444	503,9	
00:03:25,481	503,9	
00:03:25,518	503,9	
00:03:25,555	503,9	
00:03:25,592	503,9	
00:03:25,629	503,9	
00:03:25,666	503,9	
00:03:25,703	503,9	
00:03:25,740	503,9	
00:03:25,777	503,9	
00:03:25,814	503,9	
00:03:25,851	503,9	
00:03:25,888	504,0	
00:03:25,925	504,0	
00:03:25,962	504,0	
00:03:25,999	504,0	
00:03:26,036	504,0	
00:03:26,073	504,0	
00:03:26,110	504,0	
00:03:26,147	504,0	
00:03:26,184	504,0	
00:03:26,222	504,0	
00:03:26,259	504,0	
00:03:26,296	504,0	
00:03:26,333	504,1	
00:03:26,370	504,1	
00:03:26,407	504,1	
00:03:26,444	504,1	
00:03:26,481	504,1	
00:03:26,518	504,1	
00:03:26,555	504,1	
00:03:26,592	504,1	
00:03:26,629	504,1	
00:03:26,666	504,1	
00:03:26,703	504,1	
00:03:26,740	504,1	
00:03:26,777	504,2	
00:03:26,814	504,2	
00:03:26,851	504,2	
00:03:26,888	504,2	
00:03:26,925	504,2	
00:03:26,962	504,2	
00:03:26,999	504,2	
00:03:27,036	504,2	
00:03:27,073	504,2	
00:03:27,110	504,2	
00:03:27,147	504,2	
00:03:27,184	504,2	
00:03:27,222	504,3	
00:03:27,259	504,3	
00:03:27,296	504,3	
00:03:27,333	504,3	
00:03:27,370	504,3	
00:03:27,407	504,3	
00:03:27,444	504,3	
00:03:27,481	504,3	
00:03:27,518	504,3	
00:03:27,555	504,3	
00:03:27,592	504,3	
00:03:27,629	504,4	
00:03:27,666	504,4	
00:03:27,703	504,4	
00:03:27,740	504,4	
00:03:27,777	504,4	
00:03:27,814	504,4	
00:03:27,851	504,4	
00:03:27,888	504,4	
00:03:27,925	504,4	
00:03:27,962	504,4	
00:03:27,999	504,4	
00:03:28,036	504,4	
00:03:28,073	504,5	
00:03:28,110	504,5	
00:03:28,147	504,5	
00:03:28,184	504,5	
00:03:28,222	504,5	
00:03:28,259	504,5	
00:03:28,296	504,5	
00:03:28,333	504,5	
00:03:28,370	504,5	
00:03:28,407	504,5	
00:03:28,444	504,5	
00:03:28,481	504,5	
00:03:28,518	504,6	
00:03:28,555	504,6	
00:03:28,592	504,6	
00:03:28,629	504,6	
00:03:28,666	504,6	
00:03:28,703	504,6	
00:03:28,740	504,6	
00:03:28,777	504,6	
00:03:28,814	504,6	
00:03:28,851	504,6	
00:03:28,888	504,6	
00:03:28,925	504,6	
00:03:28,962	504,7	
00:03:28,999	504,7	
00:03:29,036	504,7	
00:03:29,073	504,7	
00:03:29,110	504,7	
00:03:29,147	504,7	
00:03:29,184	504,7	
00:03:29,222	504,7	
00:03:29,259	504,7	
00:03:29,296	504,7	
00:03:29,333	504,7	
00:03:29,370	504,7	
00:03:29,407	504,8	
00:03:29,444	504,8	
00:03:29,481	504,8	
00:03:29,518	504,8	
00:03:29,555	504,8	
00:03:29,592	504,8	
00:03:29,629	504,8	
00:03:29,666	504,8	
00:03:29,703	504,8	
00:03:29,740	504,8	
00:03:29,777	504,8	
00:03:29,814	504,9	
00:03:29,851	504,9	
00:03:29,888	504,9	
00:03:29,925	504,9	
00:03:29,962	504,9	
00:03:29,999	504,9	
00:03:30,036	504,9	
00:03:30,073	504,9	
00:03:30,110	504,9	
00:03:30,147	504,9	
00:03:30,184	504,9	
00:03:30,222	504,9	
00:03:30,259	505,0	
00:03:30,296	505,0	
00:03:30,333	505,0	
00:03:30,370	505,0	
00:03:30,407	505,0	
00:03:30,444	505,0	
00:03:30,481	505,0	
00:03:30,518	505,0	
00:03:30,555	505,0	
00:03:30,592	505,0	
00:03:30,629	505,0	
00:03:30,666	505,0	
00:03:30,703	505,1	
00:03:30,740	505,1	
00:03:30,777	505,1	
00:03:30,814	505,1	
00:03:30,851	505,1	
00:03:30,888	505,1	
00:03:30,925	505,1	
00:03:30,962	505,1	
00:03:30,999	505,1	
00:03:31,036	505,1	
00:03:31,073	505,1	
00:03:31,110	505,1	
00:03:31,147	505,2	
00:03:31,184	505,2	
00:03:31,222	505,2	
00:03:31,259	505,2	
00:03:31,296	505,2	
00:03:31,333	505,2	
00:03:31,370	505,2	
00:03:31,407	505,2	
00:03:31,444	505,2	
00:03:31,481	505,2	
00:03:31,518	505,2	
00:03:31,555	505,2	
00:03:31,592	505,3	
00:03:31,629	505,3	
00:03:31,666	505,3	
00:03:31,703	505,3	
00:03:31,740	505,3	
00:03:31,777	505,3	
00:03:31,814	505,3	
00:03:31,851	505,3	
00:03:31,888	505,3	
00:03:31,925	505,3	
00:03:31,962	505,3	
00:03:31,999	505,3	
00:03:32,036	505,4	
00:03:32,073	505,4	
00:03:32,110	505,4	
00:03:32,147	505,4	
00:03:32,184	505,4	
00:03:32,222	505,4	
00:03:32,259	505,4	
00:03:32,296	505,5	
00:03:32,333	505,5	
00:03:32,370	505,5	
00:03:32,407	505,6	
00:03:32,444	505,6	
00:03:32,481	505,7	
00:03:32,518	505,7	
00:03:32,555	505,7	
00:03:32,592	505,8	
00:03:32,629	505,8	
00:03:32,666	505,8	
00:03:32,703	505,9	
00:03:32,740	505,9	
00:03:32,777	506,0	
00:03:32,814	506,0	
00:03:32,851	506,0	
00:03:32,888	506,1	
00:03:32,925	506,1	
00:03:32,962	506,1	
00:03:32,999	506,2	
00:03:33,036	506,2	
00:03:33,073	506,3	
00:03:33,110	506,3	
00:03:33,147	506,3	
00:03:33,184	506,4	
00:03:33,222	506,4	
00:03:33,259	506,4	
00:03:33,296	506,5	
00:03:33,333	506,5	
00:03:33,370	506,6	
00:03:33,407	506,6	
00:03:33,444	506,6	
00:03:33,481	506,7	
00:03:33,518	506,7	
00:03:33,555	506,7	
00:03:33,592	506,8	
00:03:33,629	506,8	
00:03:33,666	506,9	
00:03:33,703	506,9	
00:03:33,740	506,9	
00:03:33,777	507,0	
00:03:33,814	507,0	
00:03:33,851	507,0	
00:03:33,888	507,1	
00:03:33,925	507,1	
00:03:33,962	507,1	
00:03:33,999	507,2	
00:03:34,036	507,2	
00:03:34,073	507,3	
00:03:34,110	507,3	
00:03:34,147	507,3	
00:03:34,184	507,4	
00:03:34,222	507,4	
00:03:34,259	507,4	
00:03:34,296	507,5	
00:03:34,333	507,5	
00:03:34,370	507,6	
00:03:34,407	507,6	
00:03:34,444	507,6	
00:03:34,481	507,7	
00:03:34,518	507,7	
00:03:34,555	507,7	
00:03:34,592	507,8	
00:03:34,629	507,8	
00:03:34,666	507,9	
00:03:34,703	507,9	
00:03:34,740	507,9	
00:03:34,777	508,0	
00:03:34,814	508,0	
00:03:34,851	508,0	
00:03:34,888	508,1	
00:03:34,925	508,1	
00:03:34,962	508,2	
00:03:34,999	508,2	
00:03:35,036	508,2	
00:03:35,073	508,3	
00:03:35,110	508,3	
00:03:35,147	508,3	
00:03:35,184	508,4	
00:03:35,222	508,4	
00:03:35,259	508,5	
00:03:35,296	508,5	
00:03:35,333	508,5	
00:03:35,370	508,6	
00:03:35,407	508,6	
00:03:35,444	508,6	
00:03:35,481	508,7	
00:03:35,518	508,7	
00:03:35,555	508,7	
00:03:35,592	508,8	
00:03:35,629	508,8	
00:03:35,666	508,9	
00:03:35,703	508,9	
00:03:35,740	508,9	
00:03:35,777	509,0	
00:03:35,814	509,0	
00:03:35,851	509,0	
00:03:35,888	509,1	
00:03:35,925	509,1	
00:03:35,962	509,2	
00:03:35,999	509,2	
00:03:36,036	509,2	
00:03:36,073	509,3	
00:03:36,110	509,3	
00:03:36,147	509,3	
00:03:36,184	509,4	
00:03:36,222	509,4	
00:03:36,259	509,5	
00:03:36,296	509,5	
00:03:36,333	509,5	
00:03:36,370	509,6	
00:03:36,407	509,6	
00:03:36,444	509,6	
00:03:36,481	509,7	
00:03:36,518	509,7	
00:03:36,555	509,8	
00:03:36,592	509,8	
00:03:36,629	509,8	
00:03:36,666	509,9	
00:03:36,703	509,9	
00:03:36,740	509,9	
00:03:36,777	510,0	
00:03:36,814	510,0	
00:03:36,851	510,0	
00:03:36,888	510,1	
00:03:36,925	510,1	
00:03:36,962	510,2	
00:03:36,999	510,2	
00:03:37,036	510,2	
00:03:37,073	510,3	
00:03:37,110	510,3	
00:03:37,147	510,3	
00:03:37,184	510,4	
00:03:37,222	510,4	
00:03:37,259	510,5	
00:03:37,296	510,5	
00:03:37,333	510,5	
00:03:37,370	510,6	
00:03:37,407	510,6	
00:03:37,444	510,6	
00:03:37,481	510,7	
00:03:37,518	510,7	
00:03:37,555	510,8	
00:03:37,592	510,8	
00:03:37,629	510,8	
00:03:37,666	510,9	
00:03:37,703	510,9	
00:03:37,740	510,9	
00:03:37,777	511,0	
00:03:37,814	511,0	
00:03:37,851	511,1	
00:03:37,888	511,1	
00:03:37,925	511,1	
00:03:37,962	511,2	
00:03:37,999	511,2	
00:03:38,036	511,2	
00:03:38,073	511,3	
00:03:38,110	511,3	
00:03:38,147	511,4	
00:03:38,184	511,4	
00:03:38,222	511,4	
00:03:38,259	511,5	
00:03:38,296	511,5	
00:03:38,333	511,5	
00:03:38,370	511,6	
00:03:38,407	511,6	
00:03:38,444	511,6	
00:03:38,481	511,7	
00:03:38,518	511,7	
00:03:38,555	511,8	
00:03:38,592	511,8	
00:03:38,629	511,8	
00:03:38,666	511,9	
00:03:38,703	511,9	
00:03:38,740	511,9	
00:03:38,777	512,0	
00:03:38,814	512,0	
00:03:38,851	512,1	
00:03:38,888	512,1	
00:03:38,925	512,1	
00:03:38,962	512,2	
00:03:38,999	512,2	
00:03:39,036	512,2	
00:03:39,073	512,3	
00:03:39,110	512,3	
00:03:39,147	512,4	
00:03:39,184	512,4	
00:03:39,222	512,4	
00:03:39,259	512,5	
00:03:39,296	512,5	
00:03:39,333	512,5	
00:03:39,370	512,6	
00:03:39,407	512,6	
00:03:39,444	512,7	
00:03:39,481	512,7	
00:03:39,518	512,7	
00:03:39,555	512,8	
00:03:39,592	512,8	
00:03:39,629	512,8	
00:03:39,666	512,9	
00:03:39,703	512,9	
00:03:39,740	513,0	
00:03:39,777	513,0	
00:03:39,814	513,0	
00:03:39,851	513,1	
00:03:39,888	513,1	
00:03:39,925	513,1	
00:03:39,962	513,2	
00:03:39,999	513,2	
00:03:40,036	513,2	
00:03:40,073	513,3	
00:03:40,110	513,3	
00:03:40,147	513,4	
00:03:40,184	513,4	
00:03:40,222	513,4	
00:03:40,259	513,5	
00:03:40,296	513,5	
00:03:40,333	513,5	
00:03:40,370	513,6	
00:03:40,407	513,6	
00:03:40,444	513,7	
00:03:40,481	513,7	
00:03:40,518	513,7	
00:03:40,555	513,8	
00:03:40,592	513,8	
00:03:40,629	513,8	
00:03:40,666	513,9	
00:03:40,703	513,9	
00:03:40,740	514,0	
00:03:40,777	514,0	
00:03:40,814	514,0	
00:03:40,851	514,1	
00:03:40,888	514,1	
00:03:40,925	514,1	
00:03:40,962	514,2	
00:03:40,999	514,2	
00:03:41,036	514,3	
00:03:41,073	514,3	
00:03:41,110	514,3	
00:03:41,147	514,4	
00:03:41,184	514,4	
00:03:41,222	514,4	
00:03:41,259	514,5	
00:03:41,296	514,5	
00:03:41,333	514,6	
00:03:41,370	514,6	
00:03:41,407	514,6	
00:03:41,444	514,7	
00:03:41,481	514,7	
00:03:41,518	514,7	
00:03:41,555	514,8	
00:03:41,592	514,8	
00:03:41,629	514,8	
00:03:41,666	514,9	
00:03:41,703	514,9	
00:03:41,740	515,0	
00:03:41,777	515,0	
00:03:41,814	515,0	
00:03:41,851	515,1	
00:03:41,888	515,1	
00:03:41,925	515,1	
00:03:41,962	515,2	
00:03:41,999	515,2	
00:03:42,036	515,3	
00:03:42,073	515,3	
00:03:42,110	515,3	
00:03:42,147	515,4	
00:03:42,184	515,4	
00:03:42,222	515,4	
00:03:42,259	515,5	
00:03:42,296	515,5	
00:03:42,333	515,6	
00:03:42,370	515,6	
00:03:42,407	515,6	
00:03:42,444	515,7	
00:03:42,481	515,7	
00:03:42,518	515,7	
00:03:42,555	515,8	
00:03:42,592	515,8	
00:03:42,629	515,9	
00:03:42,666	515,9	
00:03:42,703	515,9	
00:03:42,740	516,0	
00:03:42,777	516,0	
00:03:42,814	516,0	
00:03:42,851	516,1	
00:03:42,888	516,1	
00:03:42,925	516,2	
00:03:42,962	516,2	
00:03:42,999	516,2	
00:03:43,036	516,3	
00:03:43,073	516,3	
00:03:43,110	516,3	
00:03:43,147	516,4	
00:03:43,184	516,4	
00:03:43,221	516,4	
00:03:43,259	516,5	
00:03:43,296	516,5	
00:03:43,333	516,6	
00:03:43,370	516,6	
00:03:43,407	516,6	
00:03:43,444	516,7	
00:03:43,481	516,7	
00:03:43,518	516,7	
00:03:43,555	516,8	
00:03:43,592	516,8	
00:03:43,629	516,9	
00:03:43,666	516,9	
00:03:43,703	516,9	
00:03:43,740	517,0	
00:03:43,777	517,0	
00:03:43,814	517,0	
00:03:43,851	517,1	
00:03:43,888	517,1	
00:03:43,925	517,2	
00:03:43,962	517,2	
00:03:43,999	517,2	
00:03:44,036	517,3	
00:03:44,073	517,3	
00:03:44,110	517,3	
00:03:44,147	517,4	
00:03:44,184	517,4	
00:03:44,221	517,5	
00:03:44,259	517,5	
00:03:44,296	517,5	
00:03:44,333	517,6	
00:03:44,370	517,6	
00:03:44,407	517,6	
00:03:44,444	517,7	
00:03:44,481	517,7	
00:03:44,518	517,7	
00:03:44,555	517,8	
00:03:44,592	517,8	
00:03:44,629	517,9	
00:03:44,666	517,9	
00:03:44,703	517,9	
00:03:44,740	518,0	
00:03:44,777	518,0	
00:03:44,814	518,0	
00:03:44,851	518,1	
00:03:44,888	518,1	
00:03:44,925	518,2	
00:03:44,962	518,2	
00:03:44,999	518,2	
00:03:45,036	518,3	
00:03:45,073	518,3	
00:03:45,110	518,3	
00:03:45,147	518,4	
00:03:45,184	518,4	
00:03:45,221	518,5	
00:03:45,259	518,5	
00:03:45,296	518,5	
00:03:45,333	518,6	
00:03:45,370	518,6	
00:03:45,407	518,6	
00:03:45,444	518,7	
00:03:45,481	518,7	
00:03:45,518	518,8	
00:03:45,555	518,8	
00:03:45,592	518,8	
00:03:45,629	518,9	
00:03:45,666	518,9	
00:03:45,703	518,9	
00:03:45,740	519,0	
00:03:45,777	519,0	
00:03:45,814	519,1	
00:03:45,851	519,1	
00:03:45,888	519,1	
00:03:45,925	519,2	
00:03:45,962	519,2	
00:03:45,999	519,2	
00:03:46,036	519,3	
00:03:46,073	519,3	
00:03:46,110	519,3	
00:03:46,147	519,4	
00:03:46,184	519,4	
00:03:46,221	519,5	
00:03:46,259	519,5	
00:03:46,296	519,5	
00:03:46,333	519,6	
00:03:46,370	519,6	
00:03:46,407	519,6	
00:03:46,444	519,7	
00:03:46,481	519,7	
00:03:46,518	519,8	
00:03:46,555	519,8	
00:03:46,592	519,8	
00:03:46,629	519,9	
00:03:46,666	519,9	
00:03:46,703	519,9	
00:03:46,740	520,0	
00:03:46,777	520,0	
00:03:46,814	520,1	
00:03:46,851	520,1	
00:03:46,888	520,1	
00:03:46,925	520,2	
00:03:46,962	520,2	
00:03:46,999	520,2	
00:03:47,036	520,3	
00:03:47,073	520,3	
00:03:47,110	520,4	
00:03:47,147	520,4	
00:03:47,184	520,4	
00:03:47,221	520,5	
00:03:47,259	520,5	
00:03:47,296	520,5	
00:03:47,333	520,6	
00:03:47,370	520,6	
00:03:47,407	520,7	
00:03:47,444	520,7	
00:03:47,481	520,7	
00:03:47,518	520,8	
00:03:47,555	520,8	
00:03:47,592	520,8	
00:03:47,629	520,9	
00:03:47,666	520,9	
00:03:47,703	520,9	
00:03:47,740	521,0	
00:03:47,777	521,0	
00:03:47,814	521,1	
00:03:47,851	521,1	
00:03:47,888	521,1	
00:03:47,925	521,2	
00:03:47,962	521,2	
00:03:47,999	521,2	
00:03:48,036	521,3	
00:03:48,073	521,3	
00:03:48,110	521,4	
00:03:48,147	521,4	
00:03:48,184	521,4	
00:03:48,221	521,5	
00:03:48,259	521,5	
00:03:48,296	521,5	
00:03:48,333	521,6	
00:03:48,370	521,6	
00:03:48,407	521,7	
00:03:48,444	521,7	
00:03:48,481	521,7	
00:03:48,518	521,8	
00:03:48,555	521,8	
00:03:48,592	521,8	
00:03:48,629	521,9	
00:03:48,666	521,9	
00:03:48,703	522,0	
00:03:48,740	522,0	
00:03:48,777	522,0	
00:03:48,814	522,1	
00:03:48,851	522,1	
00:03:48,888	522,1	
00:03:48,925	522,2	
00:03:48,962	522,2	
00:03:48,999	522,3	
00:03:49,036	522,3	
00:03:49,073	522,3	
00:03:49,110	522,4	
00:03:49,147	522,4	
00:03:49,184	522,4	
00:03:49,221	522,5	
00:03:49,259	522,5	
00:03:49,296	522,5	
00:03:49,333	522,6	
00:03:49,370	522,6	
00:03:49,407	522,7	
00:03:49,444	522,7	
00:03:49,481	522,7	
00:03:49,518	522,8	
00:03:49,555	522,8	
00:03:49,592	522,8	
00:03:49,629	522,9	
00:03:49,666	522,9	
00:03:49,703	523,0	
00:03:49,740	523,0	
00:03:49,777	523,0	
00:03:49,814	523,1	
00:03:49,851	523,1	
00:03:49,888	523,1	
00:03:49,925	523,2	
00:03:49,962	523,2	
00:03:49,999	523,3	
00:03:50,036	523,3	
00:03:50,073	523,3	
00:03:50,110	523,4	
00:03:50,147	523,4	
00:03:50,184	523,4	
00:03:50,221	523,5	
00:03:50,259	523,5	
00:03:50,296	523,6	
00:03:50,333	523,6	
00:03:50,370	523,6	
00:03:50,407	523,7	
00:03:50,444	523,7	
00:03:50,481	523,7	
00:03:50,518	523,8	
00:03:50,555	523,8	
00:03:50,592	523,9	
00:03:50,629	523,9	
00:03:50,666	523,9	
00:03:50,703	524,0	
00:03:50,740	524,0	
00:03:50,777	524,0	
00:03:50,814	524,1	
00:03:50,851	524,1	
00:03:50,888	524,1	
00:03:50,925	524,2	
00:03:50,962	524,2	
00:03:50,999	524,3	
00:03:51,036	524,3	
00:03:51,073	524,3	
00:03:51,110	524,4	
00:03:51,147	524,4	
00:03:51,184	524,4	
00:03:51,221	524,5	
00:03:51,259	524,5	
00:03:51,296	524,6	
00:03:51,333	524,6	
00:03:51,370	524,6	
00:03:51,407	524,7	
00:03:51,444	524,7	
00:03:51,481	524,7	
00:03:51,518	524,8	
00:03:51,555	524,8	
00:03:51,592	524,9	
00:03:51,629	524,9	
00:03:51,666	524,9	
00:03:51,703	525,0	
00:03:51,740	525,0	
00:03:51,777	525,0	
00:03:51,814	525,1	
00:03:51,851	525,1	
00:03:51,888	525,2	
00:03:51,925	525,2	
00:03:51,962	525,2	
00:03:51,999	525,3	
00:03:52,036	525,3	
00:03:52,073	525,3	
00:03:52,110	525,4	
00:03:52,147	525,4	
00:03:52,184	525,4	
00:03:52,221	525,5	
00:03:52,259	525,5	
00:03:52,296	525,6	
00:03:52,333	525,6	
00:03:52,370	525,6	
00:03:52,407	525,7	
00:03:52,444	525,7	
00:03:52,481	525,7	
00:03:52,518	525,8	
00:03:52,555	525,8	
00:03:52,592	525,9	
00:03:52,629	525,9	
00:03:52,666	525,9	
00:03:52,703	526,0	
00:03:52,740	526,0	
00:03:52,777	526,0	
00:03:52,814	526,1	
00:03:52,851	526,1	
00:03:52,888	526,2	
00:03:52,925	526,2	
00:03:52,962	526,2	
00:03:52,999	526,3	
00:03:53,036	526,3	
00:03:53,073	526,3	
00:03:53,110	526,4	
00:03:53,147	526,4	
00:03:53,184	526,5	
00:03:53,221	526,5	
00:03:53,259	526,5	
00:03:53,296	526,6	
00:03:53,333	526,6	
00:03:53,370	526,6	
00:03:53,407	526,7	
00:03:53,444	526,7	
00:03:53,481	526,8	
00:03:53,518	526,8	
00:03:53,555	526,8	
00:03:53,592	526,9	
00:03:53,629	526,9	
00:03:53,666	526,9	
00:03:53,703	527,0	
00:03:53,740	527,0	
00:03:53,777	527,0	
00:03:53,814	527,1	
00:03:53,851	527,1	
00:03:53,888	527,2	
00:03:53,925	527,2	
00:03:53,962	527,2	
00:03:53,999	527,3	
00:03:54,036	527,3	
00:03:54,073	527,3	
00:03:54,110	527,4	
00:03:54,147	527,4	
00:03:54,184	527,5	
00:03:54,221	527,5	
00:03:54,259	527,5	
00:03:54,296	527,6	
00:03:54,333	527,6	
00:03:54,370	527,6	
00:03:54,407	527,7	
00:03:54,444	527,7	
00:03:54,481	527,8	
00:03:54,518	527,8	
00:03:54,555	527,8	
00:03:54,592	527,9	
00:03:54,629	527,9	
00:03:54,666	527,9	
00:03:54,703	528,0	
00:03:54,740	528,0	
00:03:54,777	528,1	
00:03:54,814	528,1	
00:03:54,851	528,1	
00:03:54,888	528,2	
00:03:54,925	528,2	
00:03:54,962	528,2	
00:03:54,999	528,3	
00:03:55,036	528,3	
00:03:55,073	528,4	
00:03:55,110	528,4	
00:03:55,147	528,4	
00:03:55,184	528,5	
00:03:55,221	528,5	
00:03:55,259	528,5	
00:03:55,296	528,6	
00:03:55,333	528,6	
00:03:55,370	528,6	
00:03:55,407	528,7	
00:03:55,444	528,7	
00:03:55,481	528,8	
00:03:55,518	528,8	
00:03:55,555	528,8	
00:03:55,592	528,9	
00:03:55,629	528,9	
00:03:55,666	528,9	
00:03:55,703	529,0	
00:03:55,740	529,0	
00:03:55,777	529,1	
00:03:55,814	529,1	
00:03:55,851	529,1	
00:03:55,888	529,2	
00:03:55,925	529,2	
00:03:55,962	529,2	
00:03:55,999	529,3	
00:03:56,036	529,3	
00:03:56,073	529,4	
00:03:56,110	529,4	
00:03:56,147	529,4	
00:03:56,184	529,5	
00:03:56,221	529,5	
00:03:56,259	529,5	
00:03:56,296	529,6	
00:03:56,333	529,6	
00:03:56,370	529,7	
00:03:56,407	529,7	
00:03:56,444	529,7	
00:03:56,481	529,8	
00:03:56,518	529,8	
00:03:56,555	529,8	
00:03:56,592	529,9	
00:03:56,629	529,9	
00:03:56,666	530,0	
00:03:56,703	530,0	
00:03:56,740	530,0	
00:03:56,777	530,1	
00:03:56,814	530,1	
00:03:56,851	530,1	
00:03:56,888	530,2	
00:03:56,925	530,2	
00:03:56,962	530,2	
00:03:56,999	530,3	
00:03:57,036	530,3	
00:03:57,073	530,4	
00:03:57,110	530,4	
00:03:57,147	530,4	
00:03:57,184	530,5	
00:03:57,221	530,5	
00:03:57,259	530,5	
00:03:57,296	530,6	
00:03:57,333	530,6	
00:03:57,370	530,7	
00:03:57,407	530,7	
00:03:57,444	530,7	
00:03:57,481	530,8	
00:03:57,518	530,8	
00:03:57,555	530,8	
00:03:57,592	530,9	
00:03:57,629	530,9	
00:03:57,666	531,0	
00:03:57,703	531,0	
00:03:57,740	531,0	
00:03:57,777	531,1	
00:03:57,814	531,1	
00:03:57,851	531,1	
00:03:57,888	531,2	
00:03:57,925	531,2	
00:03:57,962	531,3	
00:03:57,999	531,3	
00:03:58,036	531,3	
00:03:58,073	531,4	
00:03:58,110	531,4	
00:03:58,147	531,4	
00:03:58,184	531,5	
00:03:58,221	531,5	
00:03:58,259	531,5	
00:03:58,296	531,6	
00:03:58,333	531,6	
00:03:58,370	531,7	
00:03:58,407	531,7	
00:03:58,444	531,7	
00:03:58,481	531,8	
00:03:58,518	531,8	
00:03:58,555	531,8	
00:03:58,592	531,9	
00:03:58,629	531,9	
00:03:58,666	532,0	
00:03:58,703	532,0	
00:03:58,740	532,0	
00:03:58,777	532,1	
00:03:58,814	532,1	
00:03:58,851	532,1	
00:03:58,888	532,2	
00:03:58,925	532,2	
00:03:58,962	532,3	
00:03:58,999	532,3	
00:03:59,036	532,3	
00:03:59,073	532,4	
00:03:59,110	532,4	
00:03:59,147	532,4	
00:03:59,184	532,5	
00:03:59,221	532,5	
00:03:59,259	532,6	
00:03:59,296	532,6	
00:03:59,333	532,6	
00:03:59,370	532,7	
00:03:59,407	532,7	
00:03:59,444	532,7	
00:03:59,481	532,8	
00:03:59,518	532,8	
00:03:59,555	532,9	
00:03:59,592	532,9	
00:03:59,629	532,9	
00:03:59,666	533,0	
00:03:59,703	533,0	
00:03:59,740	533,0	
00:03:59,777	533,1	
00:03:59,814	533,1	
00:03:59,851	533,1	
00:03:59,888	533,2	
00:03:59,925	533,2	
00:03:59,962	533,3	
00:03:59,999	533,3	
00:04:00,036	533,3	
00:04:00,073	533,4	
00:04:00,110	533,4	
00:04:00,147	533,4	
00:04:00,184	533,5	
00:04:00,221	533,5	
00:04:00,259	533,6	
00:04:00,296	533,6	
00:04:00,333	533,6	
00:04:00,370	533,7	
00:04:00,407	533,7	
00:04:00,444	533,7	
00:04:00,481	533,8	
00:04:00,518	533,8	
00:04:00,555	533,9	
00:04:00,592	533,9	
00:04:00,629	533,9	
00:04:00,666	534,0	
00:04:00,703	534,0	
00:04:00,740	534,0	
00:04:00,777	534,1	
00:04:00,814	534,1	
00:04:00,851	534,2	
00:04:00,888	534,2	
00:04:00,925	534,2	
00:04:00,962	534,3	
00:04:00,999	534,3	
00:04:01,036	534,3	
00:04:01,073	534,4	
00:04:01,110	534,4	
00:04:01,147	534,5	
00:04:01,184	534,5	
00:04:01,221	534,5	
00:04:01,259	534,6	
00:04:01,296	534,6	
00:04:01,333	534,6	
00:04:01,370	534,7	
00:04:01,407	534,7	
00:04:01,444	534,7	
00:04:01,481	534,8	
00:04:01,518	534,8	
00:04:01,555	534,9	
00:04:01,592	534,9	
00:04:01,629	534,9	
00:04:01,666	535,0	
00:04:01,703	535,0	
00:04:01,740	535,0	
00:04:01,777	535,1	
00:04:01,814	535,1	
00:04:01,851	535,2	
00:04:01,888	535,2	
00:04:01,925	535,2	
00:04:01,962	535,3	
00:04:01,999	535,3	
00:04:02,036	535,3	
00:04:02,073	535,4	
00:04:02,110	535,4	
00:04:02,147	535,5	
00:04:02,184	535,5	
00:04:02,221	535,5	
00:04:02,259	535,6	
00:04:02,296	535,6	
00:04:02,333	535,6	
00:04:02,370	535,7	
00:04:02,407	535,7	
00:04:02,444	535,8	
00:04:02,481	535,8	
00:04:02,518	535,8	
00:04:02,555	535,9	
00:04:02,592	535,9	
00:04:02,629	535,9	
00:04:02,666	536,0	
00:04:02,703	536,0	
00:04:02,740	536,1	
00:04:02,777	536,1	
00:04:02,814	536,1	
00:04:02,851	536,2	
00:04:02,888	536,2	
00:04:02,925	536,2	
00:04:02,962	536,3	
00:04:02,999	536,3	
00:04:03,036	536,3	
00:04:03,073	536,4	
00:04:03,110	536,4	
00:04:03,147	536,5	
00:04:03,184	536,5	
00:04:03,221	536,5	
00:04:03,259	536,6	
00:04:03,296	536,6	
00:04:03,333	536,6	
00:04:03,370	536,7	
00:04:03,407	536,7	
00:04:03,444	536,8	
00:04:03,481	536,8	
00:04:03,518	536,8	
00:04:03,555	536,9	
00:04:03,592	536,9	
00:04:03,629	536,9	
00:04:03,666	537,0	
00:04:03,703	537,0	
00:04:03,740	537,1	
00:04:03,777	537,1	
00:04:03,814	537,1	
00:04:03,851	537,2	
00:04:03,888	537,2	
00:04:03,925	537,2	
00:04:03,962	537,3	
00:04:03,999	537,3	
00:04:04,036	537,4	
00:04:04,073	537,4	
00:04:04,110	537,4	
00:04:04,147	537,5	
00:04:04,184	537,5	
00:04:04,221	537,5	
00:04:04,259	537,6	
00:04:04,296	537,6	
00:04:04,333	537,7	
00:04:04,370	537,7	
00:04:04,407	537,7	
00:04:04,444	537,8	
00:04:04,481	537,8	
00:04:04,518	537,8	
00:04:04,555	537,9	
00:04:04,592	537,9	
00:04:04,629	537,9	
00:04:04,666	538,0	
00:04:04,703	538,0	
00:04:04,740	538,1	
00:04:04,777	538,1	
00:04:04,814	538,1	
00:04:04,851	538,2	
00:04:04,888	538,2	
00:04:04,925	538,2	
00:04:04,962	538,3	
00:04:04,999	538,3	
00:04:05,036	538,4	
00:04:05,073	538,4	
00:04:05,110	538,4	
00:04:05,147	538,5	
00:04:05,184	538,5	
00:04:05,221	538,5	
00:04:05,259	538,6	
00:04:05,296	538,6	
00:04:05,333	538,7	
00:04:05,370	538,7	
00:04:05,407	538,7	
00:04:05,444	538,8	
00:04:05,481	538,8	
00:04:05,518	538,8	
00:04:05,555	538,9	
00:04:05,592	538,9	
00:04:05,629	539,0	
00:04:05,666	539,0	
00:04:05,703	539,0	
00:04:05,740	539,1	
00:04:05,777	539,1	
00:04:05,814	539,1	
00:04:05,851	539,2	
00:04:05,888	539,2	
00:04:05,925	539,2	
00:04:05,962	539,3	
00:04:05,999	539,3	
00:04:06,036	539,4	
00:04:06,073	539,4	
00:04:06,110	539,4	
00:04:06,147	539,5	
00:04:06,184	539,5	
00:04:06,221	539,5	
00:04:06,259	539,6	
00:04:06,296	539,6	
00:04:06,333	539,7	
00:04:06,370	539,7	
00:04:06,407	539,7	
00:04:06,444	539,8	
00:04:06,481	539,8	
00:04:06,518	539,8	
00:04:06,555	539,9	
00:04:06,592	539,9	
00:04:06,629	540,0	
00:04:06,666	540,0	
00:04:06,703	540,0	
00:04:06,740	540,1	
00:04:06,777	540,1	
00:04:06,814	540,1	
00:04:06,851	540,2	
00:04:06,888	540,2	
00:04:06,925	540,3	
00:04:06,962	540,3	
00:04:06,999	540,3	
00:04:07,036	540,4	
00:04:07,073	540,4	
00:04:07,110	540,4	
00:04:07,147	540,5	
00:04:07,184	540,5	
00:04:07,221	540,6	
00:04:07,259	540,6	
00:04:07,296	540,6	
00:04:07,333	540,7	
00:04:07,370	540,7	
00:04:07,407	540,7	
00:04:07,444	540,8	
00:04:07,481	540,8	
00:04:07,518	540,8	
00:04:07,555	540,9	
00:04:07,592	540,9	
00:04:07,629	541,0	
00:04:07,666	541,0	
00:04:07,703	541,0	
00:04:07,740	541,1	
00:04:07,777	541,1	
00:04:07,814	541,1	
00:04:07,851	541,2	
00:04:07,888	541,2	
00:04:07,925	541,3	
00:04:07,962	541,3	
00:04:07,999	541,3	
00:04:08,036	541,4	
00:04:08,073	541,4	
00:04:08,110	541,4	
00:04:08,147	541,5	
00:04:08,184	541,5	
00:04:08,221	541,6	
00:04:08,259	541,6	
00:04:08,296	541,6	
00:04:08,333	541,7	
00:04:08,370	541,7	
00:04:08,407	541,7	
00:04:08,444	541,8	
00:04:08,481	541,8	
00:04:08,518	541,9	
00:04:08,555	541,9	
00:04:08,592	541,9	
00:04:08,629	542,0	
00:04:08,666	542,0	
00:04:08,703	542,0	
00:04:08,740	542,1	
00:04:08,777	542,1	
00:04:08,814	542,2	
00:04:08,851	542,2	
00:04:08,888	542,2	
00:04:08,925	542,3	
00:04:08,962	542,3	
00:04:08,999	542,3	
00:04:09,036	542,4	
00:04:09,073	542,4	
00:04:09,110	542,4	
00:04:09,147	542,5	
00:04:09,184	542,5	
00:04:09,221	542,6	
00:04:09,259	542,6	
00:04:09,296	542,6	
00:04:09,333	542,7	
00:04:09,370	542,7	
00:04:09,407	542,7	
00:04:09,444	542,8	
00:04:09,481	542,8	
00:04:09,518	542,9	
00:04:09,555	542,9	
00:04:09,592	542,9	
00:04:09,629	543,0	
00:04:09,666	543,0	
00:04:09,703	543,0	
00:04:09,740	543,1	
00:04:09,777	543,1	
00:04:09,814	543,2	
00:04:09,851	543,2	
00:04:09,888	543,2	
00:04:09,925	543,3	
00:04:09,962	543,3	
00:04:09,999	543,3	
00:04:10,036	543,4	
00:04:10,073	543,4	
00:04:10,110	543,5	
00:04:10,147	543,5	
00:04:10,184	543,5	
00:04:10,221	543,6	
00:04:10,259	543,6	
00:04:10,296	543,6	
00:04:10,333	543,7	
00:04:10,370	543,7	
00:04:10,407	543,8	
00:04:10,444	543,8	
00:04:10,481	543,8	
00:04:10,518	543,9	
00:04:10,555	543,9	
00:04:10,592	543,9	
00:04:10,629	544,0	
00:04:10,666	544,0	
00:04:10,703	544,0	
00:04:10,740	544,1	
00:04:10,777	544,1	
00:04:10,814	544,2	
00:04:10,851	544,2	
00:04:10,888	544,2	
00:04:10,925	544,3	
00:04:10,962	544,3	
00:04:10,999	544,3	
00:04:11,036	544,4	
00:04:11,073	544,4	
00:04:11,110	544,5	
00:04:11,147	544,5	
00:04:11,184	544,5	
00:04:11,221	544,6	
00:04:11,259	544,6	
00:04:11,296	544,6	
00:04:11,333	544,7	
00:04:11,370	544,7	
00:04:11,407	544,8	
00:04:11,444	544,8	
00:04:11,481	544,8	
00:04:11,518	544,9	
00:04:11,555	544,9	
00:04:11,592	544,9	
00:04:11,629	545,0	
00:04:11,666	545,0	
00:04:11,703	545,1	
00:04:11,740	545,1	
00:04:11,777	545,1	
00:04:11,814	545,2	
00:04:11,851	545,2	
00:04:11,888	545,2	
00:04:11,925	545,3	
00:04:11,962	545,3	
00:04:11,999	545,4	
00:04:12,036	545,4	
00:04:12,073	545,4	
00:04:12,110	545,5	
00:04:12,147	545,5	
00:04:12,184	545,5	
00:04:12,221	545,6	
00:04:12,259	545,6	
00:04:12,296	545,6	
00:04:12,333	545,7	
00:04:12,370	545,7	
00:04:12,407	545,8	
00:04:12,444	545,8	
00:04:12,481	545,8	
00:04:12,518	545,9	
00:04:12,555	545,9	
00:04:12,592	545,9	
00:04:12,629	546,0	
00:04:12,666	546,0	
00:04:12,703	546,1	
00:04:12,740	546,1	
00:04:12,777	546,1	
00:04:12,814	546,2	
00:04:12,851	546,2	
00:04:12,888	546,2	
00:04:12,925	546,3	
00:04:12,962	546,3	
00:04:12,999	546,4	
00:04:13,036	546,4	
00:04:13,073	546,4	
00:04:13,110	546,5	
00:04:13,147	546,5	
00:04:13,184	546,5	
00:04:13,221	546,6	
00:04:13,259	546,6	
00:04:13,296	546,7	
00:04:13,333	546,7	
00:04:13,370	546,7	
00:04:13,407	546,8	
00:04:13,444	546,8	
00:04:13,481	546,8	
00:04:13,518	546,9	
00:04:13,555	546,9	
00:04:13,592	546,9	
00:04:13,629	547,0	
00:04:13,666	547,0	
00:04:13,703	547,1	
00:04:13,740	547,1	
00:04:13,777	547,1	
00:04:13,814	547,2	
00:04:13,851	547,2	
00:04:13,888	547,2	
00:04:13,925	547,3	
00:04:13,962	547,3	
00:04:13,999	547,4	
00:04:14,036	547,4	
00:04:14,073	547,4	
00:04:14,110	547,5	
00:04:14,147	547,5	
00:04:14,184	547,5	
00:04:14,221	547,6	
00:04:14,259	547,6	
00:04:14,296	547,7	
00:04:14,333	547,7	
00:04:14,370	547,7	
00:04:14,407	547,8	
00:04:14,444	547,8	
00:04:14,481	547,8	
00:04:14,518	547,9	
00:04:14,555	547,9	
00:04:14,592	548,0	
00:04:14,629	548,0	
00:04:14,666	548,0	
00:04:14,703	548,1	
00:04:14,740	548,1	
00:04:14,777	548,1	
00:04:14,814	548,2	
00:04:14,851	548,2	
00:04:14,888	548,3	
00:04:14,925	548,3	
00:04:14,962	548,3	
00:04:14,999	548,4	
00:04:15,036	548,4	
00:04:15,073	548,4	
00:04:15,110	548,5	
00:04:15,147	548,5	
00:04:15,184	548,5	
00:04:15,221	548,6	
00:04:15,259	548,6	
00:04:15,296	548,7	
00:04:15,333	548,7	
00:04:15,370	548,7	
00:04:15,407	548,8	
00:04:15,444	548,8	
00:04:15,481	548,8	
00:04:15,518	548,9	
00:04:15,555	548,9	
00:04:15,592	549,0	
00:04:15,629	549,0	
00:04:15,666	549,0	
00:04:15,703	549,1	
00:04:15,740	549,1	
00:04:15,777	549,1	
00:04:15,814	549,2	
00:04:15,851	549,2	
00:04:15,888	549,3	
00:04:15,925	549,3	
00:04:15,962	549,3	
00:04:15,999	549,4	
00:04:16,036	549,4	
00:04:16,073	549,4	
00:04:16,110	549,5	
00:04:16,147	549,5	
00:04:16,184	549,6	
00:04:16,221	549,6	
00:04:16,259	549,6	
00:04:16,296	549,7	
00:04:16,333	549,7	
00:04:16,370	549,7	
00:04:16,407	549,8	
00:04:16,444	549,8	
00:04:16,481	549,9	
00:04:16,518	549,9	
00:04:16,555	549,9	
00:04:16,592	550,0	
00:04:16,629	550,0	
00:04:16,666	550,0	
00:04:16,703	550,0	
00:04:16,740	550,0	
00:04:16,777	550,0	
00:04:16,814	550,0	
00:04:16,851	550,1	
00:04:16,888	550,1	
00:04:16,925	550,1	
00:04:16,962	550,1	
00:04:16,999	550,1	
00:04:17,036	550,1	
00:04:17,073	550,1	
00:04:17,110	550,1	
00:04:17,147	550,2	
00:04:17,184	550,2	
00:04:17,221	550,2	
00:04:17,259	550,2	
00:04:17,296	550,2	
00:04:17,333	550,2	
00:04:17,370	550,2	
00:04:17,407	550,2	
00:04:17,444	550,2	
00:04:17,481	550,3	
00:04:17,518	550,3	
00:04:17,555	550,3	
00:04:17,592	550,3	
00:04:17,629	550,3	
00:04:17,666	550,3	
00:04:17,703	550,3	
00:04:17,740	550,3	
00:04:17,777	550,3	
00:04:17,814	550,3	
00:04:17,851	550,4	
00:04:17,888	550,4	
00:04:17,925	550,4	
00:04:17,962	550,4	
00:04:17,999	550,4	
00:04:18,036	550,4	
00:04:18,073	550,4	
00:04:18,110	550,4	
00:04:18,147	550,5	
00:04:18,184	550,5	
00:04:18,221	550,5	
00:04:18,259	550,5	
00:04:18,296	550,5	
00:04:18,333	550,5	
00:04:18,370	550,5	
00:04:18,407	550,5	
00:04:18,444	550,5	
00:04:18,481	550,6	
00:04:18,518	550,6	
00:04:18,555	550,6	
00:04:18,592	550,6	
00:04:18,629	550,6	
00:04:18,666	550,6	
00:04:18,703	550,6	
00:04:18,740	550,6	
00:04:18,777	550,6	
00:04:18,814	550,6	
00:04:18,851	550,7	
00:04:18,888	550,7	
00:04:18,925	550,7	
00:04:18,962	550,7	
00:04:18,999	550,7	
00:04:19,036	550,7	
00:04:19,073	550,7	
00:04:19,110	550,7	
00:04:19,147	550,8	
00:04:19,184	550,8	
00:04:19,221	550,8	
00:04:19,259	550,8	
00:04:19,296	550,8	
00:04:19,333	550,8	
00:04:19,370	550,8	
00:04:19,407	550,8	
00:04:19,444	550,8	
00:04:19,481	550,9	
00:04:19,518	550,9	
00:04:19,555	550,9	
00:04:19,592	550,9	
00:04:19,629	550,9	
00:04:19,666	550,9	
00:04:19,703	550,9	
00:04:19,740	550,9	
00:04:19,777	550,9	
00:04:19,814	550,9	
00:04:19,851	551,0	
00:04:19,888	551,0	
00:04:19,925	551,0	
00:04:19,962	551,0	
00:04:19,999	551,0	
00:04:20,036	551,0	
00:04:20,073	551,0	
00:04:20,110	551,0	
00:04:20,147	551,0	
00:04:20,184	551,1	
00:04:20,221	551,1	
00:04:20,258	551,1	
00:04:20,296	551,1	
00:04:20,333	551,1	
00:04:20,370	551,1	
00:04:20,407	551,1	
00:04:20,444	551,1	
00:04:20,481	551,1	
00:04:20,518	551,2	
00:04:20,555	551,2	
00:04:20,592	551,2	
00:04:20,629	551,2	
00:04:20,666	551,2	
00:04:20,703	551,2	
00:04:20,740	551,2	
00:04:20,777	551,2	
00:04:20,814	551,2	
00:04:20,851	551,3	
00:04:20,888	551,3	
00:04:20,925	551,3	
00:04:20,962	551,3	
00:04:20,999	551,3	
00:04:21,036	551,3	
00:04:21,073	551,3	
00:04:21,110	551,3	
00:04:21,147	551,3	
00:04:21,184	551,4	
00:04:21,221	551,4	
00:04:21,258	551,4	
00:04:21,296	551,4	
00:04:21,333	551,4	
00:04:21,370	551,4	
00:04:21,407	551,4	
00:04:21,444	551,4	
00:04:21,481	551,4	
00:04:21,518	551,5	
00:04:21,555	551,5	
00:04:21,592	551,5	
00:04:21,629	551,5	
00:04:21,666	551,5	
00:04:21,703	551,5	
00:04:21,740	551,5	
00:04:21,777	551,5	
00:04:21,814	551,5	
00:04:21,851	551,6	
00:04:21,888	551,6	
00:04:21,925	551,6	
00:04:21,962	551,6	
00:04:21,999	551,6	
00:04:22,036	551,6	
00:04:22,073	551,6	
00:04:22,110	551,6	
00:04:22,147	551,6	
00:04:22,184	551,7	
00:04:22,221	551,7	
00:04:22,258	551,7	
00:04:22,296	551,7	
00:04:22,333	551,7	
00:04:22,370	551,7	
00:04:22,407	551,7	
00:04:22,444	551,7	
00:04:22,481	551,7	
00:04:22,518	551,8	
00:04:22,555	551,8	
00:04:22,592	551,8	
00:04:22,629	551,8	
00:04:22,666	551,8	
00:04:22,703	551,8	
00:04:22,740	551,8	
00:04:22,777	551,8	
00:04:22,814	551,8	
00:04:22,851	551,9	
00:04:22,888	551,9	
00:04:22,925	551,9	
00:04:22,962	551,9	
00:04:22,999	551,9	
00:04:23,036	551,9	
00:04:23,073	551,9	
00:04:23,110	551,9	
00:04:23,147	551,9	
00:04:23,184	552,0	
00:04:23,221	552,0	
00:04:23,258	552,0	
00:04:23,296	552,0	
00:04:23,333	552,0	
00:04:23,370	552,0	
00:04:23,407	552,0	
00:04:23,444	552,0	
00:04:23,481	552,0	
00:04:23,518	552,1	
00:04:23,555	552,1	
00:04:23,592	552,1	
00:04:23,629	552,1	
00:04:23,666	552,1	
00:04:23,703	552,1	
00:04:23,740	552,1	
00:04:23,777	552,1	
00:04:23,814	552,1	
00:04:23,851	552,2	
00:04:23,888	552,2	
00:04:23,925	552,2	
00:04:23,962	552,2	
00:04:23,999	552,2	
00:04:24,036	552,2	
00:04:24,073	552,2	
00:04:24,110	552,2	
00:04:24,147	552,2	
00:04:24,184	552,2	
00:04:24,221	552,3	
00:04:24,258	552,3	
00:04:24,296	552,3	
00:04:24,333	552,3	
00:04:24,370	552,3	
00:04:24,407	552,3	
00:04:24,444	552,3	
00:04:24,481	552,3	
00:04:24,518	552,4	
00:04:24,555	552,4	
00:04:24,592	552,4	
00:04:24,629	552,4	
00:04:24,666	552,4	
00:04:24,703	552,4	
00:04:24,740	552,4	
00:04:24,777	552,4	
00:04:24,814	552,4	
00:04:24,851	552,5	
00:04:24,888	552,5	
00:04:24,925	552,5	
00:04:24,962	552,5	
00:04:24,999	552,5	
00:04:25,036	552,5	
00:04:25,073	552,5	
00:04:25,110	552,5	
00:04:25,147	552,5	
00:04:25,184	552,5	
00:04:25,221	552,6	
00:04:25,258	552,6	
00:04:25,296	552,6	
00:04:25,333	552,6	
00:04:25,370	552,6	
00:04:25,407	552,6	
00:04:25,444	552,6	
00:04:25,481	552,6	
00:04:25,518	552,7	
00:04:25,555	552,7	
00:04:25,592	552,7	
00:04:25,629	552,7	
00:04:25,666	552,7	
00:04:25,703	552,7	
00:04:25,740	552,7	
00:04:25,777	552,7	
00:04:25,814	552,7	
00:04:25,851	552,8	
00:04:25,888	552,8	
00:04:25,925	552,8	
00:04:25,962	552,8	
00:04:25,999	552,8	
00:04:26,036	552,8	
00:04:26,073	552,8	
00:04:26,110	552,8	
00:04:26,147	552,8	
00:04:26,184	552,8	
00:04:26,221	552,9	
00:04:26,258	552,9	
00:04:26,296	552,9	
00:04:26,333	552,9	
00:04:26,370	552,9	
00:04:26,407	552,9	
00:04:26,444	552,9	
00:04:26,481	552,9	
00:04:26,518	553,0	
00:04:26,555	553,0	
00:04:26,592	553,0	
00:04:26,629	553,0	
00:04:26,666	553,0	
00:04:26,703	553,0	
00:04:26,740	553,0	
00:04:26,777	553,0	
00:04:26,814	553,0	
00:04:26,851	553,0	
00:04:26,888	553,1	
00:04:26,925	553,1	
00:04:26,962	553,1	
00:04:26,999	553,1	
00:04:27,036	553,1	
00:04:27,073	553,1	
00:04:27,110	553,1	
00:04:27,147	553,1	
00:04:27,184	553,1	
00:04:27,221	553,1	
00:04:27,258	553,2	
00:04:27,296	553,2	
00:04:27,333	553,2	
00:04:27,370	553,2	
00:04:27,407	553,2	
00:04:27,444	553,2	
00:04:27,481	553,2	
00:04:27,518	553,2	
00:04:27,555	553,3	
00:04:27,592	553,3	
00:04:27,629	553,3	
00:04:27,666	553,3	
00:04:27,703	553,3	
00:04:27,740	553,3	
00:04:27,777	553,3	
00:04:27,814	553,3	
00:04:27,851	553,3	
00:04:27,888	553,4	
00:04:27,925	553,4	
00:04:27,962	553,4	
00:04:27,999	553,4	
00:04:28,036	553,4	
00:04:28,073	553,4	
00:04:28,110	553,4	
00:04:28,147	553,4	
00:04:28,184	553,4	
00:04:28,221	553,4	
00:04:28,258	553,5	
00:04:28,296	553,5	
00:04:28,333	553,5	
00:04:28,370	553,5	
00:04:28,407	553,5	
00:04:28,444	553,5	
00:04:28,481	553,5	
00:04:28,518	553,5	
00:04:28,555	553,6	
00:04:28,592	553,6	
00:04:28,629	553,6	
00:04:28,666	553,6	
00:04:28,703	553,6	
00:04:28,740	553,6	
00:04:28,777	553,6	
00:04:28,814	553,6	
00:04:28,851	553,6	
00:04:28,888	553,7	
00:04:28,925	553,7	
00:04:28,962	553,7	
00:04:28,999	553,7	
00:04:29,036	553,7	
00:04:29,073	553,7	
00:04:29,110	553,7	
00:04:29,147	553,7	
00:04:29,184	553,7	
00:04:29,221	553,8	
00:04:29,258	553,8	
00:04:29,296	553,8	
00:04:29,333	553,8	
00:04:29,370	553,8	
00:04:29,407	553,8	
00:04:29,444	553,8	
00:04:29,481	553,8	
00:04:29,518	553,8	
00:04:29,555	553,9	
00:04:29,592	553,9	
00:04:29,629	553,9	
00:04:29,666	553,9	
00:04:29,703	553,9	
00:04:29,740	553,9	
00:04:29,777	553,9	
00:04:29,814	553,9	
00:04:29,851	553,9	
00:04:29,888	554,0	
00:04:29,925	554,0	
00:04:29,962	554,0	
00:04:29,999	554,0	
00:04:30,036	554,0	
00:04:30,073	554,0	
00:04:30,110	554,0	
00:04:30,147	554,0	
00:04:30,184	554,0	
00:04:30,221	554,1	
00:04:30,258	554,1	
00:04:30,296	554,1	
00:04:30,333	554,1	
00:04:30,370	554,1	
00:04:30,407	554,1	
00:04:30,444	554,1	
00:04:30,481	554,1	
00:04:30,518	554,1	
00:04:30,555	554,2	
00:04:30,592	554,2	
00:04:30,629	554,2	
00:04:30,666	554,2	
00:04:30,703	554,2	
00:04:30,740	554,2	
00:04:30,777	554,2	
00:04:30,814	554,2	
00:04:30,851	554,2	
00:04:30,888	554,3	
00:04:30,925	554,3	
00:04:30,962	554,3	
00:04:30,999	554,3	
00:04:31,036	554,3	
00:04:31,073	554,3	
00:04:31,110	554,3	
00:04:31,147	554,3	
00:04:31,184	554,3	
00:04:31,221	554,4	
00:04:31,258	554,4	
00:04:31,296	554,4	
00:04:31,333	554,4	
00:04:31,370	554,4	
00:04:31,407	554,4	
00:04:31,444	554,4	
00:04:31,481	554,4	
00:04:31,518	554,4	
00:04:31,555	554,5	
00:04:31,592	554,5	
00:04:31,629	554,5	
00:04:31,666	554,5	
00:04:31,703	554,5	
00:04:31,740	554,5	
00:04:31,777	554,5	
00:04:31,814	554,5	
00:04:31,851	554,5	
00:04:31,888	554,6	
00:04:31,925	554,6	
00:04:31,962	554,6	
00:04:31,999	554,6	
00:04:32,036	554,6	
00:04:32,073	554,6	
00:04:32,110	554,6	
00:04:32,147	554,6	
00:04:32,184	554,6	
00:04:32,221	554,7	
00:04:32,258	554,7	
00:04:32,296	554,7	
00:04:32,333	554,7	
00:04:32,370	554,7	
00:04:32,407	554,7	
00:04:32,444	554,7	
00:04:32,481	554,7	
00:04:32,518	554,7	
00:04:32,555	554,7	
00:04:32,592	554,8	
00:04:32,629	554,8	
00:04:32,666	554,8	
00:04:32,703	554,8	
00:04:32,740	554,8	
00:04:32,777	554,8	
00:04:32,814	554,8	
00:04:32,851	554,8	
00:04:32,888	554,9	
00:04:32,925	554,9	
00:04:32,962	554,9	
00:04:32,999	554,9	
00:04:33,036	554,9	
00:04:33,073	554,9	
00:04:33,110	554,9	
00:04:33,147	554,9	
00:04:33,184	554,9	
00:04:33,221	555,0	
00:04:33,258	555,0	
00:04:33,296	555,0	
00:04:33,333	555,0	
00:04:33,370	555,0	
00:04:33,407	555,0	
00:04:33,444	555,0	
00:04:33,481	555,0	
00:04:33,518	555,0	
00:04:33,555	555,0	
00:04:33,592	555,1	
00:04:33,629	555,1	
00:04:33,666	555,1	
00:04:33,703	555,1	
00:04:33,740	555,1	
00:04:33,777	555,1	
00:04:33,814	555,1	
00:04:33,851	555,1	
00:04:33,888	555,1	
00:04:33,925	555,2	
00:04:33,962	555,2	
00:04:33,999	555,2	
00:04:34,036	555,2	
00:04:34,073	555,2	
00:04:34,110	555,2	
00:04:34,147	555,2	
00:04:34,184	555,2	
00:04:34,221	555,2	
00:04:34,258	555,3	
00:04:34,296	555,3	
00:04:34,333	555,3	
00:04:34,370	555,3	
00:04:34,407	555,3	
00:04:34,444	555,3	
00:04:34,481	555,3	
00:04:34,518	555,3	
00:04:34,555	555,3	
00:04:34,592	555,3	
00:04:34,629	555,4	
00:04:34,666	555,4	
00:04:34,703	555,4	
00:04:34,740	555,4	
00:04:34,777	555,4	
00:04:34,814	555,4	
00:04:34,851	555,4	
00:04:34,888	555,4	
00:04:34,925	555,5	
00:04:34,962	555,5	
00:04:34,999	555,5	
00:04:35,036	555,5	
00:04:35,073	555,5	
00:04:35,110	555,5	
00:04:35,147	555,5	
00:04:35,184	555,5	
00:04:35,221	555,5	
00:04:35,258	555,6	
00:04:35,296	555,6	
00:04:35,333	555,6	
00:04:35,370	555,6	
00:04:35,407	555,6	
00:04:35,444	555,6	
00:04:35,481	555,6	
00:04:35,518	555,6	
00:04:35,555	555,6	
00:04:35,592	555,6	
00:04:35,629	555,7	
00:04:35,666	555,7	
00:04:35,703	555,7	
00:04:35,740	555,7	
00:04:35,777	555,7	
00:04:35,814	555,7	
00:04:35,851	555,7	
00:04:35,888	555,7	
00:04:35,925	555,8	
00:04:35,962	555,8	
00:04:35,999	555,8	
00:04:36,036	555,8	
00:04:36,073	555,8	
00:04:36,110	555,8	
00:04:36,147	555,8	
00:04:36,184	555,8	
00:04:36,221	555,8	
00:04:36,258	555,9	
00:04:36,296	555,9	
00:04:36,333	555,9	
00:04:36,370	555,9	
00:04:36,407	555,9	
00:04:36,444	555,9	
00:04:36,481	555,9	
00:04:36,518	555,9	
00:04:36,555	555,9	
00:04:36,592	555,9	
00:04:36,629	556,0	
00:04:36,666	556,0	
00:04:36,703	556,0	
00:04:36,740	556,0	
00:04:36,777	556,0	
00:04:36,814	556,0	
00:04:36,851	556,0	
00:04:36,888	556,0	
00:04:36,925	556,1	
00:04:36,962	556,1	
00:04:36,999	556,1	
00:04:37,036	556,1	
00:04:37,073	556,1	
00:04:37,110	556,1	
00:04:37,147	556,1	
00:04:37,184	556,1	
00:04:37,221	556,1	
00:04:37,258	556,2	
00:04:37,296	556,2	
00:04:37,333	556,2	
00:04:37,370	556,2	
00:04:37,407	556,2	
00:04:37,444	556,2	
00:04:37,481	556,2	
00:04:37,518	556,2	
00:04:37,555	556,2	
00:04:37,592	556,3	
00:04:37,629	556,3	
00:04:37,666	556,3	
00:04:37,703	556,3	
00:04:37,740	556,3	
00:04:37,777	556,3	
00:04:37,814	556,3	
00:04:37,851	556,3	
00:04:37,888	556,3	
00:04:37,925	556,4	
00:04:37,962	556,4	
00:04:37,999	556,4	
00:04:38,036	556,4	
00:04:38,073	556,4	
00:04:38,110	556,4	
00:04:38,147	556,4	
00:04:38,184	556,4	
00:04:38,221	556,4	
00:04:38,258	556,5	
00:04:38,296	556,5	
00:04:38,333	556,5	
00:04:38,370	556,5	
00:04:38,407	556,5	
00:04:38,444	556,5	
00:04:38,481	556,5	
00:04:38,518	556,5	
00:04:38,555	556,5	
00:04:38,592	556,6	
00:04:38,629	556,6	
00:04:38,666	556,6	
00:04:38,703	556,6	
00:04:38,740	556,6	
00:04:38,777	556,6	
00:04:38,814	556,6	
00:04:38,851	556,6	
00:04:38,888	556,6	
00:04:38,925	556,7	
00:04:38,962	556,7	
00:04:38,999	556,7	
00:04:39,036	556,7	
00:04:39,073	556,7	
00:04:39,110	556,7	
00:04:39,147	556,7	
00:04:39,184	556,7	
00:04:39,221	556,7	
00:04:39,258	556,8	
00:04:39,296	556,8	
00:04:39,333	556,8	
00:04:39,370	556,8	
00:04:39,407	556,8	
00:04:39,444	556,8	
00:04:39,481	556,8	
00:04:39,518	556,8	
00:04:39,555	556,8	
00:04:39,592	556,9	
00:04:39,629	556,9	
00:04:39,666	556,9	
00:04:39,703	556,9	
00:04:39,740	556,9	
00:04:39,777	556,9	
00:04:39,814	556,9	
00:04:39,851	556,9	
00:04:39,888	556,9	
00:04:39,925	557,0	
00:04:39,962	557,0	
00:04:39,999	557,0	
00:04:40,036	557,0	
00:04:40,073	557,0	
00:04:40,110	557,0	
00:04:40,147	557,0	
00:04:40,184	557,0	
00:04:40,221	557,0	
00:04:40,258	557,1	
00:04:40,296	557,1	
00:04:40,333	557,1	
00:04:40,370	557,1	
00:04:40,407	557,1	
00:04:40,444	557,1	
00:04:40,481	557,1	
00:04:40,518	557,1	
00:04:40,555	557,1	
00:04:40,592	557,1	
00:04:40,629	557,2	
00:04:40,666	557,2	
00:04:40,703	557,2	
00:04:40,740	557,2	
00:04:40,777	557,2	
00:04:40,814	557,2	
00:04:40,851	557,2	
00:04:40,888	557,2	
00:04:40,925	557,2	
00:04:40,962	557,3	
00:04:40,999	557,3	
00:04:41,036	557,3	
00:04:41,073	557,3	
00:04:41,110	557,3	
00:04:41,147	557,3	
00:04:41,184	557,3	
00:04:41,221	557,3	
00:04:41,258	557,3	
00:04:41,296	557,4	
00:04:41,333	557,4	
00:04:41,370	557,4	
00:04:41,407	557,4	
00:04:41,444	557,4	
00:04:41,481	557,4	
00:04:41,518	557,4	
00:04:41,555	557,4	
00:04:41,592	557,4	
00:04:41,629	557,5	
00:04:41,666	557,5	
00:04:41,703	557,5	
00:04:41,740	557,5	
00:04:41,777	557,5	
00:04:41,814	557,5	
00:04:41,851	557,5	
00:04:41,888	557,5	
00:04:41,925	557,5	
00:04:41,962	557,5	
00:04:41,999	557,6	
00:04:42,036	557,6	
00:04:42,073	557,6	
00:04:42,110	557,6	
00:04:42,147	557,6	
00:04:42,184	557,6	
00:04:42,221	557,6	
00:04:42,258	557,6	
00:04:42,296	557,7	
00:04:42,333	557,7	
00:04:42,370	557,7	
00:04:42,407	557,7	
00:04:42,444	557,7	
00:04:42,481	557,7	
00:04:42,518	557,7	
00:04:42,555	557,7	
00:04:42,592	557,7	
00:04:42,629	557,8	
00:04:42,666	557,8	
00:04:42,703	557,8	
00:04:42,740	557,8	
00:04:42,777	557,8	
00:04:42,814	557,8	
00:04:42,851	557,8	
00:04:42,888	557,8	
00:04:42,925	557,8	
00:04:42,962	557,8	
00:04:42,999	557,9	
00:04:43,036	557,9	
00:04:43,073	557,9	
00:04:43,110	557,9	
00:04:43,147	557,9	
00:04:43,184	557,9	
00:04:43,221	557,9	
00:04:43,258	557,9	
00:04:43,296	558,0	
00:04:43,333	558,0	
00:04:43,370	558,0	
00:04:43,407	558,0	
00:04:43,444	558,0	
00:04:43,481	558,0	
00:04:43,518	558,0	
00:04:43,555	558,0	
00:04:43,592	558,0	
00:04:43,629	558,1	
00:04:43,666	558,1	
00:04:43,703	558,1	
00:04:43,740	558,1	
00:04:43,777	558,1	
00:04:43,814	558,1	
00:04:43,851	558,1	
00:04:43,888	558,1	
00:04:43,925	558,1	
00:04:43,962	558,1	
00:04:43,999	558,2	
00:04:44,036	558,2	
00:04:44,073	558,2	
00:04:44,110	558,2	
00:04:44,147	558,2	
00:04:44,184	558,2	
00:04:44,221	558,2	
00:04:44,258	558,2	
00:04:44,296	558,3	
00:04:44,333	558,3	
00:04:44,370	558,3	
00:04:44,407	558,3	
00:04:44,444	558,3	
00:04:44,481	558,3	
00:04:44,518	558,3	
00:04:44,555	558,3	
00:04:44,592	558,3	
00:04:44,629	558,4	
00:04:44,666	558,4	
00:04:44,703	558,4	
00:04:44,740	558,4	
00:04:44,777	558,4	
00:04:44,814	558,4	
00:04:44,851	558,4	
00:04:44,888	558,4	
00:04:44,925	558,4	
00:04:44,962	558,4	
00:04:44,999	558,5	
00:04:45,036	558,5	
00:04:45,073	558,5	
00:04:45,110	558,5	
00:04:45,147	558,5	
00:04:45,184	558,5	
00:04:45,221	558,5	
00:04:45,258	558,5	
00:04:45,296	558,6	
00:04:45,333	558,6	
00:04:45,370	558,6	
00:04:45,407	558,6	
00:04:45,444	558,6	
00:04:45,481	558,6	
00:04:45,518	558,6	
00:04:45,555	558,6	
00:04:45,592	558,6	
00:04:45,629	558,7	
00:04:45,666	558,7	
00:04:45,703	558,7	
00:04:45,740	558,7	
00:04:45,777	558,7	
00:04:45,814	558,7	
00:04:45,851	558,7	
00:04:45,888	558,7	
00:04:45,925	558,7	
00:04:45,962	558,8	
00:04:45,999	558,8	
00:04:46,036	558,8	
00:04:46,073	558,8	
00:04:46,110	558,8	
00:04:46,147	558,8	
00:04:46,184	558,8	
00:04:46,221	558,8	
00:04:46,258	558,8	
00:04:46,296	558,9	
00:04:46,333	558,9	
00:04:46,370	558,9	
00:04:46,407	558,9	
00:04:46,444	558,9	
00:04:46,481	558,9	
00:04:46,518	558,9	
00:04:46,555	558,9	
00:04:46,592	558,9	
00:04:46,629	559,0	
00:04:46,666	559,0	
00:04:46,703	559,0	
00:04:46,740	559,0	
00:04:46,777	559,0	
00:04:46,814	559,0	
00:04:46,851	559,0	
00:04:46,888	559,0	
00:04:46,925	559,0	
00:04:46,962	559,1	
00:04:46,999	559,1	
00:04:47,036	559,1	
00:04:47,073	559,1	
00:04:47,110	559,1	
00:04:47,147	559,1	
00:04:47,184	559,1	
00:04:47,221	559,1	
00:04:47,258	559,1	
00:04:47,296	559,1	
00:04:47,333	559,2	
00:04:47,370	559,2	
00:04:47,407	559,2	
00:04:47,444	559,2	
00:04:47,481	559,2	
00:04:47,518	559,2	
00:04:47,555	559,2	
00:04:47,592	559,2	
00:04:47,629	559,2	
00:04:47,666	559,3	
00:04:47,703	559,3	
00:04:47,740	559,3	
00:04:47,777	559,3	
00:04:47,814	559,3	
00:04:47,851	559,3	
00:04:47,888	559,3	
00:04:47,925	559,3	
00:04:47,962	559,3	
00:04:47,999	559,4	
00:04:48,036	559,4	
00:04:48,073	559,4	
00:04:48,110	559,4	
00:04:48,147	559,4	
00:04:48,184	559,4	
00:04:48,221	559,4	
00:04:48,258	559,4	
00:04:48,296	559,4	
00:04:48,333	559,5	
00:04:48,370	559,5	
00:04:48,407	559,5	
00:04:48,444	559,5	
00:04:48,481	559,5	
00:04:48,518	559,5	
00:04:48,555	559,5	
00:04:48,592	559,5	
00:04:48,629	559,5	
00:04:48,666	559,6	
00:04:48,703	559,6	
00:04:48,740	559,6	
00:04:48,777	559,6	
00:04:48,814	559,6	
00:04:48,851	559,6	
00:04:48,888	559,6	
00:04:48,925	559,6	
00:04:48,962	559,6	
00:04:48,999	559,7	
00:04:49,036	559,7	
00:04:49,073	559,7	
00:04:49,110	559,7	
00:04:49,147	559,7	
00:04:49,184	559,7	
00:04:49,221	559,7	
00:04:49,258	559,7	
00:04:49,296	559,7	
00:04:49,333	559,8	
00:04:49,370	559,8	
00:04:49,407	559,8	
00:04:49,444	559,8	
00:04:49,481	559,8	
00:04:49,518	559,8	
00:04:49,555	559,8	
00:04:49,592	559,8	
00:04:49,629	559,8	
00:04:49,666	559,9	
00:04:49,703	559,9	
00:04:49,740	559,9	
00:04:49,777	559,9	
00:04:49,814	559,9	
00:04:49,851	559,9	
00:04:49,888	559,9	
00:04:49,925	559,9	
00:04:49,962	559,9	
00:04:49,999	560,0	
00:04:50,036	560,0	
00:04:50,073	560,0	
00:04:50,110	560,0	
00:04:50,147	560,0	
00:04:50,184	560,0	
00:04:50,221	560,0	
00:04:50,258	560,0	
00:04:50,296	560,0	
00:04:50,333	560,0	
00:04:50,370	560,1	
00:04:50,407	560,1	
00:04:50,444	560,1	
00:04:50,481	560,1	
00:04:50,518	560,1	
00:04:50,555	560,1	
00:04:50,592	560,1	
00:04:50,629	560,1	
00:04:50,666	560,2	
00:04:50,703	560,2	
00:04:50,740	560,2	
00:04:50,777	560,2	
00:04:50,814	560,2	
00:04:50,851	560,2	
00:04:50,888	560,2	
00:04:50,925	560,2	
00:04:50,962	560,2	
00:04:50,999	560,3	
00:04:51,036	560,3	
00:04:51,073	560,3	
00:04:51,110	560,3	
00:04:51,147	560,3	
00:04:51,184	560,3	
00:04:51,221	560,3	
00:04:51,258	560,3	
00:04:51,296	560,3	
00:04:51,333	560,3	
00:04:51,370	560,4	
00:04:51,407	560,4	
00:04:51,444	560,4	
00:04:51,481	560,4	
00:04:51,518	560,4	
00:04:51,555	560,4	
00:04:51,592	560,4	
00:04:51,629	560,4	
00:04:51,666	560,5	
00:04:51,703	560,5	
00:04:51,740	560,5	
00:04:51,777	560,5	
00:04:51,814	560,5	
00:04:51,851	560,5	
00:04:51,888	560,5	
00:04:51,925	560,5	
00:04:51,962	560,5	
00:04:51,999	560,6	
00:04:52,036	560,6	
00:04:52,073	560,6	
00:04:52,110	560,6	
00:04:52,147	560,6	
00:04:52,184	560,6	
00:04:52,221	560,6	
00:04:52,258	560,6	
00:04:52,296	560,6	
00:04:52,333	560,6	
00:04:52,370	560,7	
00:04:52,407	560,7	
00:04:52,444	560,7	
00:04:52,481	560,7	
00:04:52,518	560,7	
00:04:52,555	560,7	
00:04:52,592	560,7	
00:04:52,629	560,7	
00:04:52,666	560,8	
00:04:52,703	560,8	
00:04:52,740	560,8	
00:04:52,777	560,8	
00:04:52,814	560,8	
00:04:52,851	560,8	
00:04:52,888	560,8	
00:04:52,925	560,8	
00:04:52,962	560,8	
00:04:52,999	560,9	
00:04:53,036	560,9	
00:04:53,073	560,9	
00:04:53,110	560,9	
00:04:53,147	560,9	
00:04:53,184	560,9	
00:04:53,221	560,9	
00:04:53,258	560,9	
00:04:53,296	560,9	
00:04:53,333	560,9	
00:04:53,370	561,0	
00:04:53,407	561,0	
00:04:53,444	561,0	
00:04:53,481	561,0	
00:04:53,518	561,0	
00:04:53,555	561,0	
00:04:53,592	561,0	
00:04:53,629	561,0	
00:04:53,666	561,1	
00:04:53,703	561,1	
00:04:53,740	561,1	
00:04:53,777	561,1	
00:04:53,814	561,1	
00:04:53,851	561,1	
00:04:53,888	561,1	
00:04:53,925	561,1	
00:04:53,962	561,1	
00:04:53,999	561,2	
00:04:54,036	561,2	
00:04:54,073	561,2	
00:04:54,110	561,2	
00:04:54,147	561,2	
00:04:54,184	561,2	
00:04:54,221	561,2	
00:04:54,258	561,2	
00:04:54,296	561,2	
00:04:54,333	561,2	
00:04:54,370	561,2	
00:04:54,407	561,3	
00:04:54,444	561,3	
00:04:54,481	561,3	
00:04:54,518	561,3	
00:04:54,555	561,3	
00:04:54,592	561,3	
00:04:54,629	561,3	
00:04:54,666	561,3	
00:04:54,703	561,4	
00:04:54,740	561,4	
00:04:54,777	561,4	
00:04:54,814	561,4	
00:04:54,851	561,4	
00:04:54,888	561,4	
00:04:54,925	561,4	
00:04:54,962	561,4	
00:04:54,999	561,4	
00:04:55,036	561,5	
00:04:55,073	561,5	
00:04:55,110	561,5	
00:04:55,147	561,5	
00:04:55,184	561,5	
00:04:55,221	561,5	
00:04:55,258	561,5	
00:04:55,296	561,5	
00:04:55,333	561,5	
00:04:55,370	561,6	
00:04:55,407	561,6	
00:04:55,444	561,6	
00:04:55,481	561,6	
00:04:55,518	561,6	
00:04:55,555	561,6	
00:04:55,592	561,6	
00:04:55,629	561,6	
00:04:55,666	561,6	
00:04:55,703	561,7	
00:04:55,740	561,7	
00:04:55,777	561,7	
00:04:55,814	561,7	
00:04:55,851	561,7	
00:04:55,888	561,7	
00:04:55,925	561,7	
00:04:55,962	561,7	
00:04:55,999	561,7	
00:04:56,036	561,8	
00:04:56,073	561,8	
00:04:56,110	561,8	
00:04:56,147	561,8	
00:04:56,184	561,8	
00:04:56,221	561,8	
00:04:56,258	561,8	
00:04:56,296	561,8	
00:04:56,333	561,8	
00:04:56,370	561,9	
00:04:56,407	561,9	
00:04:56,444	561,9	
00:04:56,481	561,9	
00:04:56,518	561,9	
00:04:56,555	561,9	
00:04:56,592	561,9	
00:04:56,629	561,9	
00:04:56,666	561,9	
00:04:56,703	562,0	
00:04:56,740	562,0	
00:04:56,777	562,0	
00:04:56,814	562,0	
00:04:56,851	562,0	
00:04:56,888	562,0	
00:04:56,925	562,0	
00:04:56,962	562,0	
00:04:56,999	562,0	
00:04:57,036	562,1	
00:04:57,073	562,1	
00:04:57,110	562,1	
00:04:57,147	562,1	
00:04:57,184	562,1	
00:04:57,221	562,1	
00:04:57,258	562,1	
00:04:57,295	562,1	
00:04:57,333	562,1	
00:04:57,370	562,2	
00:04:57,407	562,2	
00:04:57,444	562,2	
00:04:57,481	562,2	
00:04:57,518	562,2	
00:04:57,555	562,2	
00:04:57,592	562,2	
00:04:57,629	562,2	
00:04:57,666	562,2	
00:04:57,703	562,3	
00:04:57,740	562,3	
00:04:57,777	562,3	
00:04:57,814	562,3	
00:04:57,851	562,3	
00:04:57,888	562,3	
00:04:57,925	562,3	
00:04:57,962	562,3	
00:04:57,999	562,3	
00:04:58,036	562,4	
00:04:58,073	562,4	
00:04:58,110	562,4	
00:04:58,147	562,4	
00:04:58,184	562,4	
00:04:58,221	562,4	
00:04:58,258	562,4	
00:04:58,295	562,4	
00:04:58,333	562,4	
00:04:58,370	562,5	
00:04:58,407	562,5	
00:04:58,444	562,5	
00:04:58,481	562,5	
00:04:58,518	562,5	
00:04:58,555	562,5	
00:04:58,592	562,5	
00:04:58,629	562,5	
00:04:58,666	562,5	
00:04:58,703	562,5	
00:04:58,740	562,6	
00:04:58,777	562,6	
00:04:58,814	562,6	
00:04:58,851	562,6	
00:04:58,888	562,6	
00:04:58,925	562,6	
00:04:58,962	562,6	
00:04:58,999	562,6	
00:04:59,036	562,7	
00:04:59,073	562,7	
00:04:59,110	562,7	
00:04:59,147	562,7	
00:04:59,184	562,7	
00:04:59,221	562,7	
00:04:59,258	562,7	
00:04:59,295	562,7	
00:04:59,333	562,7	
00:04:59,370	562,8	
00:04:59,407	562,8	
00:04:59,444	562,8	
00:04:59,481	562,8	
00:04:59,518	562,8	
00:04:59,555	562,8	
00:04:59,592	562,8	
00:04:59,629	562,8	
00:04:59,666	562,8	
00:04:59,703	562,8	
00:04:59,740	562,9	
00:04:59,777	562,9	
00:04:59,814	562,9	
00:04:59,851	562,9	
00:04:59,888	562,9	
00:04:59,925	562,9	
00:04:59,962	562,9	
00:04:59,999	562,9	
00:05:00,036	563,0	
00:05:00,073	563,0	
00:05:00,110	563,0	
00:05:00,147	563,0	
00:05:00,184	563,0	
00:05:00,221	563,0	
00:05:00,258	563,0	
00:05:00,295	563,0	
00:05:00,333	563,0	
00:05:00,370	563,1	
00:05:00,407	563,1	
00:05:00,444	563,1	
00:05:00,481	563,1	
00:05:00,518	563,1	
00:05:00,555	563,1	
00:05:00,592	563,1	
00:05:00,629	563,1	
00:05:00,666	563,1	
00:05:00,703	563,1	
00:05:00,740	563,2	
00:05:00,777	563,2	
00:05:00,814	563,2	
00:05:00,851	563,2	
00:05:00,888	563,2	
00:05:00,925	563,2	
00:05:00,962	563,2	
00:05:00,999	563,2	
00:05:01,036	563,2	
00:05:01,073	563,3	
00:05:01,110	563,3	
00:05:01,147	563,3	
00:05:01,184	563,3	
00:05:01,221	563,3	
00:05:01,258	563,3	
00:05:01,295	563,3	
00:05:01,333	563,3	
00:05:01,370	563,3	
00:05:01,407	563,4	
00:05:01,444	563,4	
00:05:01,481	563,4	
00:05:01,518	563,4	
00:05:01,555	563,4	
00:05:01,592	563,4	
00:05:01,629	563,4	
00:05:01,666	563,4	
00:05:01,703	563,4	
00:05:01,740	563,4	
00:05:01,777	563,5	
00:05:01,814	563,5	
00:05:01,851	563,5	
00:05:01,888	563,5	
00:05:01,925	563,5	
00:05:01,962	563,5	
00:05:01,999	563,5	
00:05:02,036	563,5	
00:05:02,073	563,6	
00:05:02,110	563,6	
00:05:02,147	563,6	
00:05:02,184	563,6	
00:05:02,221	563,6	
00:05:02,258	563,6	
00:05:02,295	563,6	
00:05:02,333	563,6	
00:05:02,370	563,6	
00:05:02,407	563,7	
00:05:02,444	563,7	
00:05:02,481	563,7	
00:05:02,518	563,7	
00:05:02,555	563,7	
00:05:02,592	563,7	
00:05:02,629	563,7	
00:05:02,666	563,7	
00:05:02,703	563,7	
00:05:02,740	563,7	
00:05:02,777	563,8	
00:05:02,814	563,8	
00:05:02,851	563,8	
00:05:02,888	563,8	
00:05:02,925	563,8	
00:05:02,962	563,8	
00:05:02,999	563,8	
00:05:03,036	563,8	
00:05:03,073	563,9	
00:05:03,110	563,9	
00:05:03,147	563,9	
00:05:03,184	563,9	
00:05:03,221	563,9	
00:05:03,258	563,9	
00:05:03,295	563,9	
00:05:03,333	563,9	
00:05:03,370	563,9	
00:05:03,407	564,0	
00:05:03,444	564,0	
00:05:03,481	564,0	
00:05:03,518	564,0	
00:05:03,555	564,0	
00:05:03,592	564,0	
00:05:03,629	564,0	
00:05:03,666	564,0	
00:05:03,703	564,0	
00:05:03,740	564,1	
00:05:03,777	564,1	
00:05:03,814	564,1	
00:05:03,851	564,1	
00:05:03,888	564,1	
00:05:03,925	564,1	
00:05:03,962	564,1	
00:05:03,999	564,1	
00:05:04,036	564,1	
00:05:04,073	564,2	
00:05:04,110	564,2	
00:05:04,147	564,2	
00:05:04,184	564,2	
00:05:04,221	564,2	
00:05:04,258	564,2	
00:05:04,295	564,2	
00:05:04,333	564,2	
00:05:04,370	564,2	
00:05:04,407	564,3	
00:05:04,444	564,3	
00:05:04,481	564,3	
00:05:04,518	564,3	
00:05:04,555	564,3	
00:05:04,592	564,3	
00:05:04,629	564,3	
00:05:04,666	564,3	
00:05:04,703	564,3	
00:05:04,740	564,4	
00:05:04,777	564,4	
00:05:04,814	564,4	
00:05:04,851	564,4	
00:05:04,888	564,4	
00:05:04,925	564,4	
00:05:04,962	564,4	
00:05:04,999	564,4	
00:05:05,036	564,4	
00:05:05,073	564,5	
00:05:05,110	564,5	
00:05:05,147	564,5	
00:05:05,184	564,5	
00:05:05,221	564,5	
00:05:05,258	564,5	
00:05:05,295	564,5	
00:05:05,333	564,5	
00:05:05,370	564,5	
00:05:05,407	564,6	
00:05:05,444	564,6	
00:05:05,481	564,6	
00:05:05,518	564,6	
00:05:05,555	564,6	
00:05:05,592	564,6	
00:05:05,629	564,6	
00:05:05,666	564,6	
00:05:05,703	564,6	
00:05:05,740	564,7	
00:05:05,777	564,7	
00:05:05,814	564,7	
00:05:05,851	564,7	
00:05:05,888	564,7	
00:05:05,925	564,7	
00:05:05,962	564,7	
00:05:05,999	564,7	
00:05:06,036	564,7	
00:05:06,073	564,8	
00:05:06,110	564,8	
00:05:06,147	564,8	
00:05:06,184	564,8	
00:05:06,221	564,8	
00:05:06,258	564,8	
00:05:06,295	564,8	
00:05:06,333	564,8	
00:05:06,370	564,8	
00:05:06,407	564,9	
00:05:06,444	564,9	
00:05:06,481	564,9	
00:05:06,518	564,9	
00:05:06,555	564,9	
00:05:06,592	564,9	
00:05:06,629	564,9	
00:05:06,666	564,9	
00:05:06,703	564,9	
00:05:06,740	565,0	
00:05:06,777	565,0	
00:05:06,814	565,0	
00:05:06,851	565,0	
00:05:06,888	565,0	
00:05:06,925	565,0	
00:05:06,962	565,0	
00:05:06,999	565,0	
00:05:07,036	565,0	
00:05:07,073	565,1	
00:05:07,110	565,1	
00:05:07,147	565,1	
00:05:07,184	565,1	
00:05:07,221	565,1	
00:05:07,258	565,1	
00:05:07,295	565,1	
00:05:07,333	565,1	
00:05:07,370	565,1	
00:05:07,407	565,2	
00:05:07,444	565,2	
00:05:07,481	565,2	
00:05:07,518	565,2	
00:05:07,555	565,2	
00:05:07,592	565,2	
00:05:07,629	565,2	
00:05:07,666	565,2	
00:05:07,703	565,2	
00:05:07,740	565,2	
00:05:07,777	565,3	
00:05:07,814	565,3	
00:05:07,851	565,3	
00:05:07,888	565,3	
00:05:07,925	565,3	
00:05:07,962	565,3	
00:05:07,999	565,3	
00:05:08,036	565,3	
00:05:08,073	565,3	
00:05:08,110	565,4	
00:05:08,147	565,4	
00:05:08,184	565,4	
00:05:08,221	565,4	
00:05:08,258	565,4	
00:05:08,295	565,4	
00:05:08,333	565,4	
00:05:08,370	565,4	
00:05:08,407	565,4	
00:05:08,444	565,5	
00:05:08,481	565,5	
00:05:08,518	565,5	
00:05:08,555	565,5	
00:05:08,592	565,5	
00:05:08,629	565,5	
00:05:08,666	565,5	
00:05:08,703	565,5	
00:05:08,740	565,5	
00:05:08,777	565,6	
00:05:08,814	565,6	
00:05:08,851	565,6	
00:05:08,888	565,6	
00:05:08,925	565,6	
00:05:08,962	565,6	
00:05:08,999	565,6	
00:05:09,036	565,6	
00:05:09,073	565,6	
00:05:09,110	565,7	
00:05:09,147	565,7	
00:05:09,184	565,7	
00:05:09,221	565,7	
00:05:09,258	565,7	
00:05:09,295	565,7	
00:05:09,333	565,7	
00:05:09,370	565,7	
00:05:09,407	565,7	
00:05:09,444	565,8	
00:05:09,481	565,8	
00:05:09,518	565,8	
00:05:09,555	565,8	
00:05:09,592	565,8	
00:05:09,629	565,8	
00:05:09,666	565,8	
00:05:09,703	565,8	
00:05:09,740	565,8	
00:05:09,777	565,9	
00:05:09,814	565,9	
00:05:09,851	565,9	
00:05:09,888	565,9	
00:05:09,925	565,9	
00:05:09,962	565,9	
00:05:09,999	565,9	
00:05:10,036	565,9	
00:05:10,073	565,9	
00:05:10,110	566,0	
00:05:10,147	566,0	
00:05:10,184	566,0	
00:05:10,221	566,0	
00:05:10,258	566,0	
00:05:10,295	566,0	
00:05:10,333	566,0	
00:05:10,370	566,0	
00:05:10,407	566,0	
00:05:10,444	566,1	
00:05:10,481	566,1	
00:05:10,518	566,1	
00:05:10,555	566,1	
00:05:10,592	566,1	
00:05:10,629	566,1	
00:05:10,666	566,1	
00:05:10,703	566,1	
00:05:10,740	566,1	
00:05:10,777	566,2	
00:05:10,814	566,2	
00:05:10,851	566,2	
00:05:10,888	566,2	
00:05:10,925	566,2	
00:05:10,962	566,3	
00:05:10,999	566,3	
00:05:11,036	566,4	
00:05:11,073	566,4	
00:05:11,110	566,5	
00:05:11,147	566,5	
00:05:11,184	566,6	
00:05:11,221	566,6	
00:05:11,258	566,7	
00:05:11,295	566,8	
00:05:11,333	566,8	
00:05:11,370	566,9	
00:05:11,407	566,9	
00:05:11,444	567,0	
00:05:11,481	567,0	
00:05:11,518	567,1	
00:05:11,555	567,2	
00:05:11,592	567,2	
00:05:11,629	567,3	
00:05:11,666	567,3	
00:05:11,703	567,4	
00:05:11,740	567,4	
00:05:11,777	567,5	
00:05:11,814	567,5	
00:05:11,851	567,6	
00:05:11,888	567,7	
00:05:11,925	567,7	
00:05:11,962	567,8	
00:05:11,999	567,8	
00:05:12,036	567,9	
00:05:12,073	567,9	
00:05:12,110	568,0	
00:05:12,147	568,0	
00:05:12,184	568,1	
00:05:12,221	568,2	
00:05:12,258	568,2	
00:05:12,295	568,3	
00:05:12,333	568,3	
00:05:12,370	568,4	
00:05:12,407	568,4	
00:05:12,444	568,5	
00:05:12,481	568,5	
00:05:12,518	568,6	
00:05:12,555	568,7	
00:05:12,592	568,7	
00:05:12,629	568,8	
00:05:12,666	568,8	
00:05:12,703	568,9	
00:05:12,740	568,9	
00:05:12,777	569,0	
00:05:12,814	569,1	
00:05:12,851	569,1	
00:05:12,888	569,2	
00:05:12,925	569,2	
00:05:12,962	569,3	
00:05:12,999	569,3	
00:05:13,036	569,4	
00:05:13,073	569,4	
00:05:13,110	569,5	
00:05:13,147	569,6	
00:05:13,184	569,6	
00:05:13,221	569,7	
00:05:13,258	569,7	
00:05:13,295	569,8	
00:05:13,333	569,8	
00:05:13,370	569,9	
00:05:13,407	569,9	
00:05:13,444	570,0	
00:05:13,481	570,1	
00:05:13,518	570,1	
00:05:13,555	570,2	
00:05:13,592	570,2	
00:05:13,629	570,3	
00:05:13,666	570,3	
00:05:13,703	570,4	
00:05:13,740	570,4	
00:05:13,777	570,5	
00:05:13,814	570,6	
00:05:13,851	570,6	
00:05:13,888	570,7	
00:05:13,925	570,7	
00:05:13,962	570,8	
00:05:13,999	570,8	
00:05:14,036	570,9	
00:05:14,073	571,0	
00:05:14,110	571,0	
00:05:14,147	571,1	
00:05:14,184	571,1	
00:05:14,221	571,2	
00:05:14,258	571,2	
00:05:14,295	571,3	
00:05:14,333	571,3	
00:05:14,370	571,4	
00:05:14,407	571,5	
00:05:14,444	571,5	
00:05:14,481	571,6	
00:05:14,518	571,6	
00:05:14,555	571,7	
00:05:14,592	571,7	
00:05:14,629	571,8	
00:05:14,666	571,8	
00:05:14,703	571,9	
00:05:14,740	572,0	
00:05:14,777	572,0	
00:05:14,814	572,1	
00:05:14,851	572,1	
00:05:14,888	572,2	
00:05:14,925	572,2	
00:05:14,962	572,3	
00:05:14,999	572,3	
00:05:15,036	572,4	
00:05:15,073	572,5	
00:05:15,110	572,5	
00:05:15,147	572,6	
00:05:15,184	572,6	
00:05:15,221	572,7	
00:05:15,258	572,7	
00:05:15,295	572,8	
00:05:15,333	572,9	
00:05:15,370	572,9	
00:05:15,407	573,0	
00:05:15,444	573,0	
00:05:15,481	573,1	
00:05:15,518	573,1	
00:05:15,555	573,2	
00:05:15,592	573,2	
00:05:15,629	573,3	
00:05:15,666	573,4	
00:05:15,703	573,4	
00:05:15,740	573,5	
00:05:15,777	573,5	
00:05:15,814	573,6	
00:05:15,851	573,6	
00:05:15,888	573,7	
00:05:15,925	573,7	
00:05:15,962	573,8	
00:05:15,999	573,9	
00:05:16,036	573,9	
00:05:16,073	574,0	
00:05:16,110	574,0	
00:05:16,147	574,1	
00:05:16,184	574,1	
00:05:16,221	574,2	
00:05:16,258	574,2	
00:05:16,295	574,3	
00:05:16,333	574,4	
00:05:16,370	574,4	
00:05:16,407	574,5	
00:05:16,444	574,5	
00:05:16,481	574,6	
00:05:16,518	574,6	
00:05:16,555	574,7	
00:05:16,592	574,8	
00:05:16,629	574,8	
00:05:16,666	574,9	
00:05:16,703	574,9	
00:05:16,740	575,0	
00:05:16,777	575,0	
00:05:16,814	575,1	
00:05:16,851	575,1	
00:05:16,888	575,2	
00:05:16,925	575,3	
00:05:16,962	575,3	
00:05:16,999	575,4	
00:05:17,036	575,4	
00:05:17,073	575,5	
00:05:17,110	575,5	
00:05:17,147	575,6	
00:05:17,184	575,6	
00:05:17,221	575,7	
00:05:17,258	575,8	
00:05:17,295	575,8	
00:05:17,333	575,9	
00:05:17,370	575,9	
00:05:17,407	576,0	
00:05:17,444	576,0	
00:05:17,481	576,1	
00:05:17,518	576,1	
00:05:17,555	576,2	
00:05:17,592	576,3	
00:05:17,629	576,3	
00:05:17,666	576,4	
00:05:17,703	576,4	
00:05:17,740	576,5	
00:05:17,777	576,5	
00:05:17,814	576,6	
00:05:17,851	576,7	
00:05:17,888	576,7	
00:05:17,925	576,8	
00:05:17,962	576,8	
00:05:17,999	576,9	
00:05:18,036	576,9	
00:05:18,073	577,0	
00:05:18,110	577,0	
00:05:18,147	577,1	
00:05:18,184	577,2	
00:05:18,221	577,2	
00:05:18,258	577,3	
00:05:18,295	577,3	
00:05:18,333	577,4	
00:05:18,370	577,4	
00:05:18,407	577,5	
00:05:18,444	577,5	
00:05:18,481	577,6	
00:05:18,518	577,7	
00:05:18,555	577,7	
00:05:18,592	577,8	
00:05:18,629	577,8	
00:05:18,666	577,9	
00:05:18,703	577,9	
00:05:18,740	578,0	
00:05:18,777	578,0	
00:05:18,814	578,1	
00:05:18,851	578,2	
00:05:18,888	578,2	
00:05:18,925	578,3	
00:05:18,962	578,3	
00:05:18,999	578,4	
00:05:19,036	578,4	
00:05:19,073	578,5	
00:05:19,110	578,6	
00:05:19,147	578,6	
00:05:19,184	578,7	
00:05:19,221	578,7	
00:05:19,258	578,8	
00:05:19,295	578,8	
00:05:19,333	578,9	
00:05:19,370	578,9	
00:05:19,407	579,0	
00:05:19,444	579,1	
00:05:19,481	579,1	
00:05:19,518	579,2	
00:05:19,555	579,2	
00:05:19,592	579,3	
00:05:19,629	579,3	
00:05:19,666	579,4	
00:05:19,703	579,4	
00:05:19,740	579,5	
00:05:19,777	579,6	
00:05:19,814	579,6	
00:05:19,851	579,7	
00:05:19,888	579,7	
00:05:19,925	579,8	
00:05:19,962	579,8	
00:05:19,999	579,9	
00:05:20,036	579,9	
00:05:20,073	580,0	
00:05:20,110	580,1	
00:05:20,147	580,1	
00:05:20,184	580,2	
00:05:20,221	580,2	
00:05:20,258	580,3	
00:05:20,295	580,3	
00:05:20,333	580,4	
00:05:20,370	580,5	
00:05:20,407	580,5	
00:05:20,444	580,6	
00:05:20,481	580,6	
00:05:20,518	580,7	
00:05:20,555	580,7	
00:05:20,592	580,8	
00:05:20,629	580,8	
00:05:20,666	580,9	
00:05:20,703	581,0	
00:05:20,740	581,0	
00:05:20,777	581,1	
00:05:20,814	581,1	
00:05:20,851	581,2	
00:05:20,888	581,2	
00:05:20,925	581,3	
00:05:20,962	581,3	
00:05:20,999	581,4	
00:05:21,036	581,5	
00:05:21,073	581,5	
00:05:21,110	581,6	
00:05:21,147	581,6	
00:05:21,184	581,7	
00:05:21,221	581,7	
00:05:21,258	581,8	
00:05:21,295	581,8	
00:05:21,333	581,9	
00:05:21,370	582,0	
00:05:21,407	582,0	
00:05:21,444	582,1	
00:05:21,481	582,1	
00:05:21,518	582,2	
00:05:21,555	582,2	
00:05:21,592	582,3	
00:05:21,629	582,4	
00:05:21,666	582,4	
00:05:21,703	582,5	
00:05:21,740	582,5	
00:05:21,777	582,6	
00:05:21,814	582,6	
00:05:21,851	582,7	
00:05:21,888	582,7	
00:05:21,925	582,8	
00:05:21,962	582,9	
00:05:21,999	582,9	
00:05:22,036	583,0	
00:05:22,073	583,0	
00:05:22,110	583,1	
00:05:22,147	583,1	
00:05:22,184	583,2	
00:05:22,221	583,2	
00:05:22,258	583,3	
00:05:22,295	583,4	
00:05:22,333	583,4	
00:05:22,370	583,5	
00:05:22,407	583,5	
00:05:22,444	583,6	
00:05:22,481	583,6	
00:05:22,518	583,7	
00:05:22,555	583,7	
00:05:22,592	583,8	
00:05:22,629	583,9	
00:05:22,666	583,9	
00:05:22,703	584,0	
00:05:22,740	584,0	
00:05:22,777	584,1	
00:05:22,814	584,1	
00:05:22,851	584,2	
00:05:22,888	584,3	
00:05:22,925	584,3	
00:05:22,962	584,4	
00:05:22,999	584,4	
00:05:23,036	584,5	
00:05:23,073	584,5	
00:05:23,110	584,6	
00:05:23,147	584,6	
00:05:23,184	584,7	
00:05:23,221	584,8	
00:05:23,258	584,8	
00:05:23,295	584,9	
00:05:23,333	584,9	
00:05:23,370	585,0	
00:05:23,407	585,0	
00:05:23,444	585,1	
00:05:23,481	585,1	
00:05:23,518	585,2	
00:05:23,555	585,3	
00:05:23,592	585,3	
00:05:23,629	585,4	
00:05:23,666	585,4	
00:05:23,703	585,5	
00:05:23,740	585,5	
00:05:23,777	585,6	
00:05:23,814	585,6	
00:05:23,851	585,7	
00:05:23,888	585,8	
00:05:23,925	585,8	
00:05:23,962	585,9	
00:05:23,999	585,9	
00:05:24,036	586,0	
00:05:24,073	586,0	
00:05:24,110	586,1	
00:05:24,147	586,2	
00:05:24,184	586,2	
00:05:24,221	586,3	
00:05:24,258	586,3	
00:05:24,295	586,4	
00:05:24,333	586,4	
00:05:24,370	586,5	
00:05:24,407	586,5	
00:05:24,444	586,6	
00:05:24,481	586,7	
00:05:24,518	586,7	
00:05:24,555	586,8	
00:05:24,592	586,8	
00:05:24,629	586,9	
00:05:24,666	586,9	
00:05:24,703	587,0	
00:05:24,740	587,0	
00:05:24,777	587,1	
00:05:24,814	587,2	
00:05:24,851	587,2	
00:05:24,888	587,3	
00:05:24,925	587,3	
00:05:24,962	587,4	
00:05:24,999	587,4	
00:05:25,036	587,5	
00:05:25,073	587,5	
00:05:25,110	587,6	
00:05:25,147	587,7	
00:05:25,184	587,7	
00:05:25,221	587,8	
00:05:25,258	587,8	
00:05:25,295	587,9	
00:05:25,333	587,9	
00:05:25,370	588,0	
00:05:25,407	588,1	
00:05:25,444	588,1	
00:05:25,481	588,2	
00:05:25,518	588,2	
00:05:25,555	588,3	
00:05:25,592	588,3	
00:05:25,629	588,4	
00:05:25,666	588,4	
00:05:25,703	588,5	
00:05:25,740	588,4	
00:05:25,777	588,3	
00:05:25,814	588,2	
00:05:25,851	588,1	
00:05:25,888	588,0	
00:05:25,925	587,9	
00:05:25,962	587,8	
00:05:25,999	587,7	
00:05:26,036	587,5	
00:05:26,073	587,4	
00:05:26,110	587,3	
00:05:26,147	587,2	
00:05:26,184	587,1	
00:05:26,221	587,0	
00:05:26,258	586,9	
00:05:26,295	586,8	
00:05:26,333	586,7	
00:05:26,370	586,6	
00:05:26,407	586,5	
00:05:26,444	586,4	
00:05:26,481	586,3	
00:05:26,518	586,2	
00:05:26,555	586,1	
00:05:26,592	586,0	
00:05:26,629	585,9	
00:05:26,666	585,7	
00:05:26,703	585,6	
00:05:26,740	585,5	
00:05:26,777	585,4	
00:05:26,814	585,3	
00:05:26,851	585,2	
00:05:26,888	585,1	
00:05:26,925	585,0	
00:05:26,962	584,9	
00:05:26,999	584,8	
00:05:27,036	584,7	
00:05:27,073	584,6	
00:05:27,110	584,5	
00:05:27,147	584,4	
00:05:27,184	584,3	
00:05:27,221	584,2	
00:05:27,258	584,0	
00:05:27,295	583,9	
00:05:27,333	583,8	
00:05:27,370	583,7	
00:05:27,407	583,6	
00:05:27,444	583,5	
00:05:27,481	583,4	
00:05:27,518	583,3	
00:05:27,555	583,2	
00:05:27,592	583,1	
00:05:27,629	583,0	
00:05:27,666	582,9	
00:05:27,703	582,8	
00:05:27,740	582,7	
00:05:27,777	582,6	
00:05:27,814	582,5	
00:05:27,851	582,4	
00:05:27,888	582,2	
00:05:27,925	582,1	
00:05:27,962	582,0	
00:05:27,999	581,9	
00:05:28,036	581,8	
00:05:28,073	581,7	
00:05:28,110	581,6	
00:05:28,147	581,5	
00:05:28,184	581,4	
00:05:28,221	581,3	
00:05:28,258	581,2	
00:05:28,295	581,1	
00:05:28,333	581,0	
00:05:28,370	580,9	
00:05:28,407	580,8	
00:05:28,444	580,7	
00:05:28,481	580,6	
00:05:28,518	580,4	
00:05:28,555	580,3	
00:05:28,592	580,2	
00:05:28,629	580,1	
00:05:28,666	580,0	
00:05:28,703	579,9	
00:05:28,740	579,8	
00:05:28,777	579,7	
00:05:28,814	579,6	
00:05:28,851	579,5	
00:05:28,888	579,4	
00:05:28,925	579,3	
00:05:28,962	579,2	
00:05:28,999	579,1	
00:05:29,036	579,0	
00:05:29,073	578,9	
00:05:29,110	578,7	
00:05:29,147	578,6	
00:05:29,184	578,5	
00:05:29,221	578,4	
00:05:29,258	578,3	
00:05:29,295	578,2	
00:05:29,333	578,1	
00:05:29,370	578,0	
00:05:29,407	577,9	
00:05:29,444	577,8	
00:05:29,481	577,7	
00:05:29,518	577,6	
00:05:29,555	577,5	
00:05:29,592	577,4	
00:05:29,629	577,3	
00:05:29,666	577,2	
00:05:29,703	577,1	
00:05:29,740	576,9	
00:05:29,777	576,8	
00:05:29,814	576,7	
00:05:29,851	576,6	
00:05:29,888	576,5	
00:05:29,925	576,4	
00:05:29,962	576,3	
00:05:29,999	576,2	
00:05:30,036	576,1	
00:05:30,073	576,0	
00:05:30,110	575,9	
00:05:30,147	575,8	
00:05:30,184	575,7	
00:05:30,221	575,6	
00:05:30,258	575,5	
00:05:30,295	575,4	
00:05:30,333	575,3	
00:05:30,370	575,1	
00:05:30,407	575,0	
00:05:30,444	574,9	
00:05:30,481	574,8	
00:05:30,518	574,7	
00:05:30,555	574,6	
00:05:30,592	574,5	
00:05:30,629	574,4	
00:05:30,666	574,3	
00:05:30,703	574,2	
00:05:30,740	574,1	
00:05:30,777	574,0	
00:05:30,814	573,9	
00:05:30,851	573,8	
00:05:30,888	573,7	
00:05:30,925	573,6	
00:05:30,962	573,4	
00:05:30,999	573,3	
00:05:31,036	573,2	
00:05:31,073	573,1	
00:05:31,110	573,0	
00:05:31,147	572,9	
00:05:31,184	572,8	
00:05:31,221	572,7	
00:05:31,258	572,6	
00:05:31,295	572,5	
00:05:31,333	572,4	
00:05:31,370	572,3	
00:05:31,407	572,2	
00:05:31,444	572,1	
00:05:31,481	572,0	
00:05:31,518	571,9	
00:05:31,555	571,8	
00:05:31,592	571,6	
00:05:31,629	571,5	
00:05:31,666	571,4	
00:05:31,703	571,3	
00:05:31,740	571,2	
00:05:31,777	571,1	
00:05:31,814	571,0	
00:05:31,851	570,9	
00:05:31,888	570,8	
00:05:31,925	570,7	
00:05:31,962	570,6	
00:05:31,999	570,5	
00:05:32,036	570,4	
00:05:32,073	570,3	
00:05:32,110	570,2	
00:05:32,147	570,1	
00:05:32,184	570,0	
00:05:32,221	569,8	
00:05:32,258	569,7	
00:05:32,295	569,6	
00:05:32,333	569,5	
00:05:32,370	569,4	
00:05:32,407	569,3	
00:05:32,444	569,2	
00:05:32,481	569,1	
00:05:32,518	569,0	
00:05:32,555	568,9	
00:05:32,592	568,8	
00:05:32,629	568,7	
00:05:32,666	568,6	
00:05:32,703	568,5	
00:05:32,740	568,4	
00:05:32,777	568,3	
00:05:32,814	568,1	
00:05:32,851	568,0	
00:05:32,888	567,9	
00:05:32,925	567,8	
00:05:32,962	567,7	
00:05:32,999	567,6	
00:05:33,036	567,5	
00:05:33,073	567,4	
00:05:33,110	567,3	
00:05:33,147	567,2	
00:05:33,184	567,1	
00:05:33,221	567,0	
00:05:33,258	566,9	
00:05:33,295	566,8	
00:05:33,333	566,7	
00:05:33,370	566,6	
00:05:33,407	566,5	
00:05:33,444	566,3	
00:05:33,481	566,2	
00:05:33,518	566,1	
00:05:33,555	566,0	
00:05:33,592	565,9	
00:05:33,629	565,8	
00:05:33,666	565,7	
00:05:33,703	565,6	
00:05:33,740	565,5	
00:05:33,777	565,4	
00:05:33,814	565,3	
00:05:33,851	565,2	
00:05:33,888	565,1	
00:05:33,925	565,0	
00:05:33,962	564,9	
00:05:33,999	564,8	
00:05:34,036	564,7	
00:05:34,073	564,5	
00:05:34,110	564,4	
00:05:34,147	564,3	
00:05:34,184	564,2	
00:05:34,221	564,1	
00:05:34,258	564,0	
00:05:34,295	563,9	
00:05:34,332	563,8	
00:05:34,370	563,7	
00:05:34,407	563,6	
00:05:34,444	563,5	
00:05:34,481	563,4	
00:05:34,518	563,3	
00:05:34,555	563,2	
00:05:34,592	563,1	
00:05:34,629	563,0	
00:05:34,666	562,8	
00:05:34,703	562,7	
00:05:34,740	562,6	
00:05:34,777	562,5	
00:05:34,814	562,4	
00:05:34,851	562,3	
00:05:34,888	562,2	
00:05:34,925	562,1	
00:05:34,962	562,0	
00:05:34,999	561,9	
00:05:35,036	561,8	
00:05:35,073	561,7	
00:05:35,110	561,6	
00:05:35,147	561,5	
00:05:35,184	561,4	
00:05:35,221	561,3	
00:05:35,258	561,2	
00:05:35,295	561,0	
00:05:35,332	560,9	
00:05:35,370	560,8	
00:05:35,407	560,7	
00:05:35,444	560,6	
00:05:35,481	560,5	
00:05:35,518	560,4	
00:05:35,555	560,3	
00:05:35,592	560,2	
00:05:35,629	560,1	
00:05:35,666	560,0	
00:05:35,703	559,9	
00:05:35,740	559,8	
00:05:35,777	559,7	
00:05:35,814	559,6	
00:05:35,851	559,5	
00:05:35,888	559,4	
00:05:35,925	559,2	
00:05:35,962	559,1	
00:05:35,999	559,0	
00:05:36,036	558,9	
00:05:36,073	558,8	
00:05:36,110	558,7	
00:05:36,147	558,6	
00:05:36,184	558,5	
00:05:36,221	558,4	
00:05:36,258	558,3	
00:05:36,295	558,2	
00:05:36,332	558,1	
00:05:36,370	558,0	
00:05:36,407	557,9	
00:05:36,444	557,8	
00:05:36,481	557,7	
00:05:36,518	557,5	
00:05:36,555	557,4	
00:05:36,592	557,3	
00:05:36,629	557,2	
00:05:36,666	557,1	
00:05:36,703	557,0	
00:05:36,740	556,9	
00:05:36,777	556,8	
00:05:36,814	556,7	
00:05:36,851	556,6	
00:05:36,888	556,5	
00:05:36,925	556,4	
00:05:36,962	556,3	
00:05:36,999	556,2	
00:05:37,036	556,1	
00:05:37,073	556,0	
00:05:37,110	555,9	
00:05:37,147	555,7	
00:05:37,184	555,6	
00:05:37,221	555,5	
00:05:37,258	555,4	
00:05:37,295	555,3	
00:05:37,332	555,2	
00:05:37,370	555,1	
00:05:37,407	555,0	
00:05:37,444	554,9	
00:05:37,481	554,8	
00:05:37,518	554,7	
00:05:37,555	554,6	
00:05:37,592	554,5	
00:05:37,629	554,4	
00:05:37,666	554,3	
00:05:37,703	554,2	
00:05:37,740	554,1	
00:05:37,777	553,9	
00:05:37,814	553,8	
00:05:37,851	553,7	
00:05:37,888	553,6	
00:05:37,925	553,5	
00:05:37,962	553,4	
00:05:37,999	553,3	
00:05:38,036	553,2	
00:05:38,073	553,1	
00:05:38,110	553,0	
00:05:38,147	552,9	
00:05:38,184	552,8	
00:05:38,221	552,7	
00:05:38,258	552,6	
00:05:38,295	552,5	
00:05:38,332	552,4	
00:05:38,370	552,2	
00:05:38,407	552,1	
00:05:38,444	552,0	
00:05:38,481	551,9	
00:05:38,518	551,8	
00:05:38,555	551,7	
00:05:38,592	551,6	
00:05:38,629	551,5	
00:05:38,666	551,4	
00:05:38,703	551,3	
00:05:38,740	551,2	
00:05:38,777	551,1	
00:05:38,814	551,0	
00:05:38,851	550,9	
00:05:38,888	550,8	
00:05:38,925	550,7	
00:05:38,962	550,6	
00:05:38,999	550,4	
00:05:39,036	550,3	
00:05:39,073	550,2	
00:05:39,110	550,1	
00:05:39,147	550,0	
00:05:39,184	549,9	
00:05:39,221	549,8	
00:05:39,258	549,7	
00:05:39,295	549,6	
00:05:39,332	549,5	
00:05:39,370	549,5	
00:05:39,407	549,4	
00:05:39,444	549,4	
00:05:39,481	549,3	
00:05:39,518	549,3	
00:05:39,555	549,2	
00:05:39,592	549,1	
00:05:39,629	549,1	
00:05:39,666	549,0	
00:05:39,703	549,0	
00:05:39,740	548,9	
00:05:39,777	548,9	
00:05:39,814	548,8	
00:05:39,851	548,7	
00:05:39,888	548,7	
00:05:39,925	548,6	
00:05:39,962	548,6	
00:05:39,999	548,5	
00:05:40,036	548,5	
00:05:40,073	548,4	
00:05:40,110	548,4	
00:05:40,147	548,3	
00:05:40,184	548,2	
00:05:40,221	548,2	
00:05:40,258	548,1	
00:05:40,295	548,1	
00:05:40,332	548,0	
00:05:40,370	548,0	
00:05:40,407	547,9	
00:05:40,444	547,8	
00:05:40,481	547,8	
00:05:40,518	547,7	
00:05:40,555	547,7	
00:05:40,592	547,6	
00:05:40,629	547,6	
00:05:40,666	547,5	
00:05:40,703	547,4	
00:05:40,740	547,4	
00:05:40,777	547,3	
00:05:40,814	547,3	
00:05:40,851	547,2	
00:05:40,888	547,2	
00:05:40,925	547,1	
00:05:40,962	547,0	
00:05:40,999	547,0	
00:05:41,036	546,9	
00:05:41,073	546,9	
00:05:41,110	546,8	
00:05:41,147	546,8	
00:05:41,184	546,7	
00:05:41,221	546,6	
00:05:41,258	546,6	
00:05:41,295	546,5	
00:05:41,332	546,5	
00:05:41,370	546,4	
00:05:41,407	546,4	
00:05:41,444	546,3	
00:05:41,481	546,3	
00:05:41,518	546,2	
00:05:41,555	546,1	
00:05:41,592	546,1	
00:05:41,629	546,0	
00:05:41,666	546,0	
00:05:41,703	545,9	
00:05:41,740	545,9	
00:05:41,777	545,8	
00:05:41,814	545,7	
00:05:41,851	545,7	
00:05:41,888	545,6	
00:05:41,925	545,6	
00:05:41,962	545,5	
00:05:41,999	545,5	
00:05:42,036	545,4	
00:05:42,073	545,3	
00:05:42,110	545,3	
00:05:42,147	545,2	
00:05:42,184	545,2	
00:05:42,221	545,1	
00:05:42,258	545,1	
00:05:42,295	545,0	
00:05:42,332	544,9	
00:05:42,370	544,9	
00:05:42,407	544,8	
00:05:42,444	544,8	
00:05:42,481	544,7	
00:05:42,518	544,7	
00:05:42,555	544,6	
00:05:42,592	544,5	
00:05:42,629	544,5	
00:05:42,666	544,4	
00:05:42,703	544,4	
00:05:42,740	544,3	
00:05:42,777	544,3	
00:05:42,814	544,2	
00:05:42,851	544,2	
00:05:42,888	544,1	
00:05:42,925	544,0	
00:05:42,962	544,0	
00:05:42,999	543,9	
00:05:43,036	543,9	
00:05:43,073	543,8	
00:05:43,110	543,8	
00:05:43,147	543,7	
00:05:43,184	543,6	
00:05:43,221	543,6	
00:05:43,258	543,5	
00:05:43,295	543,5	
00:05:43,332	543,4	
00:05:43,370	543,4	
00:05:43,407	543,3	
00:05:43,444	543,2	
00:05:43,481	543,2	
00:05:43,518	543,1	
00:05:43,555	543,1	
00:05:43,592	543,0	
00:05:43,629	543,0	
00:05:43,666	542,9	
00:05:43,703	542,8	
00:05:43,740	542,8	
00:05:43,777	542,7	
00:05:43,814	542,7	
00:05:43,851	542,6	
00:05:43,888	542,6	
00:05:43,925	542,5	
00:05:43,962	542,4	
00:05:43,999	542,4	
00:05:44,036	542,3	
00:05:44,073	542,3	
00:05:44,110	542,2	
00:05:44,147	542,2	
00:05:44,184	542,1	
00:05:44,221	542,1	
00:05:44,258	542,0	
00:05:44,295	541,9	
00:05:44,332	541,9	
00:05:44,370	541,8	
00:05:44,407	541,8	
00:05:44,444	541,7	
00:05:44,481	541,7	
00:05:44,518	541,6	
00:05:44,555	541,5	
00:05:44,592	541,5	
00:05:44,629	541,4	
00:05:44,666	541,4	
00:05:44,703	541,3	
00:05:44,740	541,3	
00:05:44,777	541,2	
00:05:44,814	541,1	
00:05:44,851	541,1	
00:05:44,888	541,0	
00:05:44,925	541,0	
00:05:44,962	540,9	
00:05:44,999	540,9	
00:05:45,036	540,8	
00:05:45,073	540,7	
00:05:45,110	540,7	
00:05:45,147	540,6	
00:05:45,184	540,6	
00:05:45,221	540,5	
00:05:45,258	540,5	
00:05:45,295	540,4	
00:05:45,332	540,3	
00:05:45,370	540,3	
00:05:45,407	540,2	
00:05:45,444	540,2	
00:05:45,481	540,1	
00:05:45,518	540,1	
00:05:45,555	540,0	
00:05:45,592	540,0	
00:05:45,629	539,9	
00:05:45,666	539,8	
00:05:45,703	539,8	
00:05:45,740	539,7	
00:05:45,777	539,7	
00:05:45,814	539,6	
00:05:45,851	539,6	
00:05:45,888	539,5	
00:05:45,925	539,4	
00:05:45,962	539,4	
00:05:45,999	539,3	
00:05:46,036	539,3	
00:05:46,073	539,2	
00:05:46,110	539,2	
00:05:46,147	539,1	
00:05:46,184	539,0	
00:05:46,221	539,0	
00:05:46,258	538,9	
00:05:46,295	538,9	
00:05:46,332	538,8	
00:05:46,370	538,8	
00:05:46,407	538,7	
00:05:46,444	538,6	
00:05:46,481	538,6	
00:05:46,518	538,5	
00:05:46,555	538,5	
00:05:46,592	538,4	
00:05:46,629	538,4	
00:05:46,666	538,3	
00:05:46,703	538,2	
00:05:46,740	538,2	
00:05:46,777	538,1	
00:05:46,814	538,1	
00:05:46,851	538,0	
00:05:46,888	538,0	
00:05:46,925	537,9	
00:05:46,962	537,9	
00:05:46,999	537,8	
00:05:47,036	537,7	
00:05:47,073	537,7	
00:05:47,110	537,6	
00:05:47,147	537,6	
00:05:47,184	537,5	
00:05:47,221	537,5	
00:05:47,258	537,4	
00:05:47,295	537,3	
00:05:47,332	537,3	
00:05:47,370	537,2	
00:05:47,407	537,2	
00:05:47,444	537,1	
00:05:47,481	537,1	
00:05:47,518	537,0	
00:05:47,555	536,9	
00:05:47,592	536,9	
00:05:47,629	536,8	
00:05:47,666	536,8	
00:05:47,703	536,7	
00:05:47,740	536,7	
00:05:47,777	536,6	
00:05:47,814	536,5	
00:05:47,851	536,5	
00:05:47,888	536,4	
00:05:47,925	536,4	
00:05:47,962	536,3	
00:05:47,999	536,3	
00:05:48,036	536,2	
00:05:48,073	536,1	
00:05:48,110	536,1	
00:05:48,147	536,0	
00:05:48,184	536,0	
00:05:48,221	535,9	
00:05:48,258	535,9	
00:05:48,295	535,8	
00:05:48,332	535,8	
00:05:48,370	535,7	
00:05:48,407	535,6	
00:05:48,444	535,6	
00:05:48,481	535,5	
00:05:48,518	535,5	
00:05:48,555	535,4	
00:05:48,592	535,4	
00:05:48,629	535,3	
00:05:48,666	535,2	
00:05:48,703	535,2	
00:05:48,740	535,1	
00:05:48,777	535,1	
00:05:48,814	535,0	
00:05:48,851	535,0	
00:05:48,888	534,9	
00:05:48,925	534,8	
00:05:48,962	534,8	
00:05:48,999	534,7	
00:05:49,036	534,7	
00:05:49,073	534,6	
00:05:49,110	534,6	
00:05:49,147	534,5	
00:05:49,184	534,4	
00:05:49,221	534,4	
00:05:49,258	534,3	
00:05:49,295	534,3	
00:05:49,332	534,2	
00:05:49,370	534,2	
00:05:49,407	534,1	
00:05:49,444	534,0	
00:05:49,481	534,0	
00:05:49,518	533,9	
00:05:49,555	533,9	
00:05:49,592	533,8	
00:05:49,629	533,8	
00:05:49,666	533,7	
00:05:49,703	533,7	
00:05:49,740	533,6	
00:05:49,777	533,5	
00:05:49,814	533,5	
00:05:49,851	533,4	
00:05:49,888	533,4	
00:05:49,925	533,3	
00:05:49,962	533,3	
00:05:49,999	533,2	
00:05:50,036	533,1	
00:05:50,073	533,1	
00:05:50,110	533,0	
00:05:50,147	533,0	
00:05:50,184	532,9	
00:05:50,221	532,9	
00:05:50,258	532,8	
00:05:50,295	532,7	
00:05:50,332	532,7	
00:05:50,370	532,6	
00:05:50,407	532,6	
00:05:50,444	532,5	
00:05:50,481	532,5	
00:05:50,518	532,4	
00:05:50,555	532,3	
00:05:50,592	532,3	
00:05:50,629	532,2	
00:05:50,666	532,2	
00:05:50,703	532,1	
00:05:50,740	532,1	
00:05:50,777	532,0	
00:05:50,814	531,9	
00:05:50,851	531,9	
00:05:50,888	531,8	
00:05:50,925	531,8	
00:05:50,962	531,7	
00:05:50,999	531,7	
00:05:51,036	531,6	
00:05:51,073	531,6	
00:05:51,110	531,5	
00:05:51,147	531,4	
00:05:51,184	531,4	
00:05:51,221	531,3	
00:05:51,258	531,3	
00:05:51,295	531,2	
00:05:51,332	531,2	
00:05:51,370	531,1	
00:05:51,407	531,0	
00:05:51,444	531,0	
00:05:51,481	530,9	
00:05:51,518	530,9	
00:05:51,555	530,8	
00:05:51,592	530,8	
00:05:51,629	530,7	
00:05:51,666	530,8	
00:05:51,703	530,9	
00:05:51,740	531,0	
00:05:51,777	531,0	
00:05:51,814	531,1	
00:05:51,851	531,2	
00:05:51,888	531,3	
00:05:51,925	531,4	
00:05:51,962	531,5	
00:05:51,999	531,6	
00:05:52,036	531,6	
00:05:52,073	531,7	
00:05:52,110	531,8	
00:05:52,147	531,9	
00:05:52,184	532,0	
00:05:52,221	532,1	
00:05:52,258	532,1	
00:05:52,295	532,2	
00:05:52,332	532,3	
00:05:52,370	532,4	
00:05:52,407	532,5	
00:05:52,444	532,6	
00:05:52,481	532,7	
00:05:52,518	532,7	
00:05:52,555	532,8	
00:05:52,592	532,9	
00:05:52,629	533,0	
00:05:52,666	533,1	
00:05:52,703	533,2	
00:05:52,740	533,3	
00:05:52,777	533,3	
00:05:52,814	533,4	
00:05:52,851	533,5	
00:05:52,888	533,6	
00:05:52,925	533,7	
00:05:52,962	533,8	
00:05:52,999	533,9	
00:05:53,036	533,9	
00:05:53,073	534,0	
00:05:53,110	534,1	
00:05:53,147	534,2	
00:05:53,184	534,3	
00:05:53,221	534,4	
00:05:53,258	534,5	
00:05:53,295	534,5	
00:05:53,332	534,6	
00:05:53,370	534,7	
00:05:53,407	534,8	
00:05:53,444	534,9	
00:05:53,481	535,0	
00:05:53,518	535,0	
00:05:53,555	535,1	
00:05:53,592	535,2	
00:05:53,629	535,3	
00:05:53,666	535,4	
00:05:53,703	535,5	
00:05:53,740	535,6	
00:05:53,777	535,6	
00:05:53,814	535,7	
00:05:53,851	535,8	
00:05:53,888	535,9	
00:05:53,925	536,0	
00:05:53,962	536,1	
00:05:53,999	536,2	
00:05:54,036	536,2	
00:05:54,073	536,3	
00:05:54,110	536,4	
00:05:54,147	536,5	
00:05:54,184	536,6	
00:05:54,221	536,7	
00:05:54,258	536,8	
00:05:54,295	536,8	
00:05:54,332	536,9	
00:05:54,370	537,0	
00:05:54,407	537,1	
00:05:54,444	537,2	
00:05:54,481	537,3	
00:05:54,518	537,4	
00:05:54,555	537,4	
00:05:54,592	537,5	
00:05:54,629	537,6	
00:05:54,666	537,7	
00:05:54,703	537,8	
00:05:54,740	537,9	
00:05:54,777	537,9	
00:05:54,814	538,0	
00:05:54,851	538,1	
00:05:54,888	538,2	
00:05:54,925	538,3	
00:05:54,962	538,4	
00:05:54,999	538,5	
00:05:55,036	538,5	
00:05:55,073	538,6	
00:05:55,110	538,7	
00:05:55,147	538,8	
00:05:55,184	538,9	
00:05:55,221	539,0	
00:05:55,258	539,1	
00:05:55,295	539,1	
00:05:55,332	539,2	
00:05:55,370	539,3	
00:05:55,407	539,4	
00:05:55,444	539,5	
00:05:55,481	539,6	
00:05:55,518	539,7	
00:05:55,555	539,7	
00:05:55,592	539,8	
00:05:55,629	539,9	
00:05:55,666	540,0	
00:05:55,703	540,1	
00:05:55,740	540,2	
00:05:55,777	540,3	
00:05:55,814	540,3	
00:05:55,851	540,4	
00:05:55,888	540,5	
00:05:55,925	540,6	
00:05:55,962	540,7	
00:05:55,999	540,8	
00:05:56,036	540,8	
00:05:56,073	540,9	
00:05:56,110	541,0	
00:05:56,147	541,1	
00:05:56,184	541,2	
00:05:56,221	541,3	
00:05:56,258	541,4	
00:05:56,295	541,4	
00:05:56,332	541,5	
00:05:56,370	541,6	
00:05:56,407	541,7	
00:05:56,444	541,8	
00:05:56,481	541,9	
00:05:56,518	542,0	
00:05:56,555	542,0	
00:05:56,592	542,1	
00:05:56,629	542,2	
00:05:56,666	542,3	
00:05:56,703	542,4	
00:05:56,740	542,5	
00:05:56,777	542,6	
00:05:56,814	542,6	
00:05:56,851	542,7	
00:05:56,888	542,8	
00:05:56,925	542,9	
00:05:56,962	543,0	
00:05:56,999	543,1	
00:05:57,036	543,2	
00:05:57,073	543,2	
00:05:57,110	543,3	
00:05:57,147	543,4	
00:05:57,184	543,5	
00:05:57,221	543,6	
00:05:57,258	543,7	
00:05:57,295	543,7	
00:05:57,332	543,8	
00:05:57,370	543,9	
00:05:57,407	544,0	
00:05:57,444	544,1	
00:05:57,481	544,2	
00:05:57,518	544,3	
00:05:57,555	544,3	
00:05:57,592	544,4	
00:05:57,629	544,5	
00:05:57,666	544,6	
00:05:57,703	544,7	
00:05:57,740	544,8	
00:05:57,777	544,9	
00:05:57,814	544,9	
00:05:57,851	545,0	
00:05:57,888	545,1	
00:05:57,925	545,2	
00:05:57,962	545,3	
00:05:57,999	545,4	
00:05:58,036	545,5	
00:05:58,073	545,5	
00:05:58,110	545,6	
00:05:58,147	545,7	
00:05:58,184	545,8	
00:05:58,221	545,9	
00:05:58,258	546,0	
00:05:58,295	546,1	
00:05:58,332	546,1	
00:05:58,370	546,2	
00:05:58,407	546,3	
00:05:58,444	546,4	
00:05:58,481	546,5	
00:05:58,518	546,6	
00:05:58,555	546,6	
00:05:58,592	546,7	
00:05:58,629	546,8	
00:05:58,666	546,9	
00:05:58,703	547,0	
00:05:58,740	547,1	
00:05:58,777	547,2	
00:05:58,814	547,2	
00:05:58,851	547,3	
00:05:58,888	547,4	
00:05:58,925	547,5	
00:05:58,962	547,6	
00:05:58,999	547,7	
00:05:59,036	547,8	
00:05:59,073	547,8	
00:05:59,110	547,9	
00:05:59,147	548,0	
00:05:59,184	548,1	
00:05:59,221	548,2	
00:05:59,258	548,3	
00:05:59,295	548,4	
00:05:59,332	548,4	
00:05:59,370	548,5	
00:05:59,407	548,6	
00:05:59,444	548,7	
00:05:59,481	548,8	
00:05:59,518	548,9	
00:05:59,555	549,0	
00:05:59,592	549,0	
00:05:59,629	549,1	
00:05:59,666	549,2	
00:05:59,703	549,3	
00:05:59,740	549,4	
00:05:59,777	549,5	
00:05:59,814	549,5	
00:05:59,851	549,6	
00:05:59,888	549,7	
00:05:59,925	549,8	
00:05:59,962	549,9	
00:05:59,999	550,0	
00:06:00,036	550,1	
00:06:00,073	550,1	
00:06:00,110	550,2	
00:06:00,147	550,3	
00:06:00,184	550,4	
00:06:00,221	550,5	
00:06:00,258	550,6	
00:06:00,295	550,7	
00:06:00,332	550,7	
00:06:00,370	550,8	
00:06:00,407	550,9	
00:06:00,444	551,0	
00:06:00,481	551,1	
00:06:00,518	551,2	
00:06:00,555	551,3	
00:06:00,592	551,3	
00:06:00,629	551,4	
00:06:00,666	551,5	
00:06:00,703	551,6	
00:06:00,740	551,7	
00:06:00,777	551,8	
00:06:00,814	551,9	
00:06:00,851	551,9	
00:06:00,888	552,0	
00:06:00,925	552,1	
00:06:00,962	552,2	
00:06:00,999	552,3	
00:06:01,036	552,4	
00:06:01,073	552,4	
00:06:01,110	552,5	
00:06:01,147	552,6	
00:06:01,184	552,7	
00:06:01,221	552,8	
00:06:01,258	552,9	
00:06:01,295	553,0	
00:06:01,332	553,0	
00:06:01,370	553,1	
00:06:01,407	553,2	
00:06:01,444	553,3	
00:06:01,481	553,4	
00:06:01,518	553,5	
00:06:01,555	553,6	
00:06:01,592	553,6	
00:06:01,629	553,7	
00:06:01,666	553,8	
00:06:01,703	553,9	
00:06:01,740	554,0	
00:06:01,777	554,1	
00:06:01,814	554,2	
00:06:01,851	554,2	
00:06:01,888	554,3	
00:06:01,925	554,4	
00:06:01,962	554,5	
00:06:01,999	554,6	
00:06:02,036	554,7	
00:06:02,073	554,8	
00:06:02,110	554,8	
00:06:02,147	554,9	
00:06:02,184	555,0	
00:06:02,221	555,1	
00:06:02,258	555,2	
00:06:02,295	555,3	
00:06:02,332	555,3	
00:06:02,370	555,4	
00:06:02,407	555,5	
00:06:02,444	555,6	
00:06:02,481	555,7	
00:06:02,518	555,8	
00:06:02,555	555,9	
00:06:02,592	555,9	
00:06:02,629	556,0	
00:06:02,666	556,1	
00:06:02,703	556,2	
00:06:02,740	556,3	
00:06:02,777	556,4	
00:06:02,814	556,5	
00:06:02,851	556,5	
00:06:02,888	556,6	
00:06:02,925	556,7	
00:06:02,962	556,8	
00:06:02,999	556,9	
00:06:03,036	557,0	
00:06:03,073	557,1	
00:06:03,110	557,1	
00:06:03,147	557,2	
00:06:03,184	557,3	
00:06:03,221	557,4	
00:06:03,258	557,5	
00:06:03,295	557,6	
00:06:03,332	557,7	
00:06:03,370	557,7	
00:06:03,407	557,8	
00:06:03,444	557,9	
00:06:03,481	558,0	
00:06:03,518	558,1	
00:06:03,555	558,2	
00:06:03,592	558,2	
00:06:03,629	558,3	
00:06:03,666	558,4	
00:06:03,703	558,5	
00:06:03,740	558,6	
00:06:03,777	558,7	
00:06:03,814	558,8	
00:06:03,851	558,8	
00:06:03,888	558,9	
00:06:03,925	559,0	
00:06:03,962	559,1	
00:06:03,999	559,2	
00:06:04,036	559,3	
00:06:04,073	559,4	
00:06:04,110	559,5	
00:06:04,147	559,6	
00:06:04,184	559,7	
00:06:04,221	559,8	
00:06:04,258	559,9	
00:06:04,295	560,0	
00:06:04,332	560,1	
00:06:04,370	560,2	
00:06:04,407	560,3	
00:06:04,444	560,4	
00:06:04,481	560,5	
00:06:04,518	560,6	
00:06:04,555	560,7	
00:06:04,592	560,8	
00:06:04,629	560,9	
00:06:04,666	561,0	
00:06:04,703	561,1	
00:06:04,740	561,2	
00:06:04,777	561,3	
00:06:04,814	561,4	
00:06:04,851	561,5	
00:06:04,888	561,6	
00:06:04,925	561,7	
00:06:04,962	561,8	
00:06:04,999	561,9	
00:06:05,036	562,0	
00:06:05,073	562,1	
00:06:05,110	562,2	
00:06:05,147	562,3	
00:06:05,184	562,4	
00:06:05,221	562,5	
00:06:05,258	562,6	
00:06:05,295	562,7	
00:06:05,332	562,8	
00:06:05,370	562,9	
00:06:05,407	563,0	
00:06:05,444	563,1	
00:06:05,481	563,2	
00:06:05,518	563,3	
00:06:05,555	563,4	
00:06:05,592	563,5	
00:06:05,629	563,5	
00:06:05,666	563,6	
00:06:05,703	563,7	
00:06:05,740	563,8	
00:06:05,777	563,9	
00:06:05,814	564,0	
00:06:05,851	564,1	
00:06:05,888	564,2	
00:06:05,925	564,3	
00:06:05,962	564,4	
00:06:05,999	564,5	
00:06:06,036	564,6	
00:06:06,073	564,7	
00:06:06,110	564,8	
00:06:06,147	564,9	
00:06:06,184	565,0	
00:06:06,221	565,1	
00:06:06,258	565,2	
00:06:06,295	565,3	
00:06:06,332	565,4	
00:06:06,370	565,5	
00:06:06,407	565,6	
00:06:06,444	565,7	
00:06:06,481	565,8	
00:06:06,518	565,9	
00:06:06,555	566,0	
00:06:06,592	566,1	
00:06:06,629	566,2	
00:06:06,666	566,3	
00:06:06,703	566,4	
00:06:06,740	566,5	
00:06:06,777	566,6	
00:06:06,814	566,7	
00:06:06,851	566,8	
00:06:06,888	566,9	
00:06:06,925	567,0	
00:06:06,962	567,1	
00:06:06,999	567,2	
00:06:07,036	567,3	
00:06:07,073	567,4	
00:06:07,110	567,5	
00:06:07,147	567,6	
00:06:07,184	567,7	
00:06:07,221	567,8	
00:06:07,258	567,9	
00:06:07,295	568,0	
00:06:07,332	568,1	
00:06:07,370	568,2	
00:06:07,407	568,3	
00:06:07,444	568,4	
00:06:07,481	568,5	
00:06:07,518	568,6	
00:06:07,555	568,7	
00:06:07,592	568,8	
00:06:07,629	568,9	
00:06:07,666	569,0	
00:06:07,703	569,1	
00:06:07,740	569,2	
00:06:07,777	569,3	
00:06:07,814	569,4	
00:06:07,851	569,5	
00:06:07,888	569,6	
00:06:07,925	569,7	
00:06:07,962	569,8	
00:06:07,999	569,9	
00:06:08,036	570,0	
00:06:08,073	570,1	
00:06:08,110	570,2	
00:06:08,147	570,3	
00:06:08,184	570,4	
00:06:08,221	570,5	
00:06:08,258	570,6	
00:06:08,295	570,7	
00:06:08,332	570,8	
00:06:08,370	570,9	
00:06:08,407	571,0	
00:06:08,444	571,1	
00:06:08,481	571,2	
00:06:08,518	571,3	
00:06:08,555	571,4	
00:06:08,592	571,5	
00:06:08,629	571,6	
00:06:08,666	571,7	
00:06:08,703	571,8	
00:06:08,740	571,9	
00:06:08,777	572,0	
00:06:08,814	572,1	
00:06:08,851	572,2	
00:06:08,888	572,3	
00:06:08,925	572,3	
00:06:08,962	572,4	
00:06:08,999	572,5	
00:06:09,036	572,6	
00:06:09,073	572,7	
00:06:09,110	572,8	
00:06:09,147	572,9	
00:06:09,184	573,0	
00:06:09,221	573,1	
00:06:09,258	573,2	
00:06:09,295	573,3	
00:06:09,332	573,4	
00:06:09,370	573,5	
00:06:09,407	573,6	
00:06:09,444	573,7	
00:06:09,481	573,8	
00:06:09,518	573,9	
00:06:09,555	574,0	
00:06:09,592	574,1	
00:06:09,629	574,2	
00:06:09,666	574,3	
00:06:09,703	574,4	
00:06:09,740	574,5	
00:06:09,777	574,6	
00:06:09,814	574,7	
00:06:09,851	574,8	
00:06:09,888	574,9	
00:06:09,925	575,0	
00:06:09,962	575,1	
00:06:09,999	575,2	
00:06:10,036	575,3	
00:06:10,073	575,4	
00:06:10,110	575,5	
00:06:10,147	575,6	
00:06:10,184	575,7	
00:06:10,221	575,8	
00:06:10,258	575,9	
00:06:10,295	576,0	
00:06:10,332	576,1	
00:06:10,370	576,2	
00:06:10,407	576,3	
00:06:10,444	576,4	
00:06:10,481	576,5	
00:06:10,518	576,6	
00:06:10,555	576,7	
00:06:10,592	576,8	
00:06:10,629	576,9	
00:06:10,666	577,0	
00:06:10,703	577,1	
00:06:10,740	577,2	
00:06:10,777	577,3	
00:06:10,814	577,4	
00:06:10,851	577,5	
00:06:10,888	577,6	
00:06:10,925	577,7	
00:06:10,962	577,8	
00:06:10,999	577,9	
00:06:11,036	578,0	
00:06:11,073	578,1	
00:06:11,110	578,2	
00:06:11,147	578,3	
00:06:11,184	578,4	
00:06:11,221	578,5	
00:06:11,258	578,6	
00:06:11,295	578,7	
00:06:11,332	578,8	
00:06:11,369	578,9	
00:06:11,407	579,0	
00:06:11,444	579,1	
00:06:11,481	579,2	
00:06:11,518	579,3	
00:06:11,555	579,4	
00:06:11,592	579,5	
00:06:11,629	579,6	
00:06:11,666	579,7	
00:06:11,703	579,8	
00:06:11,740	579,9	
00:06:11,777	580,0	
00:06:11,814	580,1	
00:06:11,851	580,2	
00:06:11,888	580,3	
00:06:11,925	580,4	
00:06:11,962	580,5	
00:06:11,999	580,6	
00:06:12,036	580,7	
00:06:12,073	580,8	
00:06:12,110	580,9	
00:06:12,147	581,0	
00:06:12,184	581,0	
00:06:12,221	581,1	
00:06:12,258	581,2	
00:06:12,295	581,3	
00:06:12,332	581,4	
00:06:12,369	581,5	
00:06:12,407	581,6	
00:06:12,444	581,7	
00:06:12,481	581,8	
00:06:12,518	581,9	
00:06:12,555	582,0	
00:06:12,592	582,1	
00:06:12,629	582,2	
00:06:12,666	582,3	
00:06:12,703	582,4	
00:06:12,740	582,5	
00:06:12,777	582,6	
00:06:12,814	582,7	
00:06:12,851	582,8	
00:06:12,888	582,9	
00:06:12,925	583,0	
00:06:12,962	583,1	
00:06:12,999	583,2	
00:06:13,036	583,3	
00:06:13,073	583,4	
00:06:13,110	583,5	
00:06:13,147	583,6	
00:06:13,184	583,7	
00:06:13,221	583,8	
00:06:13,258	583,9	
00:06:13,295	584,0	
00:06:13,332	584,1	
00:06:13,369	584,2	
00:06:13,407	584,3	
00:06:13,444	584,4	
00:06:13,481	584,5	
00:06:13,518	584,6	
00:06:13,555	584,7	
00:06:13,592	584,8	
00:06:13,629	584,9	
00:06:13,666	585,0	
00:06:13,703	585,1	
00:06:13,740	585,2	
00:06:13,777	585,3	
00:06:13,814	585,4	
00:06:13,851	585,3	
00:06:13,888	585,2	
00:06:13,925	585,1	
00:06:13,962	585,1	
00:06:13,999	585,0	
00:06:14,036	584,9	
00:06:14,073	584,8	
00:06:14,110	584,7	
00:06:14,147	584,6	
00:06:14,184	584,5	
00:06:14,221	584,4	
00:06:14,258	584,4	
00:06:14,295	584,3	
00:06:14,332	584,2	
00:06:14,369	584,1	
00:06:14,407	584,0	
00:06:14,444	583,9	
00:06:14,481	583,8	
00:06:14,518	583,7	
00:06:14,555	583,7	
00:06:14,592	583,6	
00:06:14,629	583,5	
00:06:14,666	583,4	
00:06:14,703	583,3	
00:06:14,740	583,2	
00:06:14,777	583,1	
00:06:14,814	583,0	
00:06:14,851	583,0	
00:06:14,888	582,9	
00:06:14,925	582,8	
00:06:14,962	582,7	
00:06:14,999	582,6	
00:06:15,036	582,5	
00:06:15,073	582,4	
00:06:15,110	582,3	
00:06:15,147	582,3	
00:06:15,184	582,2	
00:06:15,221	582,1	
00:06:15,258	582,0	
00:06:15,295	581,9	
00:06:15,332	581,8	
00:06:15,369	581,7	
00:06:15,407	581,6	
00:06:15,444	581,6	
00:06:15,481	581,5	
00:06:15,518	581,4	
00:06:15,555	581,3	
00:06:15,592	581,2	
00:06:15,629	581,1	
00:06:15,666	581,0	
00:06:15,703	580,9	
00:06:15,740	580,9	
00:06:15,777	580,8	
00:06:15,814	580,7	
00:06:15,851	580,6	
00:06:15,888	580,5	
00:06:15,925	580,4	
00:06:15,962	580,3	
00:06:15,999	580,3	
00:06:16,036	580,2	
00:06:16,073	580,1	
00:06:16,110	580,0	
00:06:16,147	579,9	
00:06:16,184	579,8	
00:06:16,221	579,7	
00:06:16,258	579,6	
00:06:16,295	579,6	
00:06:16,332	579,5	
00:06:16,369	579,4	
00:06:16,407	579,3	
00:06:16,444	579,2	
00:06:16,481	579,1	
00:06:16,518	579,0	
00:06:16,555	578,9	
00:06:16,592	578,9	
00:06:16,629	578,8	
00:06:16,666	578,7	
00:06:16,703	578,6	
00:06:16,740	578,5	
00:06:16,777	578,4	
00:06:16,814	578,3	
00:06:16,851	578,2	
00:06:16,888	578,2	
00:06:16,925	578,1	
00:06:16,962	578,0	
00:06:16,999	577,9	
00:06:17,036	577,8	
00:06:17,073	577,7	
00:06:17,110	577,6	
00:06:17,147	577,5	
00:06:17,184	577,5	
00:06:17,221	577,4	
00:06:17,258	577,3	
00:06:17,295	577,2	
00:06:17,332	577,1	
00:06:17,369	577,0	
00:06:17,407	576,9	
00:06:17,444	576,8	
00:06:17,481	576,8	
00:06:17,518	576,7	
00:06:17,555	576,6	
00:06:17,592	576,5	
00:06:17,629	576,4	
00:06:17,666	576,3	
00:06:17,703	576,2	
00:06:17,740	576,1	
00:06:17,777	576,1	
00:06:17,814	576,0	
00:06:17,851	575,9	
00:06:17,888	575,8	
00:06:17,925	575,7	
00:06:17,962	575,6	
00:06:17,999	575,5	
00:06:18,036	575,5	
00:06:18,073	575,4	
00:06:18,110	575,3	
00:06:18,147	575,2	
00:06:18,184	575,1	
00:06:18,221	575,0	
00:06:18,258	574,9	
00:06:18,295	574,8	
00:06:18,332	574,8	
00:06:18,369	574,7	
00:06:18,407	574,6	
00:06:18,444	574,5	
00:06:18,481	574,4	
00:06:18,518	574,3	
00:06:18,555	574,2	
00:06:18,592	574,1	
00:06:18,629	574,1	
00:06:18,666	574,0	
00:06:18,703	573,9	
00:06:18,740	573,8	
00:06:18,777	573,7	
00:06:18,814	573,6	
00:06:18,851	573,5	
00:06:18,888	573,4	
00:06:18,925	573,4	
00:06:18,962	573,3	
00:06:18,999	573,2	
00:06:19,036	573,1	
00:06:19,073	573,0	
00:06:19,110	572,9	
00:06:19,147	572,8	
00:06:19,184	572,7	
00:06:19,221	572,7	
00:06:19,258	572,6	
00:06:19,295	572,5	
00:06:19,332	572,4	
00:06:19,369	572,3	
00:06:19,407	572,2	
00:06:19,444	572,1	
00:06:19,481	572,0	
00:06:19,518	572,0	
00:06:19,555	571,9	
00:06:19,592	571,8	
00:06:19,629	571,7	
00:06:19,666	571,6	
00:06:19,703	571,5	
00:06:19,740	571,4	
00:06:19,777	571,4	
00:06:19,814	571,3	
00:06:19,851	571,2	
00:06:19,888	571,1	
00:06:19,925	571,0	
00:06:19,962	570,9	
00:06:19,999	570,8	
00:06:20,036	570,7	
00:06:20,073	570,7	
00:06:20,110	570,6	
00:06:20,147	570,5	
00:06:20,184	570,4	
00:06:20,221	570,3	
00:06:20,258	570,2	
00:06:20,295	570,1	
00:06:20,332	570,0	
00:06:20,369	570,0	
00:06:20,407	569,9	
00:06:20,444	569,8	
00:06:20,481	569,7	
00:06:20,518	569,6	
00:06:20,555	569,5	
00:06:20,592	569,4	
00:06:20,629	569,3	
00:06:20,666	569,3	
00:06:20,703	569,2	
00:06:20,740	569,1	
00:06:20,777	569,0	
00:06:20,814	568,9	
00:06:20,851	568,8	
00:06:20,888	568,7	
00:06:20,925	568,6	
00:06:20,962	568,6	
00:06:20,999	568,5	
00:06:21,036	568,4	
00:06:21,073	568,3	
00:06:21,110	568,2	
00:06:21,147	568,1	
00:06:21,184	568,0	
00:06:21,221	567,9	
00:06:21,258	567,9	
00:06:21,295	567,8	
00:06:21,332	567,7	
00:06:21,369	567,6	
00:06:21,407	567,5	
00:06:21,444	567,4	
00:06:21,481	567,3	
00:06:21,518	567,2	
00:06:21,555	567,2	
00:06:21,592	567,1	
00:06:21,629	567,0	
00:06:21,666	566,9	
00:06:21,703	566,8	
00:06:21,740	566,7	
00:06:21,777	566,6	
00:06:21,814	566,6	
00:06:21,851	566,5	
00:06:21,888	566,4	
00:06:21,925	566,3	
00:06:21,962	566,2	
00:06:21,999	566,1	
00:06:22,036	566,0	
00:06:22,073	565,9	
00:06:22,110	565,9	
00:06:22,147	565,8	
00:06:22,184	565,7	
00:06:22,221	565,6	
00:06:22,258	565,5	
00:06:22,295	565,4	
00:06:22,332	565,3	
00:06:22,369	565,2	
00:06:22,407	565,2	
00:06:22,444	565,1	
00:06:22,481	565,0	
00:06:22,518	564,9	
00:06:22,555	564,8	
00:06:22,592	564,7	
00:06:22,629	564,6	
00:06:22,666	564,5	
00:06:22,703	564,5	
00:06:22,740	564,4	
00:06:22,777	564,3	
00:06:22,814	564,2	
00:06:22,851	564,1	
00:06:22,888	564,0	
00:06:22,925	563,9	
00:06:22,962	563,8	
00:06:22,999	563,8	
00:06:23,036	563,7	
00:06:23,073	563,6	
00:06:23,110	563,5	
00:06:23,147	563,4	
00:06:23,184	563,3	
00:06:23,221	563,2	
00:06:23,258	563,1	
00:06:23,295	563,1	
00:06:23,332	563,0	
00:06:23,369	562,9	
00:06:23,407	562,8	
00:06:23,444	562,7	
00:06:23,481	562,6	
00:06:23,518	562,5	
00:06:23,555	562,4	
00:06:23,592	562,4	
00:06:23,629	562,3	
00:06:23,666	562,2	
00:06:23,703	562,1	
00:06:23,740	562,2	
00:06:23,777	562,3	
00:06:23,814	562,4	
00:06:23,851	562,5	
00:06:23,888	562,6	
00:06:23,925	562,7	
00:06:23,962	562,8	
00:06:23,999	562,9	
00:06:24,036	562,9	
00:06:24,073	563,0	
00:06:24,110	563,1	
00:06:24,147	563,2	
00:06:24,184	563,3	
00:06:24,221	563,4	
00:06:24,258	563,5	
00:06:24,295	563,6	
00:06:24,332	563,7	
00:06:24,369	563,8	
00:06:24,407	563,9	
00:06:24,444	564,0	
00:06:24,481	564,1	
00:06:24,518	564,2	
00:06:24,555	564,3	
00:06:24,592	564,4	
00:06:24,629	564,5	
00:06:24,666	564,5	
00:06:24,703	564,6	
00:06:24,740	564,7	
00:06:24,777	564,8	
00:06:24,814	564,9	
00:06:24,851	565,0	
00:06:24,888	565,1	
00:06:24,925	565,2	
00:06:24,962	565,3	
00:06:24,999	565,4	
00:06:25,036	565,5	
00:06:25,073	565,6	
00:06:25,110	565,7	
00:06:25,147	565,8	
00:06:25,184	565,9	
00:06:25,221	566,0	
00:06:25,258	566,0	
00:06:25,295	566,1	
00:06:25,332	566,2	
00:06:25,369	566,3	
00:06:25,407	566,4	
00:06:25,444	566,5	
00:06:25,481	566,6	
00:06:25,518	566,7	
00:06:25,555	566,8	
00:06:25,592	566,9	
00:06:25,629	567,0	
00:06:25,666	567,1	
00:06:25,703	567,2	
00:06:25,740	567,3	
00:06:25,777	567,4	
00:06:25,814	567,5	
00:06:25,851	567,6	
00:06:25,888	567,6	
00:06:25,925	567,7	
00:06:25,962	567,8	
00:06:25,999	567,9	
00:06:26,036	568,0	
00:06:26,073	568,1	
00:06:26,110	568,2	
00:06:26,147	568,3	
00:06:26,184	568,4	
00:06:26,221	568,5	
00:06:26,258	568,6	
00:06:26,295	568,7	
00:06:26,332	568,8	
00:06:26,369	568,9	
00:06:26,407	569,0	
00:06:26,444	569,1	
00:06:26,481	569,2	
00:06:26,518	569,2	
00:06:26,555	569,3	
00:06:26,592	569,4	
00:06:26,629	569,5	
00:06:26,666	569,6	
00:06:26,703	569,7	
00:06:26,740	569,8	
00:06:26,777	569,9	
00:06:26,814	570,0	
00:06:26,851	570,1	
00:06:26,888	570,2	
00:06:26,925	570,3	
00:06:26,962	570,4	
00:06:26,999	570,5	
00:06:27,036	570,6	
00:06:27,073	570,7	
00:06:27,110	570,7	
00:06:27,147	570,8	
00:06:27,184	570,9	
00:06:27,221	571,0	
00:06:27,258	571,1	
00:06:27,295	571,2	
00:06:27,332	571,3	
00:06:27,369	571,4	
00:06:27,407	571,5	
00:06:27,444	571,6	
00:06:27,481	571,7	
00:06:27,518	571,8	
00:06:27,555	571,9	
00:06:27,592	572,0	
00:06:27,629	572,1	
00:06:27,666	572,2	
00:06:27,703	572,3	
00:06:27,740	572,3	
00:06:27,777	572,4	
00:06:27,814	572,5	
00:06:27,851	572,6	
00:06:27,888	572,7	
00:06:27,925	572,8	
00:06:27,962	572,9	
00:06:27,999	573,0	
00:06:28,036	573,1	
00:06:28,073	573,2	
00:06:28,110	573,3	
00:06:28,147	573,4	
00:06:28,184	573,5	
00:06:28,221	573,6	
00:06:28,258	573,7	
00:06:28,295	573,8	
00:06:28,332	573,9	
00:06:28,369	573,9	
00:06:28,407	574,0	
00:06:28,444	574,1	
00:06:28,481	574,2	
00:06:28,518	574,3	
00:06:28,555	574,4	
00:06:28,592	574,5	
00:06:28,629	574,6	
00:06:28,666	574,7	
00:06:28,703	574,8	
00:06:28,740	574,9	
00:06:28,777	575,0	
00:06:28,814	575,1	
00:06:28,851	575,2	
00:06:28,888	575,3	
00:06:28,925	575,4	
00:06:28,962	575,4	
00:06:28,999	575,5	
00:06:29,036	575,6	
00:06:29,073	575,7	
00:06:29,110	575,8	
00:06:29,147	575,9	
00:06:29,184	576,0	
00:06:29,221	576,1	
00:06:29,258	576,2	
00:06:29,295	576,3	
00:06:29,332	576,4	
00:06:29,369	576,5	
00:06:29,407	576,6	
00:06:29,444	576,7	
00:06:29,481	576,8	
00:06:29,518	576,9	
00:06:29,555	577,0	
00:06:29,592	577,0	
00:06:29,629	577,1	
00:06:29,666	577,2	
00:06:29,703	577,3	
00:06:29,740	577,4	
00:06:29,777	577,5	
00:06:29,814	577,6	
00:06:29,851	577,7	
00:06:29,888	577,8	
00:06:29,925	577,9	
00:06:29,962	578,0	
00:06:29,999	578,1	
00:06:30,036	578,2	
00:06:30,073	578,3	
00:06:30,110	578,4	
00:06:30,147	578,5	
00:06:30,184	578,6	
00:06:30,221	578,6	
00:06:30,258	578,7	
00:06:30,295	578,8	
00:06:30,332	578,9	
00:06:30,369	579,0	
00:06:30,407	579,1	
00:06:30,444	579,2	
00:06:30,481	579,3	
00:06:30,518	579,4	
00:06:30,555	579,5	
00:06:30,592	579,6	
00:06:30,629	579,7	
00:06:30,666	579,8	
00:06:30,703	579,9	
00:06:30,740	580,0	
00:06:30,777	580,1	
00:06:30,814	580,1	
00:06:30,851	580,2	
00:06:30,888	580,3	
00:06:30,925	580,4	
00:06:30,962	580,5	
00:06:30,999	580,6	
00:06:31,036	580,7	
00:06:31,073	580,8	
00:06:31,110	580,9	
00:06:31,147	581,0	
00:06:31,184	581,0	
00:06:31,221	581,1	
00:06:31,258	581,2	
00:06:31,295	581,3	
00:06:31,332	581,3	
00:06:31,369	581,4	
00:06:31,407	581,5	
00:06:31,444	581,6	
00:06:31,481	581,6	
00:06:31,518	581,7	
00:06:31,555	581,8	
00:06:31,592	581,9	
00:06:31,629	581,9	
00:06:31,666	582,0	
00:06:31,703	582,1	
00:06:31,740	582,1	
00:06:31,777	582,2	
00:06:31,814	582,3	
00:06:31,851	582,4	
00:06:31,888	582,4	
00:06:31,925	582,5	
00:06:31,962	582,6	
00:06:31,999	582,7	
00:06:32,036	582,7	
00:06:32,073	582,8	
00:06:32,110	582,9	
00:06:32,147	583,0	
00:06:32,184	583,0	
00:06:32,221	583,1	
00:06:32,258	583,2	
00:06:32,295	583,2	
00:06:32,332	583,3	
00:06:32,369	583,4	
00:06:32,407	583,5	
00:06:32,444	583,5	
00:06:32,481	583,6	
00:06:32,518	583,7	
00:06:32,555	583,8	
00:06:32,592	583,8	
00:06:32,629	583,9	
00:06:32,666	584,0	
00:06:32,703	584,1	
00:06:32,740	584,1	
00:06:32,777	584,2	
00:06:32,814	584,3	
00:06:32,851	584,3	
00:06:32,888	584,4	
00:06:32,925	584,5	
00:06:32,962	584,6	
00:06:32,999	584,6	
00:06:33,036	584,7	
00:06:33,073	584,8	
00:06:33,110	584,9	
00:06:33,147	584,9	
00:06:33,184	585,0	
00:06:33,221	585,1	
00:06:33,258	585,2	
00:06:33,295	585,2	
00:06:33,332	585,3	
00:06:33,369	585,4	
00:06:33,407	585,5	
00:06:33,444	585,5	
00:06:33,481	585,6	
00:06:33,518	585,7	
00:06:33,555	585,7	
00:06:33,592	585,8	
00:06:33,629	585,9	
00:06:33,666	586,0	
00:06:33,703	586,0	
00:06:33,740	586,1	
00:06:33,777	586,2	
00:06:33,814	586,3	
00:06:33,851	586,3	
00:06:33,888	586,4	
00:06:33,925	586,5	
00:06:33,962	586,6	
00:06:33,999	586,6	
00:06:34,036	586,7	
00:06:34,073	586,8	
00:06:34,110	586,8	
00:06:34,147	586,9	
00:06:34,184	587,0	
00:06:34,221	587,1	
00:06:34,258	587,1	
00:06:34,295	587,2	
00:06:34,332	587,3	
00:06:34,369	587,4	
00:06:34,407	587,4	
00:06:34,444	587,5	
00:06:34,481	587,6	
00:06:34,518	587,7	
00:06:34,555	587,7	
00:06:34,592	587,8	
00:06:34,629	587,9	
00:06:34,666	587,9	
00:06:34,703	588,0	
00:06:34,740	588,1	
00:06:34,777	588,2	
00:06:34,814	588,2	
00:06:34,851	588,3	
00:06:34,888	588,4	
00:06:34,925	588,5	
00:06:34,962	588,5	
00:06:34,999	588,6	
00:06:35,036	588,7	
00:06:35,073	588,8	
00:06:35,110	588,8	
00:06:35,147	588,9	
00:06:35,184	589,0	
00:06:35,221	589,0	
00:06:35,258	589,1	
00:06:35,295	589,2	
00:06:35,332	589,3	
00:06:35,369	589,3	
00:06:35,407	589,4	
00:06:35,444	589,5	
00:06:35,481	589,6	
00:06:35,518	589,6	
00:06:35,555	589,7	
00:06:35,592	589,8	
00:06:35,629	589,9	
00:06:35,666	589,9	
00:06:35,703	590,0	
00:06:35,740	590,1	
00:06:35,777	590,1	
00:06:35,814	590,2	
00:06:35,851	590,3	
00:06:35,888	590,4	
00:06:35,925	590,4	
00:06:35,962	590,5	
00:06:35,999	590,6	
00:06:36,036	590,7	
00:06:36,073	590,7	
00:06:36,110	590,8	
00:06:36,147	590,9	
00:06:36,184	591,0	
00:06:36,221	591,0	
00:06:36,258	591,1	
00:06:36,295	591,2	
00:06:36,332	591,2	
00:06:36,369	591,3	
00:06:36,407	591,4	
00:06:36,444	591,5	
00:06:36,481	591,5	
00:06:36,518	591,6	
00:06:36,555	591,7	
00:06:36,592	591,8	
00:06:36,629	591,8	
00:06:36,666	591,9	
00:06:36,703	592,0	
00:06:36,740	592,1	
00:06:36,777	592,1	
00:06:36,814	592,2	
00:06:36,851	592,3	
00:06:36,888	592,3	
00:06:36,925	592,4	
00:06:36,962	592,5	
00:06:36,999	592,6	
00:06:37,036	592,6	
00:06:37,073	592,7	
00:06:37,110	592,8	
00:06:37,147	592,9	
00:06:37,184	592,9	
00:06:37,221	593,0	
00:06:37,258	593,1	
00:06:37,295	593,2	
00:06:37,332	593,2	
00:06:37,369	593,3	
00:06:37,407	593,4	
00:06:37,444	593,4	
00:06:37,481	593,5	
00:06:37,518	593,6	
00:06:37,555	593,7	
00:06:37,592	593,7	
00:06:37,629	593,8	
00:06:37,666	593,9	
00:06:37,703	594,0	
00:06:37,740	594,0	
00:06:37,777	594,1	
00:06:37,814	594,2	
00:06:37,851	594,3	
00:06:37,888	594,3	
00:06:37,925	594,4	
00:06:37,962	594,5	
00:06:37,999	594,6	
00:06:38,036	594,6	
00:06:38,073	594,7	
00:06:38,110	594,8	
00:06:38,147	594,8	
00:06:38,184	594,9	
00:06:38,221	595,0	
00:06:38,258	595,1	
00:06:38,295	595,1	
00:06:38,332	595,2	
00:06:38,369	595,3	
00:06:38,407	595,4	
00:06:38,444	595,4	
00:06:38,481	595,5	
00:06:38,518	595,6	
00:06:38,555	595,7	
00:06:38,592	595,7	
00:06:38,629	595,8	
00:06:38,666	595,9	
00:06:38,703	595,9	
00:06:38,740	596,0	
00:06:38,777	596,1	
00:06:38,814	596,2	
00:06:38,851	596,2	
00:06:38,888	596,3	
00:06:38,925	596,4	
00:06:38,962	596,5	
00:06:38,999	596,5	
00:06:39,036	596,6	
00:06:39,073	596,7	
00:06:39,110	596,8	
00:06:39,147	596,8	
00:06:39,184	596,9	
00:06:39,221	597,0	
00:06:39,258	597,0	
00:06:39,295	597,1	
00:06:39,332	597,2	
00:06:39,369	597,3	
00:06:39,407	597,3	
00:06:39,444	597,4	
00:06:39,481	597,5	
00:06:39,518	597,6	
00:06:39,555	597,6	
00:06:39,592	597,7	
00:06:39,629	597,8	
00:06:39,666	597,9	
00:06:39,703	597,9	
00:06:39,740	598,0	
00:06:39,777	597,4	
00:06:39,814	596,8	
00:06:39,851	596,3	
00:06:39,888	595,7	
00:06:39,925	595,1	
00:06:39,962	594,5	
00:06:39,999	593,9	
00:06:40,036	593,3	
00:06:40,073	592,8	
00:06:40,110	592,2	
00:06:40,147	591,6	
00:06:40,184	591,0	
00:06:40,221	590,4	
00:06:40,258	589,8	
00:06:40,295	589,3	
00:06:40,332	588,7	
00:06:40,369	588,1	
00:06:40,407	587,5	
00:06:40,444	586,9	
00:06:40,481	586,4	
00:06:40,518	585,8	
00:06:40,555	585,2	
00:06:40,592	584,6	
00:06:40,629	584,0	
00:06:40,666	583,4	
00:06:40,703	582,9	
00:06:40,740	582,3	
00:06:40,777	581,7	
00:06:40,814	581,1	
00:06:40,851	580,5	
00:06:40,888	579,9	
00:06:40,925	579,4	
00:06:40,962	578,8	
00:06:40,999	578,2	
00:06:41,036	577,6	
00:06:41,073	577,0	
00:06:41,110	576,5	
00:06:41,147	575,9	
00:06:41,184	575,3	
00:06:41,221	574,7	
00:06:41,258	574,1	
00:06:41,295	573,5	
00:06:41,332	573,0	
00:06:41,369	572,4	
00:06:41,407	571,8	
00:06:41,444	571,2	
00:06:41,481	570,6	
00:06:41,518	570,0	
00:06:41,555	569,5	
00:06:41,592	568,9	
00:06:41,629	568,3	
00:06:41,666	567,7	
00:06:41,703	567,1	
00:06:41,740	566,6	
00:06:41,777	566,0	
00:06:41,814	565,4	
00:06:41,851	564,8	
00:06:41,888	564,2	
00:06:41,925	563,6	
00:06:41,962	563,1	
00:06:41,999	562,5	
00:06:42,036	561,9	
00:06:42,073	561,3	
00:06:42,110	560,7	
00:06:42,147	560,1	
00:06:42,184	559,6	
00:06:42,221	559,0	
00:06:42,258	558,4	
00:06:42,295	557,8	
00:06:42,332	557,2	
00:06:42,369	556,6	
00:06:42,407	556,1	
00:06:42,444	555,5	
00:06:42,481	554,9	
00:06:42,518	554,3	
00:06:42,555	553,7	
00:06:42,592	553,2	
00:06:42,629	552,6	
00:06:42,666	552,0	
00:06:42,703	551,4	
00:06:42,740	550,8	
00:06:42,777	550,2	
00:06:42,814	549,7	
00:06:42,851	549,1	
00:06:42,888	548,5	
00:06:42,925	547,9	
00:06:42,962	547,3	
00:06:42,999	546,7	
00:06:43,036	546,2	
00:06:43,073	545,6	
00:06:43,110	545,0	
00:06:43,147	544,4	
00:06:43,184	543,8	
00:06:43,221	543,3	
00:06:43,258	542,7	
00:06:43,295	542,1	
00:06:43,332	541,5	
00:06:43,369	540,9	
00:06:43,407	540,3	
00:06:43,444	539,8	
00:06:43,481	539,2	
00:06:43,518	538,6	
00:06:43,555	538,0	
00:06:43,592	537,4	
00:06:43,629	536,8	
00:06:43,666	536,3	
00:06:43,703	535,7	
00:06:43,740	535,1	
00:06:43,777	534,5	
00:06:43,814	533,9	
00:06:43,851	533,4	
00:06:43,888	532,8	
00:06:43,925	532,2	
00:06:43,962	531,6	
00:06:43,999	531,0	
00:06:44,036	530,4	
00:06:44,073	529,9	
00:06:44,110	529,3	
00:06:44,147	528,7	
00:06:44,184	528,1	
00:06:44,221	527,5	
00:06:44,258	526,9	
00:06:44,295	526,4	
00:06:44,332	525,8	
00:06:44,369	525,2	
00:06:44,407	524,6	
00:06:44,444	524,0	
00:06:44,481	523,5	
00:06:44,518	522,9	
00:06:44,555	522,3	
00:06:44,592	521,7	
00:06:44,629	521,1	
00:06:44,666	520,5	
00:06:44,703	520,0	
00:06:44,740	519,4	
00:06:44,777	518,8	
00:06:44,814	518,2	
00:06:44,851	517,6	
00:06:44,888	517,0	
00:06:44,925	516,5	
00:06:44,962	515,9	
00:06:44,999	515,3	
00:06:45,036	514,7	
00:06:45,073	514,1	
00:06:45,110	513,6	
00:06:45,147	513,0	
00:06:45,184	512,4	
00:06:45,221	511,8	
00:06:45,258	511,2	
00:06:45,295	510,6	
00:06:45,332	510,1	
00:06:45,369	509,5	
00:06:45,407	508,9	
00:06:45,444	508,3	
00:06:45,481	507,7	
00:06:45,518	507,1	
00:06:45,555	506,6	
00:06:45,592	506,0	
00:06:45,629	505,4	
00:06:45,666	504,8	
00:06:45,703	504,2	
00:06:45,740	503,7	
00:06:45,777	503,1	
00:06:45,814	502,5	
00:06:45,851	501,9	
00:06:45,888	501,3	
00:06:45,925	500,7	
00:06:45,962	500,2	
00:06:45,999	499,6	
00:06:46,036	499,0	
00:06:46,073	498,4	
00:06:46,110	497,8	
00:06:46,147	497,2	
00:06:46,184	496,7	
00:06:46,221	496,1	
00:06:46,258	495,5	
00:06:46,295	494,9	
00:06:46,332	494,3	
00:06:46,369	493,7	
00:06:46,407	493,2	
00:06:46,444	492,6	
00:06:46,481	492,0	
00:06:46,518	491,4	
00:06:46,555	490,8	
00:06:46,592	490,3	
00:06:46,629	489,7	
00:06:46,666	489,1	
00:06:46,703	488,5	
00:06:46,740	487,9	
00:06:46,777	487,3	
00:06:46,814	486,8	
00:06:46,851	486,2	
00:06:46,888	485,6	
00:06:46,925	485,0	
00:06:46,962	484,4	
00:06:46,999	483,8	
00:06:47,036	483,3	
00:06:47,073	482,7	
00:06:47,110	482,1	
00:06:47,147	481,5	
00:06:47,184	480,9	
00:06:47,221	480,4	
00:06:47,258	479,8	
00:06:47,295	479,2	
00:06:47,332	478,6	
00:06:47,369	478,0	
00:06:47,407	477,4	
00:06:47,444	476,9	
00:06:47,481	476,3	
00:06:47,518	475,7	
00:06:47,555	475,1	
00:06:47,592	474,5	
00:06:47,629	473,9	
00:06:47,666	473,4	
00:06:47,703	472,8	
00:06:47,740	472,2	
00:06:47,777	471,6	
00:06:47,814	471,0	
00:06:47,851	470,5	
00:06:47,888	469,9	
00:06:47,925	469,3	
00:06:47,962	468,7	
00:06:47,999	468,1	
00:06:48,036	467,5	
00:06:48,073	467,0	
00:06:48,110	466,4	
00:06:48,147	465,8	
00:06:48,184	465,2	
00:06:48,221	464,6	
00:06:48,258	464,0	
00:06:48,295	463,5	
00:06:48,332	462,9	
00:06:48,369	462,3	
00:06:48,406	462,9	
00:06:48,444	463,5	
00:06:48,481	464,1	
00:06:48,518	464,7	
00:06:48,555	465,3	
00:06:48,592	465,9	
00:06:48,629	466,6	
00:06:48,666	467,2	
00:06:48,703	467,8	
00:06:48,740	468,4	
00:06:48,777	469,0	
00:06:48,814	469,6	
00:06:48,851	470,2	
00:06:48,888	470,8	
00:06:48,925	471,4	
00:06:48,962	472,0	
00:06:48,999	472,6	
00:06:49,036	473,2	
00:06:49,073	473,9	
00:06:49,110	474,5	
00:06:49,147	475,1	
00:06:49,184	475,7	
00:06:49,221	476,3	
00:06:49,258	476,9	
00:06:49,295	477,5	
00:06:49,332	478,1	
00:06:49,369	478,7	
00:06:49,406	479,3	
00:06:49,444	479,9	
00:06:49,481	480,5	
00:06:49,518	481,1	
00:06:49,555	481,8	
00:06:49,592	482,4	
00:06:49,629	483,0	
00:06:49,666	483,6	
00:06:49,703	484,2	
00:06:49,740	484,8	
00:06:49,777	485,4	
00:06:49,814	486,0	
00:06:49,851	486,6	
00:06:49,888	487,2	
00:06:49,925	487,8	
00:06:49,962	488,4	
00:06:49,999	489,1	
00:06:50,036	489,7	
00:06:50,073	490,3	
00:06:50,110	490,9	
00:06:50,147	491,5	
00:06:50,184	492,1	
00:06:50,221	492,7	
00:06:50,258	493,3	
00:06:50,295	493,9	
00:06:50,332	494,5	
00:06:50,369	495,1	
00:06:50,406	495,7	
00:06:50,444	496,3	
00:06:50,481	497,0	
00:06:50,518	497,6	
00:06:50,555	498,2	
00:06:50,592	498,8	
00:06:50,629	499,4	
00:06:50,666	500,0	
00:06:50,703	500,6	
00:06:50,740	501,2	
00:06:50,777	501,8	
00:06:50,814	502,4	
00:06:50,851	503,0	
00:06:50,888	503,6	
00:06:50,925	504,3	
00:06:50,962	504,9	
00:06:50,999	505,5	
00:06:51,036	506,1	
00:06:51,073	506,7	
00:06:51,110	507,3	
00:06:51,147	507,9	
00:06:51,184	508,5	
00:06:51,221	509,1	
00:06:51,258	509,7	
00:06:51,295	510,3	
00:06:51,332	510,9	
00:06:51,369	511,5	
00:06:51,406	512,2	
00:06:51,444	512,8	
00:06:51,481	513,4	
00:06:51,518	514,0	
00:06:51,555	514,6	
00:06:51,592	515,2	
00:06:51,629	515,8	
00:06:51,666	516,4	
00:06:51,703	517,0	
00:06:51,740	517,6	
00:06:51,777	518,2	
00:06:51,814	518,8	
00:06:51,851	519,5	
00:06:51,888	520,1	
00:06:51,925	520,7	
00:06:51,962	521,3	
00:06:51,999	521,9	
00:06:52,036	522,5	
00:06:52,073	523,1	
00:06:52,110	523,7	
00:06:52,147	524,3	
00:06:52,184	524,9	
00:06:52,221	525,5	
00:06:52,258	526,1	
00:06:52,295	526,7	
00:06:52,332	527,4	
00:06:52,369	528,0	
00:06:52,406	528,6	
00:06:52,444	529,2	
00:06:52,481	529,8	
00:06:52,518	530,4	
00:06:52,555	531,0	
00:06:52,592	531,6	
00:06:52,629	532,2	
00:06:52,666	532,8	
00:06:52,703	533,4	
00:06:52,740	534,0	
00:06:52,777	534,7	
00:06:52,814	535,3	
00:06:52,851	535,9	
00:06:52,888	536,5	
00:06:52,925	537,1	
00:06:52,962	537,7	
00:06:52,999	538,3	
00:06:53,036	538,9	
00:06:53,073	539,5	
00:06:53,110	540,1	
00:06:53,147	540,7	
00:06:53,184	541,3	
00:06:53,221	541,9	
00:06:53,258	542,6	
00:06:53,295	543,2	
00:06:53,332	543,8	
00:06:53,369	544,4	
00:06:53,406	545,0	
00:06:53,444	545,6	
00:06:53,481	546,2	
00:06:53,518	546,8	
00:06:53,555	547,4	
00:06:53,592	548,0	
00:06:53,629	548,6	
00:06:53,666	549,2	
00:06:53,703	549,9	
00:06:53,740	550,5	
00:06:53,777	551,1	
00:06:53,814	551,7	
00:06:53,851	552,3	
00:06:53,888	552,9	
00:06:53,925	553,5	
00:06:53,962	554,1	
00:06:53,999	554,7	
00:06:54,036	555,3	
00:06:54,073	555,9	
00:06:54,110	556,5	
00:06:54,147	557,1	
00:06:54,184	557,8	
00:06:54,221	558,4	
00:06:54,258	559,0	
00:06:54,295	559,6	
00:06:54,332	560,2	
00:06:54,369	560,8	
00:06:54,406	561,4	
00:06:54,444	562,0	
00:06:54,481	562,6	
00:06:54,518	563,2	
00:06:54,555	563,8	
00:06:54,592	564,4	
00:06:54,629	565,1	
00:06:54,666	565,7	
00:06:54,703	566,3	
00:06:54,740	566,9	
00:06:54,777	567,5	
00:06:54,814	568,1	
00:06:54,851	568,7	
00:06:54,888	569,3	
00:06:54,925	569,9	
00:06:54,962	570,5	
00:06:54,999	571,1	
00:06:55,036	571,7	
00:06:55,073	572,3	
00:06:55,110	573,0	
00:06:55,147	573,6	
00:06:55,184	574,2	
00:06:55,221	574,8	
00:06:55,258	575,4	
00:06:55,295	576,0	
00:06:55,332	576,6	
00:06:55,369	577,2	
00:06:55,406	577,8	
00:06:55,444	578,4	
00:06:55,481	579,0	
00:06:55,518	579,6	
00:06:55,555	580,3	
00:06:55,592	580,9	
00:06:55,629	581,5	
00:06:55,666	582,1	
00:06:55,703	582,7	
00:06:55,740	583,3	
00:06:55,777	583,9	
00:06:55,814	584,0	
00:06:55,851	584,1	
00:06:55,888	584,2	
00:06:55,925	584,3	
00:06:55,962	584,4	
00:06:55,999	584,5	
00:06:56,036	584,6	
00:06:56,073	584,6	
00:06:56,110	584,7	
00:06:56,147	584,8	
00:06:56,184	584,9	
00:06:56,221	585,0	
00:06:56,258	585,1	
00:06:56,295	585,2	
00:06:56,332	585,3	
00:06:56,369	585,4	
00:06:56,406	585,5	
00:06:56,444	585,6	
00:06:56,481	585,7	
00:06:56,518	585,8	
00:06:56,555	585,9	
00:06:56,592	586,0	
00:06:56,629	586,1	
00:06:56,666	586,1	
00:06:56,703	586,2	
00:06:56,740	586,3	
00:06:56,777	586,4	
00:06:56,814	586,5	
00:06:56,851	586,6	
00:06:56,888	586,7	
00:06:56,925	586,8	
00:06:56,962	586,9	
00:06:56,999	587,0	
00:06:57,036	587,1	
00:06:57,073	587,2	
00:06:57,110	587,3	
00:06:57,147	587,4	
00:06:57,184	587,5	
00:06:57,221	587,5	
00:06:57,258	587,6	
00:06:57,295	587,7	
00:06:57,332	587,8	
00:06:57,369	587,9	
00:06:57,406	588,0	
00:06:57,444	588,1	
00:06:57,481	588,2	
00:06:57,518	588,3	
00:06:57,555	588,4	
00:06:57,592	588,5	
00:06:57,629	588,6	
00:06:57,666	588,7	
00:06:57,703	588,8	
00:06:57,740	588,9	
00:06:57,777	589,0	
00:06:57,814	589,0	
00:06:57,851	589,1	
00:06:57,888	589,2	
00:06:57,925	589,3	
00:06:57,962	589,4	
00:06:57,999	589,5	
00:06:58,036	589,6	
00:06:58,073	589,7	
00:06:58,110	589,8	
00:06:58,147	589,9	
00:06:58,184	590,0	
00:06:58,221	590,1	
00:06:58,258	590,2	
00:06:58,295	590,3	
00:06:58,332	590,4	
00:06:58,369	590,4	
00:06:58,406	590,5	
00:06:58,444	590,6	
00:06:58,481	590,7	
00:06:58,518	590,8	
00:06:58,555	590,9	
00:06:58,592	591,0	
00:06:58,629	591,1	
00:06:58,666	591,2	
00:06:58,703	591,3	
00:06:58,740	591,4	
00:06:58,777	591,5	
00:06:58,814	591,6	
00:06:58,851	591,7	
00:06:58,888	591,8	
00:06:58,925	591,9	
00:06:58,962	591,9	
00:06:58,999	592,0	
00:06:59,036	592,1	
00:06:59,073	592,2	
00:06:59,110	592,3	
00:06:59,147	592,4	
00:06:59,184	592,5	
00:06:59,221	592,6	
00:06:59,258	592,7	
00:06:59,295	592,8	
00:06:59,332	592,9	
00:06:59,369	593,0	
00:06:59,406	593,1	
00:06:59,444	593,2	
00:06:59,481	593,3	
00:06:59,518	593,3	
00:06:59,555	593,4	
00:06:59,592	593,5	
00:06:59,629	593,6	
00:06:59,666	593,7	
00:06:59,703	593,8	
00:06:59,740	593,9	
00:06:59,777	594,0	
00:06:59,814	594,1	
00:06:59,851	594,2	
00:06:59,888	594,3	
00:06:59,925	594,4	
00:06:59,962	594,5	
00:06:59,999	594,6	
00:07:00,036	594,7	
00:07:00,073	594,8	
00:07:00,110	594,8	
00:07:00,147	594,9	
00:07:00,184	595,0	
00:07:00,221	595,1	
00:07:00,258	595,2	
00:07:00,295	595,3	
00:07:00,332	595,4	
00:07:00,369	595,5	
00:07:00,406	595,6	
00:07:00,444	595,7	
00:07:00,481	595,8	
00:07:00,518	595,9	
00:07:00,555	596,0	
00:07:00,592	596,1	
00:07:00,629	596,2	
00:07:00,666	596,3	
00:07:00,703	596,3	
00:07:00,740	596,4	
00:07:00,777	596,5	
00:07:00,814	596,6	
00:07:00,851	596,7	
00:07:00,888	596,8	
00:07:00,925	596,9	
00:07:00,962	597,0	
00:07:00,999	597,1	
00:07:01,036	597,2	
00:07:01,073	597,3	
00:07:01,110	597,4	
00:07:01,147	597,5	
00:07:01,184	597,6	
00:07:01,221	597,7	
00:07:01,258	597,7	
00:07:01,295	597,8	
00:07:01,332	597,9	
00:07:01,369	598,0	
00:07:01,406	598,1	
00:07:01,444	598,2	
00:07:01,481	598,3	
00:07:01,518	598,4	
00:07:01,555	598,5	
00:07:01,592	598,6	
00:07:01,629	598,7	
00:07:01,666	598,8	
00:07:01,703	598,9	
00:07:01,740	599,0	
00:07:01,777	599,1	
00:07:01,814	599,2	
00:07:01,851	599,2	
00:07:01,888	599,3	
00:07:01,925	599,4	
00:07:01,962	599,5	
00:07:01,999	599,6	
00:07:02,036	599,7	
00:07:02,073	599,8	
00:07:02,110	599,9	
00:07:02,147	600,0	
00:07:02,184	600,1	
00:07:02,221	600,2	
00:07:02,258	600,3	
00:07:02,295	600,4	
00:07:02,332	600,5	
00:07:02,369	600,6	
00:07:02,406	600,6	
00:07:02,444	600,7	
00:07:02,481	600,8	
00:07:02,518	600,9	
00:07:02,555	601,0	
00:07:02,592	601,1	
00:07:02,629	601,2	
00:07:02,666	601,3	
00:07:02,703	601,4	
00:07:02,740	601,5	
00:07:02,777	601,6	
00:07:02,814	601,7	
00:07:02,851	601,8	
00:07:02,888	601,9	
00:07:02,925	602,0	
00:07:02,962	602,1	
00:07:02,999	602,1	
00:07:03,036	602,2	
00:07:03,073	602,3	
00:07:03,110	602,4	
00:07:03,147	602,5	
00:07:03,184	602,6	
00:07:03,221	602,7	
00:07:03,258	602,8	
00:07:03,295	602,9	
00:07:03,332	603,0	
00:07:03,369	603,1	
00:07:03,406	603,2	
00:07:03,444	603,3	
00:07:03,481	603,4	
00:07:03,518	603,5	
00:07:03,555	603,5	
00:07:03,592	603,6	
00:07:03,629	603,7	
00:07:03,666	603,8	
00:07:03,703	603,9	
00:07:03,740	604,0	
00:07:03,777	604,1	
00:07:03,814	604,2	
00:07:03,851	604,3	
00:07:03,888	604,4	
00:07:03,925	604,5	
00:07:03,962	604,6	
00:07:03,999	604,7	
00:07:04,036	604,8	
00:07:04,073	604,9	
00:07:04,110	605,0	
00:07:04,147	605,0	
00:07:04,184	605,1	
00:07:04,221	605,2	
00:07:04,258	605,3	
00:07:04,295	605,4	
00:07:04,332	605,5	
00:07:04,369	605,6	
00:07:04,406	605,7	
00:07:04,444	605,7	
00:07:04,481	605,7	
00:07:04,518	605,7	
00:07:04,555	605,7	
00:07:04,592	605,7	
00:07:04,629	605,7	
00:07:04,666	605,7	
00:07:04,703	605,7	
00:07:04,740	605,7	
00:07:04,777	605,7	
00:07:04,814	605,7	
00:07:04,851	605,7	
00:07:04,888	605,7	
00:07:04,925	605,7	
00:07:04,962	605,7	
00:07:04,999	605,7	
00:07:05,036	605,7	
00:07:05,073	605,7	
00:07:05,110	605,7	
00:07:05,147	605,7	
00:07:05,184	605,7	
00:07:05,221	605,7	
00:07:05,258	605,7	
00:07:05,295	605,7	
00:07:05,332	605,7	
00:07:05,369	605,7	
00:07:05,406	605,7	
00:07:05,444	605,7	
00:07:05,481	605,7	
00:07:05,518	605,7	
00:07:05,555	605,6	
00:07:05,592	605,6	
00:07:05,629	605,6	
00:07:05,666	605,6	
00:07:05,703	605,6	
00:07:05,740	605,6	
00:07:05,777	605,6	
00:07:05,814	605,6	
00:07:05,851	605,6	
00:07:05,888	605,6	
00:07:05,925	605,6	
00:07:05,962	605,6	
00:07:05,999	605,6	
00:07:06,036	605,6	
00:07:06,073	605,6	
00:07:06,110	605,6	
00:07:06,147	605,6	
00:07:06,184	605,6	
00:07:06,221	605,6	
00:07:06,258	605,6	
00:07:06,295	605,6	
00:07:06,332	605,6	
00:07:06,369	605,6	
00:07:06,406	605,6	
00:07:06,444	605,6	
00:07:06,481	605,6	
00:07:06,518	605,6	
00:07:06,555	605,6	
00:07:06,592	605,6	
00:07:06,629	605,6	
00:07:06,666	605,6	
00:07:06,703	605,6	
00:07:06,740	605,6	
00:07:06,777	605,6	
00:07:06,814	605,6	
00:07:06,851	605,6	
00:07:06,888	605,6	
00:07:06,925	605,6	
00:07:06,962	605,6	
00:07:06,999	605,6	
00:07:07,036	605,6	
00:07:07,073	605,6	
00:07:07,110	605,6	
00:07:07,147	605,6	
00:07:07,184	605,6	
00:07:07,221	605,6	
00:07:07,258	605,6	
00:07:07,295	605,6	
00:07:07,332	605,6	
00:07:07,369	605,6	
00:07:07,406	605,6	
00:07:07,444	605,6	
00:07:07,481	605,6	
00:07:07,518	605,6	
00:07:07,555	605,6	
00:07:07,592	605,6	
00:07:07,629	605,6	
00:07:07,666	605,6	
00:07:07,703	605,6	
00:07:07,740	605,6	
00:07:07,777	605,5	
00:07:07,814	605,5	
00:07:07,851	605,5	
00:07:07,888	605,5	
00:07:07,925	605,5	
00:07:07,962	605,5	
00:07:07,999	605,5	
00:07:08,036	605,5	
00:07:08,073	605,5	
00:07:08,110	605,5	
00:07:08,147	605,5	
00:07:08,184	605,5	
00:07:08,221	605,5	
00:07:08,258	605,5	
00:07:08,295	605,5	
00:07:08,332	605,5	
00:07:08,369	605,5	
00:07:08,406	605,5	
00:07:08,444	605,5	
00:07:08,481	605,5	
00:07:08,518	605,5	
00:07:08,555	605,5	
00:07:08,592	605,5	
00:07:08,629	605,5	
00:07:08,666	605,5	
00:07:08,703	605,5	
00:07:08,740	605,5	
00:07:08,777	605,5	
00:07:08,814	605,5	
00:07:08,851	605,5	
00:07:08,888	605,5	
00:07:08,925	605,5	
00:07:08,962	605,5	
00:07:08,999	605,5	
00:07:09,036	605,5	
00:07:09,073	605,5	
00:07:09,110	605,5	
00:07:09,147	605,5	
00:07:09,184	605,5	
00:07:09,221	605,5	
00:07:09,258	605,5	
00:07:09,295	605,5	
00:07:09,332	605,5	
00:07:09,369	605,5	
00:07:09,406	605,5	
00:07:09,444	605,5	
00:07:09,481	605,5	
00:07:09,518	605,5	
00:07:09,555	605,5	
00:07:09,592	605,5	
00:07:09,629	605,5	
00:07:09,666	605,5	
00:07:09,703	605,5	
00:07:09,740	605,5	
00:07:09,777	605,5	
00:07:09,814	605,5	
00:07:09,851	605,5	
00:07:09,888	605,5	
00:07:09,925	605,5	
00:07:09,962	605,5	
00:07:09,999	605,4	
00:07:10,036	605,4	
00:07:10,073	605,4	
00:07:10,110	605,4	
00:07:10,147	605,4	
00:07:10,184	605,4	
00:07:10,221	605,4	
00:07:10,258	605,4	
00:07:10,295	605,4	
00:07:10,332	605,4	
00:07:10,369	605,4	
00:07:10,406	605,4	
00:07:10,444	605,4	
00:07:10,481	605,4	
00:07:10,518	605,4	
00:07:10,555	605,4	
00:07:10,592	605,4	
00:07:10,629	605,4	
00:07:10,666	605,4	
00:07:10,703	605,4	
00:07:10,740	605,4	
00:07:10,777	605,4	
00:07:10,814	605,4	
00:07:10,851	605,4	
00:07:10,888	605,4	
00:07:10,925	605,4	
00:07:10,962	605,4	
00:07:10,999	605,4	
00:07:11,036	605,4	
00:07:11,073	605,4	
00:07:11,110	605,4	
00:07:11,147	605,4	
00:07:11,184	605,4	
00:07:11,221	605,4	
00:07:11,258	605,4	
00:07:11,295	605,4	
00:07:11,332	605,4	
00:07:11,369	605,4	
00:07:11,406	605,4	
00:07:11,444	605,4	
00:07:11,481	605,4	
00:07:11,518	605,4	
00:07:11,555	605,4	
00:07:11,592	605,4	
00:07:11,629	605,4	
00:07:11,666	605,4	
00:07:11,703	605,4	
00:07:11,740	605,4	
00:07:11,777	605,4	
00:07:11,814	605,4	
00:07:11,851	605,4	
00:07:11,888	605,4	
00:07:11,925	605,4	
00:07:11,962	605,4	
00:07:11,999	605,4	
00:07:12,036	605,4	
00:07:12,073	605,4	
00:07:12,110	605,4	
00:07:12,147	605,4	
00:07:12,184	605,4	
00:07:12,221	605,3	
00:07:12,258	605,3	
00:07:12,295	605,3	
00:07:12,332	605,3	
00:07:12,369	605,3	
00:07:12,406	605,3	
00:07:12,444	605,3	
00:07:12,481	605,3	
00:07:12,518	605,3	
00:07:12,555	605,3	
00:07:12,592	605,3	
00:07:12,629	605,3	
00:07:12,666	605,3	
00:07:12,703	605,3	
00:07:12,740	605,3	
00:07:12,777	605,3	
00:07:12,814	605,3	
00:07:12,851	605,3	
00:07:12,888	605,3	
00:07:12,925	605,3	
00:07:12,962	605,3	
00:07:12,999	605,3	
00:07:13,036	605,3	
00:07:13,073	605,3	
00:07:13,110	605,3	
00:07:13,147	605,3	
00:07:13,184	605,3	
00:07:13,221	605,3	
00:07:13,258	605,3	
00:07:13,295	605,3	
00:07:13,332	605,3	
00:07:13,369	605,3	
00:07:13,406	605,3	
00:07:13,444	605,3	
00:07:13,481	605,3	
00:07:13,518	605,3	
00:07:13,555	605,3	
00:07:13,592	605,3	
00:07:13,629	605,3	
00:07:13,666	605,3	
00:07:13,703	605,3	
00:07:13,740	605,3	
00:07:13,777	605,3	
00:07:13,814	605,3	
00:07:13,851	605,3	
00:07:13,888	605,3	
00:07:13,925	605,3	
00:07:13,962	605,3	
00:07:13,999	605,3	
00:07:14,036	605,3	
00:07:14,073	605,3	
00:07:14,110	605,3	
00:07:14,147	605,3	
00:07:14,184	605,3	
00:07:14,221	605,3	
00:07:14,258	605,3	
00:07:14,295	605,3	
00:07:14,332	605,3	
00:07:14,369	605,3	
00:07:14,406	605,3	
00:07:14,444	605,2	
00:07:14,481	605,2	
00:07:14,518	605,2	
00:07:14,555	605,2	
00:07:14,592	605,2	
00:07:14,629	605,2	
00:07:14,666	605,2	
00:07:14,703	605,2	
00:07:14,740	605,2	
00:07:14,777	605,2	
00:07:14,814	605,2	
00:07:14,851	605,2	
00:07:14,888	605,2	
00:07:14,925	605,2	
00:07:14,962	605,2	
00:07:14,999	605,2	
00:07:15,036	605,2	
00:07:15,073	605,2	
00:07:15,110	605,2	
00:07:15,147	605,2	
00:07:15,184	605,2	
00:07:15,221	605,2	
00:07:15,258	605,2	
00:07:15,295	605,2	
00:07:15,332	605,2	
00:07:15,369	605,2	
00:07:15,406	605,2	
00:07:15,444	605,2	
00:07:15,481	605,2	
00:07:15,518	605,2	
00:07:15,555	605,2	
00:07:15,592	605,2	
00:07:15,629	605,2	
00:07:15,666	605,2	
00:07:15,703	605,2	
00:07:15,740	605,2	
00:07:15,777	605,2	
00:07:15,814	605,2	
00:07:15,851	605,2	
00:07:15,888	605,2	
00:07:15,925	605,2	
00:07:15,962	605,2	
00:07:15,999	605,2	
00:07:16,036	605,2	
00:07:16,073	605,2	
00:07:16,110	605,2	
00:07:16,147	605,2	
00:07:16,184	605,2	
00:07:16,221	605,2	
00:07:16,258	605,2	
00:07:16,295	605,2	
00:07:16,332	605,2	
00:07:16,369	605,2	
00:07:16,406	605,2	
00:07:16,444	605,2	
00:07:16,481	605,2	
00:07:16,518	605,2	
00:07:16,555	605,2	
00:07:16,592	605,2	
00:07:16,629	605,2	
00:07:16,666	605,1	
00:07:16,703	605,1	
00:07:16,740	605,1	
00:07:16,777	605,1	
00:07:16,814	605,1	
00:07:16,851	605,1	
00:07:16,888	605,1	
00:07:16,925	605,1	
00:07:16,962	605,1	
00:07:16,999	605,1	
00:07:17,036	605,1	
00:07:17,073	605,1	
00:07:17,110	605,1	
00:07:17,147	605,1	
00:07:17,184	605,1	
00:07:17,221	605,1	
00:07:17,258	605,1	
00:07:17,295	605,1	
00:07:17,332	605,1	
00:07:17,369	605,1	
00:07:17,406	605,1	
00:07:17,444	605,1	
00:07:17,481	605,1	
00:07:17,518	605,1	
00:07:17,555	605,1	
00:07:17,592	605,1	
00:07:17,629	605,1	
00:07:17,666	605,1	
00:07:17,703	605,1	
00:07:17,740	605,1	
00:07:17,777	605,1	
00:07:17,814	605,1	
00:07:17,851	605,1	
00:07:17,888	605,1	
00:07:17,925	605,1	
00:07:17,962	605,1	
00:07:17,999	605,1	
00:07:18,036	605,1	
00:07:18,073	605,1	
00:07:18,110	605,1	
00:07:18,147	605,1	
00:07:18,184	605,1	
00:07:18,221	605,1	
00:07:18,258	605,1	
00:07:18,295	605,1	
00:07:18,332	605,1	
00:07:18,369	605,1	
00:07:18,406	605,1	
00:07:18,444	605,1	
00:07:18,481	605,1	
00:07:18,518	605,1	
00:07:18,555	605,1	
00:07:18,592	605,1	
00:07:18,629	605,1	
00:07:18,666	605,1	
00:07:18,703	605,1	
00:07:18,740	605,1	
00:07:18,777	605,1	
00:07:18,814	605,1	
00:07:18,851	605,1	
00:07:18,888	605,0	
00:07:18,925	605,0	
00:07:18,962	605,0	
00:07:18,999	605,0	
00:07:19,036	605,0	
00:07:19,073	605,0	
00:07:19,110	605,0	
00:07:19,147	605,0	
00:07:19,184	605,0	
00:07:19,221	605,0	
00:07:19,258	605,0	
00:07:19,295	605,0	
00:07:19,332	605,0	
00:07:19,369	605,0	
00:07:19,406	605,0	
00:07:19,444	605,0	
00:07:19,481	605,0	
00:07:19,518	605,0	
00:07:19,555	605,0	
00:07:19,592	605,0	
00:07:19,629	605,0	
00:07:19,666	605,0	
00:07:19,703	605,0	
00:07:19,740	605,0	
00:07:19,777	605,0	
00:07:19,814	605,0	
00:07:19,851	605,0	
00:07:19,888	605,0	
00:07:19,925	605,0	
00:07:19,962	605,0	
00:07:19,999	605,0	
00:07:20,036	605,0	
00:07:20,073	605,0	
00:07:20,110	605,0	
00:07:20,147	605,0	
00:07:20,184	605,0	
00:07:20,221	605,0	
00:07:20,258	605,0	
00:07:20,295	605,0	
00:07:20,332	605,0	
00:07:20,369	605,0	
00:07:20,406	605,0	
00:07:20,444	605,0	
00:07:20,481	605,0	
00:07:20,518	605,0	
00:07:20,555	605,0	
00:07:20,592	605,0	
00:07:20,629	605,0	
00:07:20,666	605,0	
00:07:20,703	605,0	
00:07:20,740	605,0	
00:07:20,777	605,0	
00:07:20,814	605,0	
00:07:20,851	605,0	
00:07:20,888	605,0	
00:07:20,925	605,0	
00:07:20,962	605,0	
00:07:20,999	605,0	
00:07:21,036	605,0	
00:07:21,073	605,0	
00:07:21,110	604,9	
00:07:21,147	604,9	
00:07:21,184	604,9	
00:07:21,221	604,9	
00:07:21,258	604,9	
00:07:21,295	604,9	
00:07:21,332	604,9	
00:07:21,369	604,9	
00:07:21,406	604,9	
00:07:21,444	604,9	
00:07:21,481	604,9	
00:07:21,518	604,9	
00:07:21,555	604,9	
00:07:21,592	604,9	
00:07:21,629	604,9	
00:07:21,666	604,9	
00:07:21,703	604,9	
00:07:21,740	604,9	
00:07:21,777	604,9	
00:07:21,814	604,9	
00:07:21,851	604,9	
00:07:21,888	604,9	
00:07:21,925	604,9	
00:07:21,962	604,9	
00:07:21,999	604,9	
00:07:22,036	604,9	
00:07:22,073	604,9	
00:07:22,110	604,9	
00:07:22,147	604,9	
00:07:22,184	604,9	
00:07:22,221	604,9	
00:07:22,258	604,9	
00:07:22,295	604,9	
00:07:22,332	604,9	
00:07:22,369	604,9	
00:07:22,406	604,9	
00:07:22,444	604,9	
00:07:22,481	604,9	
00:07:22,518	604,9	
00:07:22,555	604,9	
00:07:22,592	604,9	
00:07:22,629	604,9	
00:07:22,666	604,9	
00:07:22,703	604,9	
00:07:22,740	604,9	
00:07:22,777	604,9	
00:07:22,814	604,9	
00:07:22,851	604,9	
00:07:22,888	604,9	
00:07:22,925	604,9	
00:07:22,962	604,9	
00:07:22,999	604,9	
00:07:23,036	604,9	
00:07:23,073	604,9	
00:07:23,110	604,9	
00:07:23,147	604,9	
00:07:23,184	604,9	
00:07:23,221	604,9	
00:07:23,258	604,9	
00:07:23,295	604,9	
00:07:23,332	604,8	
00:07:23,369	604,8	
00:07:23,406	604,8	
00:07:23,444	604,8	
00:07:23,481	604,8	
00:07:23,518	604,8	
00:07:23,555	604,8	
00:07:23,592	604,8	
00:07:23,629	604,8	
00:07:23,666	604,8	
00:07:23,703	604,8	
00:07:23,740	604,8	
00:07:23,777	604,8	
00:07:23,814	604,8	
00:07:23,851	604,8	
00:07:23,888	604,8	
00:07:23,925	604,8	
00:07:23,962	604,8	
00:07:23,999	604,8	
00:07:24,036	604,8	
00:07:24,073	604,8	
00:07:24,110	604,8	
00:07:24,147	604,8	
00:07:24,184	604,8	
00:07:24,221	604,8	
00:07:24,258	604,8	
00:07:24,295	604,8	
00:07:24,332	604,8	
00:07:24,369	604,8	
00:07:24,406	604,8	
00:07:24,444	604,8	
00:07:24,481	604,8	
00:07:24,518	604,8	
00:07:24,555	604,8	
00:07:24,592	604,8	
00:07:24,629	604,8	
00:07:24,666	604,8	
00:07:24,703	604,8	
00:07:24,740	604,8	
00:07:24,777	604,8	
00:07:24,814	604,8	
00:07:24,851	604,8	
00:07:24,888	604,8	
00:07:24,925	604,8	
00:07:24,962	604,8	
00:07:24,999	604,8	
00:07:25,036	604,8	
00:07:25,073	604,8	
00:07:25,110	604,8	
00:07:25,147	604,8	
00:07:25,184	604,8	
00:07:25,221	604,8	
00:07:25,258	604,8	
00:07:25,295	604,8	
00:07:25,332	604,8	
00:07:25,369	604,8	
00:07:25,406	604,8	
00:07:25,443	604,8	
00:07:25,481	604,8	
00:07:25,518	604,8	
00:07:25,555	604,7	
00:07:25,592	604,7	
00:07:25,629	604,7	
00:07:25,666	604,7	
00:07:25,703	604,7	
00:07:25,740	604,7	
00:07:25,777	604,7	
00:07:25,814	604,7	
00:07:25,851	604,7	
00:07:25,888	604,7	
00:07:25,925	604,7	
00:07:25,962	604,7	
00:07:25,999	604,7	
00:07:26,036	604,7	
00:07:26,073	604,7	
00:07:26,110	604,7	
00:07:26,147	604,7	
00:07:26,184	604,7	
00:07:26,221	604,7	
00:07:26,258	604,7	
00:07:26,295	604,7	
00:07:26,332	604,7	
00:07:26,369	604,7	
00:07:26,406	604,7	
00:07:26,443	604,7	
00:07:26,481	604,7	
00:07:26,518	604,7	
00:07:26,555	604,7	
00:07:26,592	604,7	
00:07:26,629	604,7	
00:07:26,666	604,8	
00:07:26,703	604,9	
00:07:26,740	605,0	
00:07:26,777	605,1	
00:07:26,814	605,2	
00:07:26,851	605,3	
00:07:26,888	605,4	
00:07:26,925	605,4	
00:07:26,962	605,5	
00:07:26,999	605,6	
00:07:27,036	605,7	
00:07:27,073	605,8	
00:07:27,110	605,9	
00:07:27,147	606,0	
00:07:27,184	606,1	
00:07:27,221	606,2	
00:07:27,258	606,3	
00:07:27,295	606,4	
00:07:27,332	606,5	
00:07:27,369	606,6	
00:07:27,406	606,7	
00:07:27,443	606,8	
00:07:27,481	606,8	
00:07:27,518	606,9	
00:07:27,555	607,0	
00:07:27,592	607,1	
00:07:27,629	607,2	
00:07:27,666	607,3	
00:07:27,703	607,4	
00:07:27,740	607,5	
00:07:27,777	607,6	
00:07:27,814	607,7	
00:07:27,851	607,8	
00:07:27,888	607,9	
00:07:27,925	608,0	
00:07:27,962	608,1	
00:07:27,999	608,2	
00:07:28,036	608,2	
00:07:28,073	608,3	
00:07:28,110	608,4	
00:07:28,147	608,5	
00:07:28,184	608,6	
00:07:28,221	608,7	
00:07:28,258	608,8	
00:07:28,295	608,9	
00:07:28,332	609,0	
00:07:28,369	609,1	
00:07:28,406	609,2	
00:07:28,443	609,3	
00:07:28,481	609,4	
00:07:28,518	609,5	
00:07:28,555	609,6	
00:07:28,592	609,6	
00:07:28,629	609,7	
00:07:28,666	609,8	
00:07:28,703	609,9	
00:07:28,740	610,0	
00:07:28,777	610,1	
00:07:28,814	610,2	
00:07:28,851	610,3	
00:07:28,888	610,4	
00:07:28,925	610,5	
00:07:28,962	610,6	
00:07:28,999	610,7	
00:07:29,036	610,8	
00:07:29,073	610,9	
00:07:29,110	611,0	
00:07:29,147	611,0	
00:07:29,184	611,1	
00:07:29,221	611,2	
00:07:29,258	611,3	
00:07:29,295	611,4	
00:07:29,332	611,5	
00:07:29,369	611,6	
00:07:29,406	611,7	
00:07:29,443	611,8	
00:07:29,481	611,9	
00:07:29,518	612,0	
00:07:29,555	612,1	
00:07:29,592	612,2	
00:07:29,629	612,3	
00:07:29,666	612,4	
00:07:29,703	612,4	
00:07:29,740	612,5	
00:07:29,777	612,6	
00:07:29,814	612,7	
00:07:29,851	612,8	
00:07:29,888	612,9	
00:07:29,925	613,0	
00:07:29,962	613,1	
00:07:29,999	613,2	
00:07:30,036	613,3	
00:07:30,073	613,4	
00:07:30,110	613,5	
00:07:30,147	613,6	
00:07:30,184	613,7	
00:07:30,221	613,8	
00:07:30,258	613,8	
00:07:30,295	613,9	
00:07:30,332	614,0	
00:07:30,369	614,1	
00:07:30,406	614,2	
00:07:30,443	614,3	
00:07:30,481	614,4	
00:07:30,518	614,5	
00:07:30,555	614,6	
00:07:30,592	614,7	
00:07:30,629	614,8	
00:07:30,666	614,9	
00:07:30,703	615,0	
00:07:30,740	615,1	
00:07:30,777	615,2	
00:07:30,814	615,2	
00:07:30,851	615,3	
00:07:30,888	615,4	
00:07:30,925	615,5	
00:07:30,962	615,6	
00:07:30,999	615,7	
00:07:31,036	615,8	
00:07:31,073	615,9	
00:07:31,110	616,0	
00:07:31,147	616,1	
00:07:31,184	616,2	
00:07:31,221	616,3	
00:07:31,258	616,4	
00:07:31,295	616,5	
00:07:31,332	616,6	
00:07:31,369	616,6	
00:07:31,406	616,7	
00:07:31,443	616,8	
00:07:31,481	616,9	
00:07:31,518	617,0	
00:07:31,555	617,1	
00:07:31,592	617,2	
00:07:31,629	617,3	
00:07:31,666	617,4	
00:07:31,703	617,5	
00:07:31,740	617,6	
00:07:31,777	617,7	
00:07:31,814	617,8	
00:07:31,851	617,9	
00:07:31,888	618,0	
00:07:31,925	618,0	
00:07:31,962	618,1	
00:07:31,999	618,2	
00:07:32,036	618,3	
00:07:32,073	618,4	
00:07:32,110	618,5	
00:07:32,147	618,6	
00:07:32,184	618,7	
00:07:32,221	618,8	
00:07:32,258	618,9	
00:07:32,295	619,0	
00:07:32,332	619,1	
00:07:32,369	619,2	
00:07:32,406	619,3	
00:07:32,443	619,3	
00:07:32,481	619,4	
00:07:32,518	619,5	
00:07:32,555	619,6	
00:07:32,592	619,7	
00:07:32,629	619,8	
00:07:32,666	619,9	
00:07:32,703	620,0	
00:07:32,740	620,1	
00:07:32,777	620,2	
00:07:32,814	620,3	
00:07:32,851	620,4	
00:07:32,888	620,5	
00:07:32,925	620,6	
00:07:32,962	620,7	
00:07:32,999	620,7	
00:07:33,036	620,8	
00:07:33,073	620,9	
00:07:33,110	621,0	
00:07:33,147	621,1	
00:07:33,184	621,2	
00:07:33,221	621,3	
00:07:33,258	621,4	
00:07:33,295	621,5	
00:07:33,332	621,6	
00:07:33,369	621,7	
00:07:33,406	621,8	
00:07:33,443	621,9	
00:07:33,481	622,0	
00:07:33,518	622,1	
00:07:33,555	622,1	
00:07:33,592	622,2	
00:07:33,629	622,3	
00:07:33,666	622,4	
00:07:33,703	622,5	
00:07:33,740	622,6	
00:07:33,777	622,7	
00:07:33,814	622,8	
00:07:33,851	622,9	
00:07:33,888	623,0	
00:07:33,925	623,1	
00:07:33,962	623,2	
00:07:33,999	623,3	
00:07:34,036	623,4	
00:07:34,073	623,5	
00:07:34,110	623,5	
00:07:34,147	623,6	
00:07:34,184	623,7	
00:07:34,221	623,8	
00:07:34,258	623,9	
00:07:34,295	624,0	
00:07:34,332	624,1	
00:07:34,369	624,2	
00:07:34,406	624,3	
00:07:34,443	624,4	
00:07:34,481	624,5	
00:07:34,518	624,6	
00:07:34,555	624,7	
00:07:34,592	624,8	
00:07:34,629	624,9	
00:07:34,666	624,9	
00:07:34,703	625,0	
00:07:34,740	625,1	
00:07:34,777	625,2	
00:07:34,814	625,3	
00:07:34,851	625,4	
00:07:34,888	625,5	
00:07:34,925	625,6	
00:07:34,962	625,7	
00:07:34,999	625,8	
00:07:35,036	625,9	
00:07:35,073	626,0	
00:07:35,110	626,1	
00:07:35,147	626,2	
00:07:35,184	626,3	
00:07:35,221	626,3	
00:07:35,258	626,4	
00:07:35,295	626,5	
00:07:35,332	626,6	
00:07:35,369	626,7	
00:07:35,406	626,8	
00:07:35,443	626,9	
00:07:35,481	627,0	
00:07:35,518	627,1	
00:07:35,555	627,2	
00:07:35,592	627,3	
00:07:35,629	627,4	
00:07:35,666	627,5	
00:07:35,703	627,6	
00:07:35,740	627,7	
00:07:35,777	627,7	
00:07:35,814	627,8	
00:07:35,851	627,9	
00:07:35,888	628,0	
00:07:35,925	628,1	
00:07:35,962	628,2	
00:07:35,999	628,3	
00:07:36,036	628,4	
00:07:36,073	628,5	
00:07:36,110	628,6	
00:07:36,147	628,7	
00:07:36,184	628,8	
00:07:36,221	628,9	
00:07:36,258	629,0	
00:07:36,295	629,1	
00:07:36,332	629,1	
00:07:36,369	629,2	
00:07:36,406	629,3	
00:07:36,443	629,4	
00:07:36,481	629,5	
00:07:36,518	629,6	
00:07:36,555	629,7	
00:07:36,592	629,8	
00:07:36,629	629,9	
00:07:36,666	630,0	
00:07:36,703	630,1	
00:07:36,740	630,2	
00:07:36,777	630,3	
00:07:36,814	630,4	
00:07:36,851	630,5	
00:07:36,888	630,5	
00:07:36,925	630,6	
00:07:36,962	630,7	
00:07:36,999	630,8	
00:07:37,036	630,9	
00:07:37,073	631,0	
00:07:37,110	631,1	
00:07:37,147	631,2	
00:07:37,184	631,3	
00:07:37,221	631,4	
00:07:37,258	631,5	
00:07:37,295	631,6	
00:07:37,332	631,7	
00:07:37,369	631,8	
00:07:37,406	631,9	
00:07:37,443	631,9	
00:07:37,481	632,0	
00:07:37,518	632,1	
00:07:37,555	632,2	
00:07:37,592	632,3	
00:07:37,629	632,4	
00:07:37,666	632,5	
00:07:37,703	632,6	
00:07:37,740	632,6	
00:07:37,777	632,6	
00:07:37,814	632,7	
00:07:37,851	632,7	
00:07:37,888	632,7	
00:07:37,925	632,7	
00:07:37,962	632,8	
00:07:37,999	632,8	
00:07:38,036	632,8	
00:07:38,073	632,8	
00:07:38,110	632,8	
00:07:38,147	632,9	
00:07:38,184	632,9	
00:07:38,221	632,9	
00:07:38,258	632,9	
00:07:38,295	633,0	
00:07:38,332	633,0	
00:07:38,369	633,0	
00:07:38,406	633,0	
00:07:38,443	633,0	
00:07:38,481	633,1	
00:07:38,518	633,1	
00:07:38,555	633,1	
00:07:38,592	633,1	
00:07:38,629	633,2	
00:07:38,666	633,2	
00:07:38,703	633,2	
00:07:38,740	633,2	
00:07:38,777	633,3	
00:07:38,814	633,3	
00:07:38,851	633,3	
00:07:38,888	633,3	
00:07:38,925	633,3	
00:07:38,962	633,4	
00:07:38,999	633,4	
00:07:39,036	633,4	
00:07:39,073	633,4	
00:07:39,110	633,5	
00:07:39,147	633,5	
00:07:39,184	633,5	
00:07:39,221	633,5	
00:07:39,258	633,5	
00:07:39,295	633,6	
00:07:39,332	633,6	
00:07:39,369	633,6	
00:07:39,406	633,6	
00:07:39,443	633,7	
00:07:39,481	633,7	
00:07:39,518	633,7	
00:07:39,555	633,7	
00:07:39,592	633,7	
00:07:39,629	633,8	
00:07:39,666	633,8	
00:07:39,703	633,8	
00:07:39,740	633,8	
00:07:39,777	633,9	
00:07:39,814	633,9	
00:07:39,851	633,9	
00:07:39,888	633,9	
00:07:39,925	633,9	
00:07:39,962	634,0	
00:07:39,999	634,0	
00:07:40,036	634,0	
00:07:40,073	634,0	
00:07:40,110	634,1	
00:07:40,147	634,1	
00:07:40,184	634,1	
00:07:40,221	634,1	
00:07:40,258	634,2	
00:07:40,295	634,2	
00:07:40,332	634,2	
00:07:40,369	634,2	
00:07:40,406	634,2	
00:07:40,443	634,3	
00:07:40,481	634,3	
00:07:40,518	634,3	
00:07:40,555	634,3	
00:07:40,592	634,4	
00:07:40,629	634,4	
00:07:40,666	634,4	
00:07:40,703	634,4	
00:07:40,740	634,4	
00:07:40,777	634,5	
00:07:40,814	634,5	
00:07:40,851	634,5	
00:07:40,888	634,5	
00:07:40,925	634,6	
00:07:40,962	634,6	
00:07:40,999	634,6	
00:07:41,036	634,6	
00:07:41,073	634,6	
00:07:41,110	634,7	
00:07:41,147	634,7	
00:07:41,184	634,7	
00:07:41,221	634,7	
00:07:41,258	634,8	
00:07:41,295	634,8	
00:07:41,332	634,8	
00:07:41,369	634,8	
00:07:41,406	634,8	
00:07:41,443	634,9	
00:07:41,481	634,9	
00:07:41,518	634,9	
00:07:41,555	634,9	
00:07:41,592	635,0	
00:07:41,629	635,0	
00:07:41,666	635,0	
00:07:41,703	635,0	
00:07:41,740	635,0	
00:07:41,777	635,1	
00:07:41,814	635,1	
00:07:41,851	635,1	
00:07:41,888	635,1	
00:07:41,925	635,2	
00:07:41,962	635,2	
00:07:41,999	635,2	
00:07:42,036	635,2	
00:07:42,073	635,3	
00:07:42,110	635,3	
00:07:42,147	635,3	
00:07:42,184	635,3	
00:07:42,221	635,3	
00:07:42,258	635,4	
00:07:42,295	635,4	
00:07:42,332	635,4	
00:07:42,369	635,4	
00:07:42,406	635,5	
00:07:42,443	635,5	
00:07:42,481	635,5	
00:07:42,518	635,5	
00:07:42,555	635,5	
00:07:42,592	635,6	
00:07:42,629	635,6	
00:07:42,666	635,6	
00:07:42,703	635,6	
00:07:42,740	635,7	
00:07:42,777	635,7	
00:07:42,814	635,7	
00:07:42,851	635,7	
00:07:42,888	635,7	
00:07:42,925	635,8	
00:07:42,962	635,8	
00:07:42,999	635,8	
00:07:43,036	635,8	
00:07:43,073	635,9	
00:07:43,110	635,9	
00:07:43,147	635,9	
00:07:43,184	635,9	
00:07:43,221	635,9	
00:07:43,258	636,0	
00:07:43,295	636,0	
00:07:43,332	636,0	
00:07:43,369	636,0	
00:07:43,406	636,1	
00:07:43,443	636,1	
00:07:43,481	636,1	
00:07:43,518	636,1	
00:07:43,555	636,2	
00:07:43,592	636,2	
00:07:43,629	636,2	
00:07:43,666	636,2	
00:07:43,703	636,2	
00:07:43,740	636,3	
00:07:43,777	636,3	
00:07:43,814	636,3	
00:07:43,851	636,3	
00:07:43,888	636,4	
00:07:43,925	636,4	
00:07:43,962	636,4	
00:07:43,999	636,4	
00:07:44,036	636,4	
00:07:44,073	636,5	
00:07:44,110	636,5	
00:07:44,147	636,5	
00:07:44,184	636,5	
00:07:44,221	636,6	
00:07:44,258	636,6	
00:07:44,295	636,6	
00:07:44,332	636,6	
00:07:44,369	636,6	
00:07:44,406	636,7	
00:07:44,443	636,7	
00:07:44,481	636,7	
00:07:44,518	636,7	
00:07:44,555	636,8	
00:07:44,592	636,8	
00:07:44,629	636,8	
00:07:44,666	636,8	
00:07:44,703	636,8	
00:07:44,740	636,9	
00:07:44,777	636,9	
00:07:44,814	636,9	
00:07:44,851	636,9	
00:07:44,888	637,0	
00:07:44,925	637,0	
00:07:44,962	637,0	
00:07:44,999	637,0	
00:07:45,036	637,0	
00:07:45,073	637,1	
00:07:45,110	637,1	
00:07:45,147	637,1	
00:07:45,184	637,1	
00:07:45,221	637,2	
00:07:45,258	637,2	
00:07:45,295	637,2	
00:07:45,332	637,2	
00:07:45,369	637,3	
00:07:45,406	637,3	
00:07:45,443	637,3	
00:07:45,481	637,3	
00:07:45,518	637,3	
00:07:45,555	637,4	
00:07:45,592	637,4	
00:07:45,629	637,4	
00:07:45,666	637,4	
00:07:45,703	637,5	
00:07:45,740	637,5	
00:07:45,777	637,5	
00:07:45,814	637,5	
00:07:45,851	637,5	
00:07:45,888	637,6	
00:07:45,925	637,6	
00:07:45,962	637,6	
00:07:45,999	637,6	
00:07:46,036	637,7	
00:07:46,073	637,7	
00:07:46,110	637,7	
00:07:46,147	637,7	
00:07:46,184	637,7	
00:07:46,221	637,8	
00:07:46,258	637,8	
00:07:46,295	637,8	
00:07:46,332	637,8	
00:07:46,369	637,9	
00:07:46,406	637,9	
00:07:46,443	637,9	
00:07:46,481	637,9	
00:07:46,518	637,9	
00:07:46,555	638,0	
00:07:46,592	638,0	
00:07:46,629	638,0	
00:07:46,666	638,0	
00:07:46,703	638,1	
00:07:46,740	638,1	
00:07:46,777	638,1	
00:07:46,814	638,1	
00:07:46,851	638,2	
00:07:46,888	638,2	
00:07:46,925	638,2	
00:07:46,962	638,2	
00:07:46,999	638,2	
00:07:47,036	638,3	
00:07:47,073	638,3	
00:07:47,110	638,3	
00:07:47,147	638,3	
00:07:47,184	638,4	
00:07:47,221	638,4	
00:07:47,258	638,4	
00:07:47,295	638,4	
00:07:47,332	638,4	
00:07:47,369	638,5	
00:07:47,406	638,5	
00:07:47,443	638,5	
00:07:47,481	638,5	
00:07:47,518	638,6	
00:07:47,555	638,6	
00:07:47,592	638,6	
00:07:47,629	638,6	
00:07:47,666	638,6	
00:07:47,703	638,7	
00:07:47,740	638,7	
00:07:47,777	638,7	
00:07:47,814	638,7	
00:07:47,851	638,7	
00:07:47,888	638,7	
00:07:47,925	638,8	
00:07:47,962	638,8	
00:07:47,999	638,8	
00:07:48,036	638,8	
00:07:48,073	638,8	
00:07:48,110	638,8	
00:07:48,147	638,9	
00:07:48,184	638,9	
00:07:48,221	638,9	
00:07:48,258	638,9	
00:07:48,295	638,9	
00:07:48,332	638,9	
00:07:48,369	639,0	
00:07:48,406	639,0	
00:07:48,443	639,0	
00:07:48,481	639,0	
00:07:48,518	639,0	
00:07:48,555	639,0	
00:07:48,592	639,1	
00:07:48,629	639,1	
00:07:48,666	639,1	
00:07:48,703	639,1	
00:07:48,740	639,1	
00:07:48,777	639,1	
00:07:48,814	639,2	
00:07:48,851	639,2	
00:07:48,888	639,2	
00:07:48,925	639,2	
00:07:48,962	639,2	
00:07:48,999	639,2	
00:07:49,036	639,3	
00:07:49,073	639,3	
00:07:49,110	639,3	
00:07:49,147	639,3	
00:07:49,184	639,3	
00:07:49,221	639,4	
00:07:49,258	639,4	
00:07:49,295	639,4	
00:07:49,332	639,4	
00:07:49,369	639,4	
00:07:49,406	639,4	
00:07:49,443	639,5	
00:07:49,481	639,5	
00:07:49,518	639,5	
00:07:49,555	639,5	
00:07:49,592	639,5	
00:07:49,629	639,5	
00:07:49,666	639,6	
00:07:49,703	639,6	
00:07:49,740	639,6	
00:07:49,777	639,6	
00:07:49,814	639,6	
00:07:49,851	639,6	
00:07:49,888	639,7	
00:07:49,925	639,7	
00:07:49,962	639,7	
00:07:49,999	639,7	
00:07:50,036	639,7	
00:07:50,073	639,7	
00:07:50,110	639,8	
00:07:50,147	639,8	
00:07:50,184	639,8	
00:07:50,221	639,8	
00:07:50,258	639,8	
00:07:50,295	639,8	
00:07:50,332	639,9	
00:07:50,369	639,9	
00:07:50,406	639,9	
00:07:50,443	639,9	
00:07:50,481	639,9	
00:07:50,518	639,9	
00:07:50,555	640,0	
00:07:50,592	640,0	
00:07:50,629	640,0	
00:07:50,666	640,0	
00:07:50,703	640,0	
00:07:50,740	640,1	
00:07:50,777	640,1	
00:07:50,814	640,1	
00:07:50,851	640,1	
00:07:50,888	640,1	
00:07:50,925	640,1	
00:07:50,962	640,2	
00:07:50,999	640,2	
00:07:51,036	640,2	
00:07:51,073	640,2	
00:07:51,110	640,2	
00:07:51,147	640,2	
00:07:51,184	640,3	
00:07:51,221	640,3	
00:07:51,258	640,3	
00:07:51,295	640,3	
00:07:51,332	640,3	
00:07:51,369	640,3	
00:07:51,406	640,4	
00:07:51,443	640,4	
00:07:51,481	640,4	
00:07:51,518	640,4	
00:07:51,555	640,4	
00:07:51,592	640,4	
00:07:51,629	640,5	
00:07:51,666	640,5	
00:07:51,703	640,5	
00:07:51,740	640,5	
00:07:51,777	640,5	
00:07:51,814	640,5	
00:07:51,851	640,6	
00:07:51,888	640,6	
00:07:51,925	640,6	
00:07:51,962	640,6	
00:07:51,999	640,6	
00:07:52,036	640,6	
00:07:52,073	640,7	
00:07:52,110	640,7	
00:07:52,147	640,7	
00:07:52,184	640,7	
00:07:52,221	640,7	
00:07:52,258	640,8	
00:07:52,295	640,8	
00:07:52,332	640,8	
00:07:52,369	640,8	
00:07:52,406	640,8	
00:07:52,443	640,8	
00:07:52,481	640,9	
00:07:52,518	640,9	
00:07:52,555	640,9	
00:07:52,592	640,9	
00:07:52,629	640,9	
00:07:52,666	640,9	
00:07:52,703	641,0	
00:07:52,740	641,0	
00:07:52,777	641,0	
00:07:52,814	641,0	
00:07:52,851	641,0	
00:07:52,888	641,0	
00:07:52,925	641,1	
00:07:52,962	641,1	
00:07:52,999	641,1	
00:07:53,036	641,1	
00:07:53,073	641,1	
00:07:53,110	641,1	
00:07:53,147	641,2	
00:07:53,184	641,2	
00:07:53,221	641,2	
00:07:53,258	641,2	
00:07:53,295	641,2	
00:07:53,332	641,2	
00:07:53,369	641,3	
00:07:53,406	641,3	
00:07:53,443	641,3	
00:07:53,481	641,3	
00:07:53,518	641,3	
00:07:53,555	641,4	
00:07:53,592	641,4	
00:07:53,629	641,4	
00:07:53,666	641,4	
00:07:53,703	641,4	
00:07:53,740	641,4	
00:07:53,777	641,5	
00:07:53,814	641,5	
00:07:53,851	641,5	
00:07:53,888	641,5	
00:07:53,925	641,5	
00:07:53,962	641,5	
00:07:53,999	641,6	
00:07:54,036	641,6	
00:07:54,073	641,6	
00:07:54,110	641,6	
00:07:54,147	641,6	
00:07:54,184	641,6	
00:07:54,221	641,7	
00:07:54,258	641,7	
00:07:54,295	641,7	
00:07:54,332	641,7	
00:07:54,369	641,7	
00:07:54,406	641,7	
00:07:54,443	641,8	
00:07:54,481	641,8	
00:07:54,518	641,8	
00:07:54,555	641,8	
00:07:54,592	641,8	
00:07:54,629	641,8	
00:07:54,666	641,9	
00:07:54,703	641,9	
00:07:54,740	641,9	
00:07:54,777	641,9	
00:07:54,814	641,9	
00:07:54,851	641,9	
00:07:54,888	642,0	
00:07:54,925	642,0	
00:07:54,962	642,0	
00:07:54,999	642,0	
00:07:55,036	642,0	
00:07:55,073	642,1	
00:07:55,110	642,1	
00:07:55,147	642,1	
00:07:55,184	642,1	
00:07:55,221	642,1	
00:07:55,258	642,1	
00:07:55,295	642,2	
00:07:55,332	642,2	
00:07:55,369	642,2	
00:07:55,406	642,2	
00:07:55,443	642,2	
00:07:55,481	642,2	
00:07:55,518	642,3	
00:07:55,555	642,3	
00:07:55,592	642,3	
00:07:55,629	642,3	
00:07:55,666	642,3	
00:07:55,703	642,3	
00:07:55,740	642,4	
00:07:55,777	642,4	
00:07:55,814	642,4	
00:07:55,851	642,4	
00:07:55,888	642,4	
00:07:55,925	642,4	
00:07:55,962	642,5	
00:07:55,999	642,5	
00:07:56,036	642,5	
00:07:56,073	642,5	
00:07:56,110	642,5	
00:07:56,147	642,5	
00:07:56,184	642,6	
00:07:56,221	642,6	
00:07:56,258	642,6	
00:07:56,295	642,6	
00:07:56,332	642,6	
00:07:56,369	642,6	
00:07:56,406	642,7	
00:07:56,443	642,7	
00:07:56,481	642,7	
00:07:56,518	642,7	
00:07:56,555	642,7	
00:07:56,592	642,8	
00:07:56,629	642,8	
00:07:56,666	642,8	
00:07:56,703	642,8	
00:07:56,740	642,8	
00:07:56,777	642,8	
00:07:56,814	642,9	
00:07:56,851	642,9	
00:07:56,888	642,9	
00:07:56,925	642,9	
00:07:56,962	642,9	
00:07:56,999	642,9	
00:07:57,036	643,0	
00:07:57,073	643,0	
00:07:57,110	643,0	
00:07:57,147	643,0	
00:07:57,184	643,0	
00:07:57,221	643,0	
00:07:57,258	643,1	
00:07:57,295	643,1	
00:07:57,332	643,1	
00:07:57,369	643,1	
00:07:57,406	643,1	
00:07:57,443	643,1	
00:07:57,481	643,2	
00:07:57,518	643,2	
00:07:57,555	643,2	
00:07:57,592	643,2	
00:07:57,629	643,2	
00:07:57,666	643,2	
00:07:57,703	643,3	
00:07:57,740	643,3	
00:07:57,777	643,3	
00:07:57,814	643,3	
00:07:57,851	643,3	
00:07:57,888	643,3	
00:07:57,925	643,4	
00:07:57,962	643,4	
00:07:57,999	643,4	
00:07:58,036	643,4	
00:07:58,073	643,4	
00:07:58,110	643,5	
00:07:58,147	643,5	
00:07:58,184	643,5	
00:07:58,221	643,5	
00:07:58,258	643,5	
00:07:58,295	643,5	
00:07:58,332	643,6	
00:07:58,369	643,6	
00:07:58,406	643,6	
00:07:58,443	643,6	
00:07:58,481	643,6	
00:07:58,518	643,6	
00:07:58,555	643,7	
00:07:58,592	643,7	
00:07:58,629	643,7	
00:07:58,666	643,7	
00:07:58,703	643,7	
00:07:58,740	643,7	
00:07:58,777	643,8	
00:07:58,814	643,8	
00:07:58,851	643,8	
00:07:58,888	643,8	
00:07:58,925	643,8	
00:07:58,962	643,8	
00:07:58,999	643,9	
00:07:59,036	643,9	
00:07:59,073	643,9	
00:07:59,110	643,9	
00:07:59,147	643,9	
00:07:59,184	643,9	
00:07:59,221	644,0	
00:07:59,258	644,0	
00:07:59,295	644,0	
00:07:59,332	644,0	
00:07:59,369	644,0	
00:07:59,406	644,0	
00:07:59,443	644,1	
00:07:59,481	644,1	
00:07:59,518	644,1	
00:07:59,555	644,1	
00:07:59,592	644,1	
00:07:59,629	644,2	
00:07:59,666	644,2	
00:07:59,703	644,2	
00:07:59,740	644,2	
00:07:59,777	644,2	
00:07:59,814	644,2	
00:07:59,851	644,3	
00:07:59,888	644,3	
00:07:59,925	644,3	
00:07:59,962	644,3	
00:07:59,999	644,3	
00:08:00,036	644,3	
00:08:00,073	644,4	
00:08:00,110	644,4	
00:08:00,147	644,4	
00:08:00,184	644,4	
00:08:00,221	644,4	
00:08:00,258	644,4	
00:08:00,295	644,5	
00:08:00,332	644,5	
00:08:00,369	644,5	
00:08:00,406	644,5	
00:08:00,443	644,5	
00:08:00,481	644,5	
00:08:00,518	644,6	
00:08:00,555	644,6	
00:08:00,592	644,6	
00:08:00,629	644,6	
00:08:00,666	644,6	
00:08:00,703	644,6	
00:08:00,740	644,7	
00:08:00,777	644,7	
00:08:00,814	644,7	
00:08:00,851	644,7	
00:08:00,888	644,7	
00:08:00,925	644,7	
00:08:00,962	644,8	
00:08:00,999	644,8	
00:08:01,036	644,8	
00:08:01,073	644,8	
00:08:01,110	644,8	
00:08:01,147	644,9	
00:08:01,184	644,9	
00:08:01,221	644,9	
00:08:01,258	644,9	
00:08:01,295	644,9	
00:08:01,332	644,9	
00:08:01,369	645,0	
00:08:01,406	645,0	
00:08:01,443	645,0	
00:08:01,481	645,0	
00:08:01,518	645,0	
00:08:01,555	645,0	
00:08:01,592	645,1	
00:08:01,629	645,1	
00:08:01,666	645,1	
00:08:01,703	645,1	
00:08:01,740	645,1	
00:08:01,777	645,1	
00:08:01,814	645,2	
00:08:01,851	645,2	
00:08:01,888	645,2	
00:08:01,925	645,2	
00:08:01,962	645,2	
00:08:01,999	645,2	
00:08:02,036	645,3	
00:08:02,073	645,3	
00:08:02,110	645,3	
00:08:02,147	645,3	
00:08:02,184	645,3	
00:08:02,221	645,3	
00:08:02,258	645,4	
00:08:02,295	645,4	
00:08:02,332	645,4	
00:08:02,369	645,4	
00:08:02,406	645,4	
00:08:02,443	645,4	
00:08:02,480	645,5	
00:08:02,518	645,5	
00:08:02,555	645,5	
00:08:02,592	645,5	
00:08:02,629	645,5	
00:08:02,666	645,6	
00:08:02,703	645,6	
00:08:02,740	645,6	
00:08:02,777	645,6	
00:08:02,814	645,6	
00:08:02,851	645,6	
00:08:02,888	645,7	
00:08:02,925	645,7	
00:08:02,962	645,7	
00:08:02,999	645,7	
00:08:03,036	645,7	
00:08:03,073	645,7	
00:08:03,110	645,8	
00:08:03,147	645,8	
00:08:03,184	645,8	
00:08:03,221	645,8	
00:08:03,258	645,8	
00:08:03,295	645,8	
00:08:03,332	645,9	
00:08:03,369	645,9	
00:08:03,406	645,9	
00:08:03,443	645,9	
00:08:03,480	645,9	
00:08:03,518	645,9	
00:08:03,555	646,0	
00:08:03,592	646,0	
00:08:03,629	646,0	
00:08:03,666	646,0	
00:08:03,703	646,0	
00:08:03,740	646,0	
00:08:03,777	646,1	
00:08:03,814	646,1	
00:08:03,851	646,1	
00:08:03,888	646,1	
00:08:03,925	646,1	
00:08:03,962	646,1	
00:08:03,999	646,2	
00:08:04,036	646,2	
00:08:04,073	646,2	
00:08:04,110	646,2	
00:08:04,147	646,2	
00:08:04,184	646,3	
00:08:04,221	646,3	
00:08:04,258	646,3	
00:08:04,295	646,3	
00:08:04,332	646,3	
00:08:04,369	646,3	
00:08:04,406	646,4	
00:08:04,443	646,4	
00:08:04,480	646,4	
00:08:04,518	646,4	
00:08:04,555	646,4	
00:08:04,592	646,4	
00:08:04,629	646,5	
00:08:04,666	646,5	
00:08:04,703	646,5	
00:08:04,740	646,5	
00:08:04,777	646,5	
00:08:04,814	646,5	
00:08:04,851	646,6	
00:08:04,888	646,6	
00:08:04,925	646,6	
00:08:04,962	646,6	
00:08:04,999	646,6	
00:08:05,036	646,6	
00:08:05,073	646,7	
00:08:05,110	646,7	
00:08:05,147	646,7	
00:08:05,184	646,7	
00:08:05,221	646,7	
00:08:05,258	646,7	
00:08:05,295	646,8	
00:08:05,332	646,8	
00:08:05,369	646,8	
00:08:05,406	646,8	
00:08:05,443	646,8	
00:08:05,480	646,9	
00:08:05,518	646,9	
00:08:05,555	646,9	
00:08:05,592	646,9	
00:08:05,629	646,9	
00:08:05,666	646,9	
00:08:05,703	647,0	
00:08:05,740	647,0	
00:08:05,777	647,0	
00:08:05,814	647,0	
00:08:05,851	647,0	
00:08:05,888	647,0	
00:08:05,925	647,1	
00:08:05,962	647,1	
00:08:05,999	647,1	
00:08:06,036	647,1	
00:08:06,073	647,1	
00:08:06,110	647,1	
00:08:06,147	647,2	
00:08:06,184	647,2	
00:08:06,221	647,2	
00:08:06,258	647,2	
00:08:06,295	647,2	
00:08:06,332	647,2	
00:08:06,369	647,3	
00:08:06,406	647,3	
00:08:06,443	647,3	
00:08:06,480	647,3	
00:08:06,518	647,3	
00:08:06,555	647,3	
00:08:06,592	647,4	
00:08:06,629	647,4	
00:08:06,666	647,4	
00:08:06,703	647,4	
00:08:06,740	647,4	
00:08:06,777	647,4	
00:08:06,814	647,5	
00:08:06,851	647,5	
00:08:06,888	647,5	
00:08:06,925	647,5	
00:08:06,962	647,5	
00:08:06,999	647,6	
00:08:07,036	647,6	
00:08:07,073	647,6	
00:08:07,110	647,6	
00:08:07,147	647,6	
00:08:07,184	647,6	
00:08:07,221	647,7	
00:08:07,258	647,7	
00:08:07,295	647,7	
00:08:07,332	647,7	
00:08:07,369	647,7	
00:08:07,406	647,7	
00:08:07,443	647,8	
00:08:07,480	647,8	
00:08:07,518	647,8	
00:08:07,555	647,8	
00:08:07,592	647,8	
00:08:07,629	647,8	
00:08:07,666	647,9	
00:08:07,703	647,9	
00:08:07,740	647,9	
00:08:07,777	647,9	
00:08:07,814	647,9	
00:08:07,851	647,9	
00:08:07,888	648,0	
00:08:07,925	648,0	
00:08:07,962	648,0	
00:08:07,999	648,0	
00:08:08,036	648,0	
00:08:08,073	648,0	
00:08:08,110	648,1	
00:08:08,147	648,1	
00:08:08,184	648,1	
00:08:08,221	648,1	
00:08:08,258	648,1	
00:08:08,295	648,1	
00:08:08,332	648,2	
00:08:08,369	648,2	
00:08:08,406	648,2	
00:08:08,443	648,2	
00:08:08,480	648,2	
00:08:08,518	648,3	
00:08:08,555	648,3	
00:08:08,592	648,3	
00:08:08,629	648,3	
00:08:08,666	648,3	
00:08:08,703	648,3	
00:08:08,740	648,4	
00:08:08,777	648,4	
00:08:08,814	648,4	
00:08:08,851	648,4	
00:08:08,888	648,4	
00:08:08,925	648,4	
00:08:08,962	648,5	
00:08:08,999	648,5	
00:08:09,036	648,5	
00:08:09,073	648,5	
00:08:09,110	648,5	
00:08:09,147	648,5	
00:08:09,184	648,6	
00:08:09,221	648,6	
00:08:09,258	648,6	
00:08:09,295	648,6	
00:08:09,332	648,6	
00:08:09,369	648,6	
00:08:09,406	648,7	
00:08:09,443	648,7	
00:08:09,480	648,7	
00:08:09,518	648,7	
00:08:09,555	648,7	
00:08:09,592	648,7	
00:08:09,629	648,8	
00:08:09,666	648,8	
00:08:09,703	648,8	
00:08:09,740	648,8	
00:08:09,777	648,8	
00:08:09,814	648,8	
00:08:09,851	648,9	
00:08:09,888	648,9	
00:08:09,925	648,9	
00:08:09,962	648,9	
00:08:09,999	648,9	
00:08:10,036	649,0	
00:08:10,073	649,0	
00:08:10,110	649,0	
00:08:10,147	649,0	
00:08:10,184	649,0	
00:08:10,221	649,0	
00:08:10,258	649,1	
00:08:10,295	649,1	
00:08:10,332	649,1	
00:08:10,369	649,1	
00:08:10,406	649,1	
00:08:10,443	649,1	
00:08:10,480	649,2	
00:08:10,518	649,2	
00:08:10,555	649,2	
00:08:10,592	649,2	
00:08:10,629	649,2	
00:08:10,666	649,2	
00:08:10,703	649,3	
00:08:10,740	649,3	
00:08:10,777	649,3	
00:08:10,814	649,3	
00:08:10,851	649,3	
00:08:10,888	649,3	
00:08:10,925	649,4	
00:08:10,962	649,4	
00:08:10,999	649,4	
00:08:11,036	649,4	
00:08:11,073	649,4	
00:08:11,110	649,4	
00:08:11,147	649,5	
00:08:11,184	649,5	
00:08:11,221	649,5	
00:08:11,258	649,5	
00:08:11,295	649,5	
00:08:11,332	649,5	
00:08:11,369	649,6	
00:08:11,406	649,6	
00:08:11,443	649,6	
00:08:11,480	649,6	
00:08:11,518	649,6	
00:08:11,555	649,7	
00:08:11,592	649,7	
00:08:11,629	649,7	
00:08:11,666	649,7	
00:08:11,703	649,7	
00:08:11,740	649,7	
00:08:11,777	649,8	
00:08:11,814	649,8	
00:08:11,851	649,8	
00:08:11,888	649,8	
00:08:11,925	649,8	
00:08:11,962	649,8	
00:08:11,999	649,9	
00:08:12,036	649,9	
00:08:12,073	649,9	
00:08:12,110	649,9	
00:08:12,147	649,9	
00:08:12,184	649,9	
00:08:12,221	650,0	
00:08:12,258	650,0	
00:08:12,295	650,0	
00:08:12,332	650,0	
00:08:12,369	650,0	
00:08:12,406	650,0	
00:08:12,443	650,1	
00:08:12,480	650,1	
00:08:12,518	650,1	
00:08:12,555	650,1	
00:08:12,592	650,1	
00:08:12,629	650,1	
00:08:12,666	650,2	
00:08:12,703	650,2	
00:08:12,740	650,2	
00:08:12,777	650,2	
00:08:12,814	650,2	
00:08:12,851	650,2	
00:08:12,888	650,3	
00:08:12,925	650,3	
00:08:12,962	650,3	
00:08:12,999	650,3	
00:08:13,036	650,3	
00:08:13,073	650,4	
00:08:13,110	650,4	
00:08:13,147	650,4	
00:08:13,184	650,4	
00:08:13,221	650,4	
00:08:13,258	650,4	
00:08:13,295	650,5	
00:08:13,332	650,5	
00:08:13,369	650,5	
00:08:13,406	650,5	
00:08:13,443	650,5	
00:08:13,480	650,5	
00:08:13,518	650,6	
00:08:13,555	650,6	
00:08:13,592	650,6	
00:08:13,629	650,6	
00:08:13,666	650,6	
00:08:13,703	650,6	
00:08:13,740	650,7	
00:08:13,777	650,7	
00:08:13,814	650,7	
00:08:13,851	650,7	
00:08:13,888	650,7	
00:08:13,925	650,7	
00:08:13,962	650,8	
00:08:13,999	650,8	
00:08:14,036	650,8	
00:08:14,073	650,8	
00:08:14,110	650,8	
00:08:14,147	650,8	
00:08:14,184	650,9	
00:08:14,221	650,9	
00:08:14,258	650,9	
00:08:14,295	650,9	
00:08:14,332	650,9	
00:08:14,369	650,9	
00:08:14,406	651,0	
00:08:14,443	651,0	
00:08:14,480	651,0	
00:08:14,518	651,0	
00:08:14,555	651,0	
00:08:14,592	651,1	
00:08:14,629	651,1	
00:08:14,666	651,1	
00:08:14,703	651,1	
00:08:14,740	651,1	
00:08:14,777	651,1	
00:08:14,814	651,2	
00:08:14,851	651,2	
00:08:14,888	651,2	
00:08:14,925	651,2	
00:08:14,962	651,2	
00:08:14,999	651,2	
00:08:15,036	651,3	
00:08:15,073	651,3	
00:08:15,110	651,3	
00:08:15,147	651,3	
00:08:15,184	651,3	
00:08:15,221	651,3	
00:08:15,258	651,4	
00:08:15,295	651,4	
00:08:15,332	651,4	
00:08:15,369	651,4	
00:08:15,406	651,4	
00:08:15,443	651,4	
00:08:15,480	651,5	
00:08:15,518	651,5	
00:08:15,555	651,5	
00:08:15,592	651,5	
00:08:15,629	651,5	
00:08:15,666	651,5	
00:08:15,703	651,6	
00:08:15,740	651,6	
00:08:15,777	651,6	
00:08:15,814	651,6	
00:08:15,851	651,6	
00:08:15,888	651,6	
00:08:15,925	651,7	
00:08:15,962	651,7	
00:08:15,999	651,7	
00:08:16,036	651,7	
00:08:16,073	651,7	
00:08:16,110	651,8	
00:08:16,147	651,8	
00:08:16,184	651,8	
00:08:16,221	651,8	
00:08:16,258	651,8	
00:08:16,295	651,8	
00:08:16,332	651,9	
00:08:16,369	651,9	
00:08:16,406	651,9	
00:08:16,443	651,9	
00:08:16,480	651,9	
00:08:16,518	651,9	
00:08:16,555	652,0	
00:08:16,592	652,0	
00:08:16,629	652,0	
00:08:16,666	652,0	
00:08:16,703	652,0	
00:08:16,740	652,0	
00:08:16,777	652,1	
00:08:16,814	652,1	
00:08:16,851	652,1	
00:08:16,888	652,1	
00:08:16,925	652,1	
00:08:16,962	652,1	
00:08:16,999	652,2	
00:08:17,036	652,2	
00:08:17,073	652,2	
00:08:17,110	652,2	
00:08:17,147	652,2	
00:08:17,184	652,2	
00:08:17,221	652,3	
00:08:17,258	652,3	
00:08:17,295	652,3	
00:08:17,332	652,3	
00:08:17,369	652,3	
00:08:17,406	652,4	
00:08:17,443	652,4	
00:08:17,480	652,4	
00:08:17,518	652,4	
00:08:17,555	652,4	
00:08:17,592	652,4	
00:08:17,629	652,5	
00:08:17,666	652,5	
00:08:17,703	652,5	
00:08:17,740	652,5	
00:08:17,777	652,5	
00:08:17,814	652,5	
00:08:17,851	652,6	
00:08:17,888	652,6	
00:08:17,925	652,6	
00:08:17,962	652,6	
00:08:17,999	652,6	
00:08:18,036	652,6	
00:08:18,073	652,7	
00:08:18,110	652,7	
00:08:18,147	652,7	
00:08:18,184	652,7	
00:08:18,221	652,7	
00:08:18,258	652,7	
00:08:18,295	652,8	
00:08:18,332	652,8	
00:08:18,369	652,8	
00:08:18,406	652,8	
00:08:18,443	652,8	
00:08:18,480	652,8	
00:08:18,518	652,9	
00:08:18,555	652,9	
00:08:18,592	652,9	
00:08:18,629	652,9	
00:08:18,666	652,9	
00:08:18,703	652,9	
00:08:18,740	653,0	
00:08:18,777	653,0	
00:08:18,814	653,0	
00:08:18,851	653,0	
00:08:18,888	653,0	
00:08:18,925	653,1	
00:08:18,962	653,1	
00:08:18,999	653,1	
00:08:19,036	653,1	
00:08:19,073	653,1	
00:08:19,110	653,1	
00:08:19,147	653,2	
00:08:19,184	653,2	
00:08:19,221	653,2	
00:08:19,258	653,2	
00:08:19,295	653,2	
00:08:19,332	653,2	
00:08:19,369	653,3	
00:08:19,406	653,3	
00:08:19,443	653,3	
00:08:19,480	653,3	
00:08:19,518	653,3	
00:08:19,555	653,3	
00:08:19,592	653,4	
00:08:19,629	653,4	
00:08:19,666	653,4	
00:08:19,703	653,4	
00:08:19,740	653,4	
00:08:19,777	653,4	
00:08:19,814	653,5	
00:08:19,851	653,5	
00:08:19,888	653,5	
00:08:19,925	653,5	
00:08:19,962	653,5	
00:08:19,999	653,5	
00:08:20,036	653,6	
00:08:20,073	653,6	
00:08:20,110	653,6	
00:08:20,147	653,6	
00:08:20,184	653,6	
00:08:20,221	653,6	
00:08:20,258	653,7	
00:08:20,295	653,7	
00:08:20,332	653,7	
00:08:20,369	653,7	
00:08:20,406	653,7	
00:08:20,443	653,8	
00:08:20,480	653,8	
00:08:20,518	653,8	
00:08:20,555	653,8	
00:08:20,592	653,8	
00:08:20,629	653,8	
00:08:20,666	653,9	
00:08:20,703	653,9	
00:08:20,740	653,9	
00:08:20,777	653,9	
00:08:20,814	653,9	
00:08:20,851	653,9	
00:08:20,888	654,0	
00:08:20,925	654,0	
00:08:20,962	654,0	
00:08:20,999	654,0	
00:08:21,036	654,0	
00:08:21,073	654,0	
00:08:21,110	654,1	
00:08:21,147	654,1	
00:08:21,184	654,1	
00:08:21,221	654,1	
00:08:21,258	654,1	
00:08:21,295	654,1	
00:08:21,332	654,2	
00:08:21,369	654,2	
00:08:21,406	654,2	
00:08:21,443	654,2	
00:08:21,480	654,2	
00:08:21,518	654,2	
00:08:21,555	654,3	
00:08:21,592	654,3	
00:08:21,629	654,3	
00:08:21,666	654,3	
00:08:21,703	654,3	
00:08:21,740	654,3	
00:08:21,777	654,4	
00:08:21,814	654,4	
00:08:21,851	654,4	
00:08:21,888	654,4	
00:08:21,925	654,4	
00:08:21,962	654,5	
00:08:21,999	654,5	
00:08:22,036	654,5	
00:08:22,073	654,5	
00:08:22,110	654,5	
00:08:22,147	654,5	
00:08:22,184	654,6	
00:08:22,221	654,6	
00:08:22,258	654,6	
00:08:22,295	654,6	
00:08:22,332	654,6	
00:08:22,369	654,6	
00:08:22,406	654,7	
00:08:22,443	654,7	
00:08:22,480	654,7	
00:08:22,518	654,7	
00:08:22,555	654,7	
00:08:22,592	654,7	
00:08:22,629	654,8	
00:08:22,666	654,8	
00:08:22,703	654,8	
00:08:22,740	654,8	
00:08:22,777	654,8	
00:08:22,814	654,8	
00:08:22,851	654,9	
00:08:22,888	654,9	
00:08:22,925	654,9	
00:08:22,962	654,9	
00:08:22,999	654,9	
00:08:23,036	654,9	
00:08:23,073	655,0	
00:08:23,110	655,0	
00:08:23,147	655,0	
00:08:23,184	655,0	
00:08:23,221	655,0	
00:08:23,258	655,0	
00:08:23,295	655,1	
00:08:23,332	655,1	
00:08:23,369	655,1	
00:08:23,406	655,2	
00:08:23,443	655,3	
00:08:23,480	655,4	
00:08:23,518	655,4	
00:08:23,555	655,5	
00:08:23,592	655,6	
00:08:23,629	655,7	
00:08:23,666	655,8	
00:08:23,703	655,9	
00:08:23,740	655,9	
00:08:23,777	656,0	
00:08:23,814	656,1	
00:08:23,851	656,2	
00:08:23,888	656,3	
00:08:23,925	656,4	
00:08:23,962	656,4	
00:08:23,999	656,5	
00:08:24,036	656,6	
00:08:24,073	656,7	
00:08:24,110	656,8	
00:08:24,147	656,9	
00:08:24,184	656,9	
00:08:24,221	657,0	
00:08:24,258	657,1	
00:08:24,295	657,2	
00:08:24,332	657,3	
00:08:24,369	657,4	
00:08:24,406	657,4	
00:08:24,443	657,5	
00:08:24,480	657,6	
00:08:24,518	657,7	
00:08:24,555	657,8	
00:08:24,592	657,9	
00:08:24,629	657,9	
00:08:24,666	658,0	
00:08:24,703	658,1	
00:08:24,740	658,2	
00:08:24,777	658,3	
00:08:24,814	658,4	
00:08:24,851	658,4	
00:08:24,888	658,5	
00:08:24,925	658,6	
00:08:24,962	658,7	
00:08:24,999	658,8	
00:08:25,036	658,9	
00:08:25,073	658,9	
00:08:25,110	659,0	
00:08:25,147	659,1	
00:08:25,184	659,2	
00:08:25,221	659,3	
00:08:25,258	659,4	
00:08:25,295	659,4	
00:08:25,332	659,5	
00:08:25,369	659,6	
00:08:25,406	659,7	
00:08:25,443	659,8	
00:08:25,480	659,9	
00:08:25,518	659,9	
00:08:25,555	660,0	
00:08:25,592	660,1	
00:08:25,629	660,2	
00:08:25,666	660,3	
00:08:25,703	660,4	
00:08:25,740	660,5	
00:08:25,777	660,5	
00:08:25,814	660,6	
00:08:25,851	660,7	
00:08:25,888	660,8	
00:08:25,925	660,9	
00:08:25,962	661,0	
00:08:25,999	661,0	
00:08:26,036	661,1	
00:08:26,073	661,2	
00:08:26,110	661,3	
00:08:26,147	661,4	
00:08:26,184	661,5	
00:08:26,221	661,5	
00:08:26,258	661,6	
00:08:26,295	661,7	
00:08:26,332	661,8	
00:08:26,369	661,9	
00:08:26,406	662,0	
00:08:26,443	662,0	
00:08:26,480	662,1	
00:08:26,518	662,2	
00:08:26,555	662,3	
00:08:26,592	662,4	
00:08:26,629	662,5	
00:08:26,666	662,5	
00:08:26,703	662,6	
00:08:26,740	662,7	
00:08:26,777	662,8	
00:08:26,814	662,9	
00:08:26,851	663,0	
00:08:26,888	663,0	
00:08:26,925	663,1	
00:08:26,962	663,2	
00:08:26,999	663,3	
00:08:27,036	663,4	
00:08:27,073	663,5	
00:08:27,110	663,5	
00:08:27,147	663,6	
00:08:27,184	663,7	
00:08:27,221	663,8	
00:08:27,258	663,9	
00:08:27,295	664,0	
00:08:27,332	664,0	
00:08:27,369	664,1	
00:08:27,406	664,2	
00:08:27,443	664,3	
00:08:27,480	664,4	
00:08:27,518	664,5	
00:08:27,555	664,5	
00:08:27,592	664,6	
00:08:27,629	664,7	
00:08:27,666	664,8	
00:08:27,703	664,9	
00:08:27,740	665,0	
00:08:27,777	665,0	
00:08:27,814	665,1	
00:08:27,851	665,2	
00:08:27,888	665,3	
00:08:27,925	665,4	
00:08:27,962	665,5	
00:08:27,999	665,6	
00:08:28,036	665,6	
00:08:28,073	665,7	
00:08:28,110	665,8	
00:08:28,147	665,9	
00:08:28,184	666,0	
00:08:28,221	666,1	
00:08:28,258	666,1	
00:08:28,295	666,2	
00:08:28,332	666,3	
00:08:28,369	666,4	
00:08:28,406	666,5	
00:08:28,443	666,6	
00:08:28,480	666,6	
00:08:28,518	666,7	
00:08:28,555	666,8	
00:08:28,592	666,9	
00:08:28,629	667,0	
00:08:28,666	667,1	
00:08:28,703	667,1	
00:08:28,740	667,2	
00:08:28,777	667,3	
00:08:28,814	667,4	
00:08:28,851	667,5	
00:08:28,888	667,6	
00:08:28,925	667,6	
00:08:28,962	667,7	
00:08:28,999	667,8	
00:08:29,036	667,9	
00:08:29,073	668,0	
00:08:29,110	668,1	
00:08:29,147	668,1	
00:08:29,184	668,2	
00:08:29,221	668,3	
00:08:29,258	668,4	
00:08:29,295	668,5	
00:08:29,332	668,6	
00:08:29,369	668,6	
00:08:29,406	668,7	
00:08:29,443	668,8	
00:08:29,480	668,9	
00:08:29,518	669,0	
00:08:29,555	669,1	
00:08:29,592	669,1	
00:08:29,629	669,2	
00:08:29,666	669,3	
00:08:29,703	669,4	
00:08:29,740	669,5	
00:08:29,777	669,6	
00:08:29,814	669,6	
00:08:29,851	669,7	
00:08:29,888	669,8	
00:08:29,925	669,9	
00:08:29,962	670,0	
00:08:29,999	670,1	
00:08:30,036	670,1	
00:08:30,073	670,2	
00:08:30,110	670,3	
00:08:30,147	670,4	
00:08:30,184	670,5	
00:08:30,221	670,6	
00:08:30,258	670,7	
00:08:30,295	670,7	
00:08:30,332	670,8	
00:08:30,369	670,9	
00:08:30,406	671,0	
00:08:30,443	671,1	
00:08:30,480	671,2	
00:08:30,518	671,2	
00:08:30,555	671,3	
00:08:30,592	671,4	
00:08:30,629	671,5	
00:08:30,666	671,6	
00:08:30,703	671,7	
00:08:30,740	671,7	
00:08:30,777	671,8	
00:08:30,814	671,9	
00:08:30,851	672,0	
00:08:30,888	672,1	
00:08:30,925	672,2	
00:08:30,962	672,2	
00:08:30,999	672,3	
00:08:31,036	672,4	
00:08:31,073	672,5	
00:08:31,110	672,6	
00:08:31,147	672,7	
00:08:31,184	672,7	
00:08:31,221	672,8	
00:08:31,258	672,9	
00:08:31,295	673,0	
00:08:31,332	673,1	
00:08:31,369	673,2	
00:08:31,406	673,2	
00:08:31,443	673,3	
00:08:31,480	673,4	
00:08:31,518	673,5	
00:08:31,555	673,6	
00:08:31,592	673,7	
00:08:31,629	673,7	
00:08:31,666	673,8	
00:08:31,703	673,9	
00:08:31,740	674,0	
00:08:31,777	674,1	
00:08:31,814	674,2	
00:08:31,851	674,2	
00:08:31,888	674,3	
00:08:31,925	674,4	
00:08:31,962	674,5	
00:08:31,999	674,6	
00:08:32,036	674,7	
00:08:32,073	674,7	
00:08:32,110	674,8	
00:08:32,147	674,9	
00:08:32,184	675,0	
00:08:32,221	675,1	
00:08:32,258	675,2	
00:08:32,295	675,2	
00:08:32,332	675,3	
00:08:32,369	675,3	
00:08:32,406	675,5	
00:08:32,443	675,5	
00:08:32,480	675,7	
00:08:32,518	675,7	
00:08:32,555	675,8	
00:08:32,592	675,8	
00:08:32,629	676,0	
00:08:32,666	676,0	
00:08:32,703	676,2	
00:08:32,740	676,3	
00:08:32,777	676,3	
00:08:32,814	676,4	
00:08:32,851	676,5	
00:08:32,888	676,6	
00:08:32,925	676,7	
00:08:32,962	676,8	
00:08:32,999	676,8	
00:08:33,036	676,9	
00:08:33,073	677,0	
00:08:33,110	677,1	
00:08:33,147	677,2	
00:08:33,184	677,3	
00:08:33,221	677,3	
00:08:33,258	677,4	
00:08:33,295	677,5	
00:08:33,332	677,6	
00:08:33,369	677,6	
00:08:33,406	677,8	
00:08:33,443	677,8	
00:08:33,480	677,9	
00:08:33,518	677,9	
00:08:33,555	678,1	
00:08:33,592	678,1	
00:08:33,629	678,3	
00:08:33,666	678,3	
00:08:33,703	678,4	
00:08:33,740	678,5	
00:08:33,777	678,6	
00:08:33,814	678,7	
00:08:33,851	678,8	
00:08:33,888	678,8	
00:08:33,925	678,9	
00:08:33,962	679,0	
00:08:33,999	679,1	
00:08:34,036	679,2	
00:08:34,073	679,3	
00:08:34,110	679,3	
00:08:34,147	679,4	
00:08:34,184	679,5	
00:08:34,221	679,6	
00:08:34,258	679,7	
00:08:34,295	679,8	
00:08:34,332	679,8	
00:08:34,369	679,8	
00:08:34,406	680,0	
00:08:34,443	680,0	
00:08:34,480	680,2	
00:08:34,518	680,2	
00:08:34,555	680,3	
00:08:34,592	680,3	
00:08:34,629	680,5	
00:08:34,666	680,5	
00:08:34,703	680,7	
00:08:34,740	680,7	
00:08:34,777	680,9	
00:08:34,814	680,9	
00:08:34,851	681,0	
00:08:34,888	681,1	
00:08:34,925	681,2	
00:08:34,962	681,3	
00:08:34,999	681,4	
00:08:35,036	681,4	
00:08:35,073	681,5	
00:08:35,110	681,6	
00:08:35,147	681,7	
00:08:35,184	681,8	
00:08:35,221	681,9	
00:08:35,258	681,9	
00:08:35,295	682,0	
00:08:35,332	682,1	
00:08:35,369	682,2	
00:08:35,406	682,3	
00:08:35,443	682,3	
00:08:35,480	682,4	
00:08:35,518	682,4	
00:08:35,555	682,6	
00:08:35,592	682,6	
00:08:35,629	682,8	
00:08:35,666	682,8	
00:08:35,703	682,9	
00:08:35,740	682,9	
00:08:35,777	683,1	
00:08:35,814	683,1	
00:08:35,851	683,3	
00:08:35,888	683,4	
00:08:35,925	683,4	
00:08:35,962	683,5	
00:08:35,999	683,6	
00:08:36,036	683,7	
00:08:36,073	683,8	
00:08:36,110	683,9	
00:08:36,147	683,9	
00:08:36,184	684,0	
00:08:36,221	684,1	
00:08:36,258	684,2	
00:08:36,295	684,3	
00:08:36,332	684,4	
00:08:36,369	684,4	
00:08:36,406	684,5	
00:08:36,443	684,6	
00:08:36,480	684,7	
00:08:36,518	684,7	
00:08:36,555	684,9	
00:08:36,592	684,9	
00:08:36,629	685,0	
00:08:36,666	685,0	
00:08:36,703	685,2	
00:08:36,740	685,2	
00:08:36,777	685,4	
00:08:36,814	685,4	
00:08:36,851	685,5	
00:08:36,888	685,6	
00:08:36,925	685,7	
00:08:36,962	685,7	
00:08:36,999	685,7	
00:08:37,036	685,7	
00:08:37,073	685,6	
00:08:37,110	685,6	
00:08:37,147	685,6	
00:08:37,184	685,6	
00:08:37,221	685,6	
00:08:37,258	685,6	
00:08:37,295	685,6	
00:08:37,332	685,6	
00:08:37,369	685,5	
00:08:37,406	685,5	
00:08:37,443	685,5	
00:08:37,480	685,5	
00:08:37,518	685,5	
00:08:37,555	685,5	
00:08:37,592	685,5	
00:08:37,629	685,5	
00:08:37,666	685,5	
00:08:37,703	685,4	
00:08:37,740	685,4	
00:08:37,777	685,4	
00:08:37,814	685,4	
00:08:37,851	685,4	
00:08:37,888	685,4	
00:08:37,925	685,4	
00:08:37,962	685,3	
00:08:37,999	685,3	
00:08:38,036	685,3	
00:08:38,073	685,3	
00:08:38,110	685,3	
00:08:38,147	685,3	
00:08:38,184	685,3	
00:08:38,221	685,3	
00:08:38,258	685,2	
00:08:38,295	685,2	
00:08:38,332	685,2	
00:08:38,369	685,2	
00:08:38,406	685,2	
00:08:38,443	685,2	
00:08:38,480	685,2	
00:08:38,518	685,2	
00:08:38,555	685,1	
00:08:38,592	685,1	
00:08:38,629	685,1	
00:08:38,666	685,1	
00:08:38,703	685,1	
00:08:38,740	685,1	
00:08:38,777	685,1	
00:08:38,814	685,1	
00:08:38,851	685,0	
00:08:38,888	685,0	
00:08:38,925	685,0	
00:08:38,962	685,0	
00:08:38,999	685,0	
00:08:39,036	685,0	
00:08:39,073	685,0	
00:08:39,110	684,9	
00:08:39,147	684,9	
00:08:39,184	684,9	
00:08:39,221	684,9	
00:08:39,258	684,9	
00:08:39,295	684,9	
00:08:39,332	684,9	
00:08:39,369	684,9	
00:08:39,406	684,8	
00:08:39,443	684,8	
00:08:39,480	684,8	
00:08:39,517	684,8	
00:08:39,555	684,8	
00:08:39,592	684,8	
00:08:39,629	684,8	
00:08:39,666	684,8	
00:08:39,703	684,7	
00:08:39,740	684,7	
00:08:39,777	684,7	
00:08:39,814	684,7	
00:08:39,851	684,7	
00:08:39,888	684,7	
00:08:39,925	684,7	
00:08:39,962	684,7	
00:08:39,999	684,6	
00:08:40,036	684,6	
00:08:40,073	684,6	
00:08:40,110	684,6	
00:08:40,147	684,6	
00:08:40,184	684,6	
00:08:40,221	684,6	
00:08:40,258	684,6	
00:08:40,295	684,5	
00:08:40,332	684,5	
00:08:40,369	684,5	
00:08:40,406	684,5	
00:08:40,443	684,5	
00:08:40,480	684,5	
00:08:40,517	684,5	
00:08:40,555	684,5	
00:08:40,592	684,4	
00:08:40,629	684,4	
00:08:40,666	684,4	
00:08:40,703	684,4	
00:08:40,740	684,4	
00:08:40,777	684,4	
00:08:40,814	684,4	
00:08:40,851	684,3	
00:08:40,888	684,3	
00:08:40,925	684,3	
00:08:40,962	684,3	
00:08:40,999	684,3	
00:08:41,036	684,3	
00:08:41,073	684,3	
00:08:41,110	684,3	
00:08:41,147	684,2	
00:08:41,184	684,2	
00:08:41,221	684,2	
00:08:41,258	684,2	
00:08:41,295	684,2	
00:08:41,332	684,2	
00:08:41,369	684,2	
00:08:41,406	684,2	
00:08:41,443	684,1	
00:08:41,480	684,1	
00:08:41,517	684,1	
00:08:41,555	684,1	
00:08:41,592	684,1	
00:08:41,629	684,1	
00:08:41,666	684,1	
00:08:41,703	684,1	
00:08:41,740	684,1	
00:08:41,777	684,0	
00:08:41,814	684,0	
00:08:41,851	684,0	
00:08:41,888	684,0	
00:08:41,925	684,0	
00:08:41,962	684,0	
00:08:41,999	684,0	
00:08:42,036	684,0	
00:08:42,073	683,9	
00:08:42,110	683,9	
00:08:42,147	683,9	
00:08:42,184	683,9	
00:08:42,221	683,9	
00:08:42,258	683,9	
00:08:42,295	683,9	
00:08:42,332	683,8	
00:08:42,369	683,8	
00:08:42,406	683,8	
00:08:42,443	683,8	
00:08:42,480	683,8	
00:08:42,517	683,8	
00:08:42,555	683,8	
00:08:42,592	683,7	
00:08:42,629	683,7	
00:08:42,666	683,7	
00:08:42,703	683,7	
00:08:42,740	683,7	
00:08:42,777	683,7	
00:08:42,814	683,7	
00:08:42,851	683,7	
00:08:42,888	683,7	
00:08:42,925	683,6	
00:08:42,962	683,6	
00:08:42,999	683,6	
00:08:43,036	683,6	
00:08:43,073	683,6	
00:08:43,110	683,6	
00:08:43,147	683,6	
00:08:43,184	683,5	
00:08:43,221	683,5	
00:08:43,258	683,5	
00:08:43,295	683,5	
00:08:43,332	683,5	
00:08:43,369	683,5	
00:08:43,406	683,5	
00:08:43,443	683,5	
00:08:43,480	683,4	
00:08:43,517	683,4	
00:08:43,555	683,4	
00:08:43,592	683,4	
00:08:43,629	683,4	
00:08:43,666	683,4	
00:08:43,703	683,4	
00:08:43,740	683,4	
00:08:43,777	683,3	
00:08:43,814	683,3	
00:08:43,851	683,3	
00:08:43,888	683,3	
00:08:43,925	683,3	
00:08:43,962	683,3	
00:08:43,999	683,3	
00:08:44,036	683,3	
00:08:44,073	683,2	
00:08:44,110	683,2	
00:08:44,147	683,2	
00:08:44,184	683,2	
00:08:44,221	683,2	
00:08:44,258	683,2	
00:08:44,295	683,2	
00:08:44,332	683,2	
00:08:44,369	683,1	
00:08:44,406	683,1	
00:08:44,443	683,1	
00:08:44,480	683,1	
00:08:44,517	683,1	
00:08:44,555	683,1	
00:08:44,592	683,1	
00:08:44,629	683,0	
00:08:44,666	683,0	
00:08:44,703	683,0	
00:08:44,740	683,0	
00:08:44,777	683,0	
00:08:44,814	683,0	
00:08:44,851	683,0	
00:08:44,888	683,0	
00:08:44,925	682,9	
00:08:44,962	682,9	
00:08:44,999	682,9	
00:08:45,036	682,9	
00:08:45,073	682,9	
00:08:45,110	682,9	
00:08:45,147	682,9	
00:08:45,184	682,9	
00:08:45,221	682,8	
00:08:45,258	682,8	
00:08:45,295	682,8	
00:08:45,332	682,8	
00:08:45,369	682,8	
00:08:45,406	682,8	
00:08:45,443	682,8	
00:08:45,480	682,8	
00:08:45,517	682,7	
00:08:45,555	682,7	
00:08:45,592	682,7	
00:08:45,629	682,7	
00:08:45,666	682,7	
00:08:45,703	682,7	
00:08:45,740	682,7	
00:08:45,777	682,7	
00:08:45,814	682,6	
00:08:45,851	682,6	
00:08:45,888	682,6	
00:08:45,925	682,6	
00:08:45,962	682,6	
00:08:45,999	682,6	
00:08:46,036	682,6	
00:08:46,073	682,6	
00:08:46,110	682,6	
00:08:46,147	682,5	
00:08:46,184	682,5	
00:08:46,221	682,5	
00:08:46,258	682,5	
00:08:46,295	682,5	
00:08:46,332	682,5	
00:08:46,369	682,4	
00:08:46,406	682,4	
00:08:46,443	682,4	
00:08:46,480	682,4	
00:08:46,517	682,4	
00:08:46,555	682,4	
00:08:46,592	682,4	
00:08:46,629	682,4	
00:08:46,666	682,3	
00:08:46,703	682,3	
00:08:46,740	682,3	
00:08:46,777	682,3	
00:08:46,814	682,3	
00:08:46,851	682,3	
00:08:46,888	682,3	
00:08:46,925	682,3	
00:08:46,962	682,3	
00:08:46,999	682,2	
00:08:47,036	682,2	
00:08:47,073	682,2	
00:08:47,110	682,2	
00:08:47,147	682,2	
00:08:47,184	682,2	
00:08:47,221	682,2	
00:08:47,258	682,2	
00:08:47,295	682,1	
00:08:47,332	682,1	
00:08:47,369	682,1	
00:08:47,406	682,1	
00:08:47,443	682,1	
00:08:47,480	682,1	
00:08:47,517	682,1	
00:08:47,555	682,0	
00:08:47,592	682,0	
00:08:47,629	682,0	
00:08:47,666	682,0	
00:08:47,703	682,0	
00:08:47,740	682,0	
00:08:47,777	682,0	
00:08:47,814	682,0	
00:08:47,851	681,9	
00:08:47,888	681,9	
00:08:47,925	681,9	
00:08:47,962	681,9	
00:08:47,999	681,9	
00:08:48,036	681,9	
00:08:48,073	681,9	
00:08:48,110	681,9	
00:08:48,147	681,8	
00:08:48,184	681,8	
00:08:48,221	681,8	
00:08:48,258	681,8	
00:08:48,295	681,8	
00:08:48,332	681,8	
00:08:48,369	681,8	
00:08:48,406	681,7	
00:08:48,443	681,7	
00:08:48,480	681,7	
00:08:48,517	681,7	
00:08:48,555	681,7	
00:08:48,592	681,7	
00:08:48,629	681,7	
00:08:48,666	681,7	
00:08:48,703	681,6	
00:08:48,740	681,6	
00:08:48,777	681,6	
00:08:48,814	681,6	
00:08:48,851	681,6	
00:08:48,888	681,6	
00:08:48,925	681,6	
00:08:48,962	681,6	
00:08:48,999	681,5	
00:08:49,036	681,5	
00:08:49,073	681,5	
00:08:49,110	681,5	
00:08:49,147	681,5	
00:08:49,184	681,5	
00:08:49,221	681,5	
00:08:49,258	681,5	
00:08:49,295	681,4	
00:08:49,332	681,4	
00:08:49,369	681,4	
00:08:49,406	681,4	
00:08:49,443	681,4	
00:08:49,480	681,4	
00:08:49,517	681,4	
00:08:49,555	681,4	
00:08:49,592	681,3	
00:08:49,629	681,3	
00:08:49,666	681,3	
00:08:49,703	681,3	
00:08:49,740	681,3	
00:08:49,777	681,3	
00:08:49,814	681,3	
00:08:49,851	681,3	
00:08:49,888	681,2	
00:08:49,925	681,2	
00:08:49,962	681,2	
00:08:49,999	681,2	
00:08:50,036	681,2	
00:08:50,073	681,2	
00:08:50,110	681,2	
00:08:50,147	681,1	
00:08:50,184	681,1	
00:08:50,221	681,1	
00:08:50,258	681,1	
00:08:50,295	681,1	
00:08:50,332	681,1	
00:08:50,369	681,1	
00:08:50,406	681,1	
00:08:50,443	681,0	
00:08:50,480	681,0	
00:08:50,517	681,0	
00:08:50,555	681,0	
00:08:50,592	681,0	
00:08:50,629	681,0	
00:08:50,666	681,0	
00:08:50,703	681,0	
00:08:50,740	680,9	
00:08:50,777	680,9	
00:08:50,814	680,9	
00:08:50,851	680,9	
00:08:50,888	680,9	
00:08:50,925	680,9	
00:08:50,962	680,9	
00:08:50,999	680,9	
00:08:51,036	680,8	
00:08:51,073	680,8	
00:08:51,110	680,8	
00:08:51,147	680,8	
00:08:51,184	680,8	
00:08:51,221	680,8	
00:08:51,258	680,8	
00:08:51,295	680,8	
00:08:51,332	680,8	
00:08:51,369	680,7	
00:08:51,406	680,7	
00:08:51,443	680,7	
00:08:51,480	680,7	
00:08:51,517	680,7	
00:08:51,555	680,7	
00:08:51,592	680,7	
00:08:51,629	680,6	
00:08:51,666	680,6	
00:08:51,703	680,6	
00:08:51,740	680,6	
00:08:51,777	680,6	
00:08:51,814	680,7	
00:08:51,851	680,7	
00:08:51,888	680,7	
00:08:51,925	680,8	
00:08:51,962	680,8	
00:08:51,999	680,9	
00:08:52,036	680,9	
00:08:52,073	680,9	
00:08:52,110	681,0	
00:08:52,147	681,0	
00:08:52,184	681,0	
00:08:52,221	681,1	
00:08:52,258	681,1	
00:08:52,295	681,2	
00:08:52,332	681,2	
00:08:52,369	681,2	
00:08:52,406	681,2	
00:08:52,443	681,3	
00:08:52,480	681,3	
00:08:52,517	681,4	
00:08:52,555	681,4	
00:08:52,592	681,4	
00:08:52,629	681,5	
00:08:52,666	681,5	
00:08:52,703	681,6	
00:08:52,740	681,6	
00:08:52,777	681,6	
00:08:52,814	681,7	
00:08:52,851	681,7	
00:08:52,888	681,7	
00:08:52,925	681,8	
00:08:52,962	681,8	
00:08:52,999	681,9	
00:08:53,036	681,9	
00:08:53,073	681,9	
00:08:53,110	682,0	
00:08:53,147	682,0	
00:08:53,184	682,0	
00:08:53,221	682,1	
00:08:53,258	682,1	
00:08:53,295	682,2	
00:08:53,332	682,2	
00:08:53,369	682,2	
00:08:53,406	682,2	
00:08:53,443	682,3	
00:08:53,480	682,3	
00:08:53,517	682,4	
00:08:53,555	682,4	
00:08:53,592	682,4	
00:08:53,629	682,5	
00:08:53,666	682,5	
00:08:53,703	682,6	
00:08:53,740	682,6	
00:08:53,777	682,6	
00:08:53,814	682,7	
00:08:53,851	682,7	
00:08:53,888	682,7	
00:08:53,925	682,8	
00:08:53,962	682,8	
00:08:53,999	682,9	
00:08:54,036	682,9	
00:08:54,073	682,9	
00:08:54,110	683,0	
00:08:54,147	683,0	
00:08:54,184	683,0	
00:08:54,221	683,1	
00:08:54,258	683,1	
00:08:54,295	683,1	
00:08:54,332	683,1	
00:08:54,369	683,2	
00:08:54,406	683,2	
00:08:54,443	683,3	
00:08:54,480	683,3	
00:08:54,517	683,4	
00:08:54,555	683,4	
00:08:54,592	683,4	
00:08:54,629	683,4	
00:08:54,666	683,5	
00:08:54,703	683,6	
00:08:54,740	683,6	
00:08:54,777	683,6	
00:08:54,814	683,7	
00:08:54,851	683,7	
00:08:54,888	683,7	
00:08:54,925	683,8	
00:08:54,962	683,8	
00:08:54,999	683,9	
00:08:55,036	683,9	
00:08:55,073	683,9	
00:08:55,110	684,0	
00:08:55,147	684,0	
00:08:55,184	684,0	
00:08:55,221	684,1	
00:08:55,258	684,1	
00:08:55,295	684,1	
00:08:55,332	684,1	
00:08:55,369	684,2	
00:08:55,406	684,2	
00:08:55,443	684,3	
00:08:55,480	684,3	
00:08:55,517	684,4	
00:08:55,555	684,4	
00:08:55,592	684,4	
00:08:55,629	684,4	
00:08:55,666	684,5	
00:08:55,703	684,5	
00:08:55,740	684,6	
00:08:55,777	684,6	
00:08:55,814	684,7	
00:08:55,851	684,7	
00:08:55,888	684,7	
00:08:55,925	684,8	
00:08:55,962	684,8	
00:08:55,999	684,8	
00:08:56,036	684,9	
00:08:56,073	684,9	
00:08:56,110	685,0	
00:08:56,147	685,0	
00:08:56,184	685,0	
00:08:56,221	685,1	
00:08:56,258	685,1	
00:08:56,295	685,1	
00:08:56,332	685,1	
00:08:56,369	685,2	
00:08:56,406	685,2	
00:08:56,443	685,3	
00:08:56,480	685,3	
00:08:56,517	685,4	
00:08:56,555	685,4	
00:08:56,592	685,4	
00:08:56,629	685,4	
00:08:56,666	685,5	
00:08:56,703	685,5	
00:08:56,740	685,6	
00:08:56,777	685,6	
00:08:56,814	685,7	
00:08:56,851	685,7	
00:08:56,888	685,7	
00:08:56,925	685,8	
00:08:56,962	685,8	
00:08:56,999	685,8	
00:08:57,036	685,9	
00:08:57,073	685,9	
00:08:57,110	686,0	
00:08:57,147	686,0	
00:08:57,184	686,0	
00:08:57,221	686,1	
00:08:57,258	686,1	
00:08:57,295	686,1	
00:08:57,332	686,2	
00:08:57,369	686,2	
00:08:57,406	686,2	
00:08:57,443	686,3	
00:08:57,480	686,3	
00:08:57,517	686,4	
00:08:57,555	686,4	
00:08:57,592	686,4	
00:08:57,629	686,4	
00:08:57,666	686,5	
00:08:57,703	686,5	
00:08:57,740	686,6	
00:08:57,777	686,6	
00:08:57,814	686,7	
00:08:57,851	686,7	
00:08:57,888	686,7	
00:08:57,925	686,8	
00:08:57,962	686,8	
00:08:57,999	686,8	
00:08:58,036	686,9	
00:08:58,073	686,9	
00:08:58,110	687,0	
00:08:58,147	687,0	
00:08:58,184	687,0	
00:08:58,221	687,1	
00:08:58,258	687,1	
00:08:58,295	687,1	
00:08:58,332	687,2	
00:08:58,369	687,2	
00:08:58,406	687,2	
00:08:58,443	687,3	
00:08:58,480	687,3	
00:08:58,517	687,4	
00:08:58,555	687,4	
00:08:58,592	687,4	
00:08:58,629	687,4	
00:08:58,666	687,5	
00:08:58,703	687,5	
00:08:58,740	687,6	
00:08:58,777	687,6	
00:08:58,814	687,7	
00:08:58,851	687,7	
00:08:58,888	687,7	
00:08:58,925	687,8	
00:08:58,962	687,8	
00:08:58,999	687,8	
00:08:59,036	687,9	
00:08:59,073	687,9	
00:08:59,110	688,0	
00:08:59,147	688,0	
00:08:59,184	688,0	
00:08:59,221	688,1	
00:08:59,258	688,1	
00:08:59,295	688,1	
00:08:59,332	688,2	
00:08:59,369	688,2	
00:08:59,406	688,2	
00:08:59,443	688,3	
00:08:59,480	688,3	
00:08:59,517	688,4	
00:08:59,555	688,4	
00:08:59,592	688,4	
00:08:59,629	688,4	
00:08:59,666	688,5	
00:08:59,703	688,5	
00:08:59,740	688,6	
00:08:59,777	688,6	
00:08:59,814	688,7	
00:08:59,851	688,7	
00:08:59,888	688,7	
00:08:59,925	688,8	
00:08:59,962	688,8	
00:08:59,999	688,8	
00:09:00,036	688,9	
00:09:00,073	688,9	
00:09:00,110	688,9	
00:09:00,147	689,0	
00:09:00,184	689,0	
00:09:00,221	689,1	
00:09:00,258	689,1	
00:09:00,295	689,1	
00:09:00,332	689,2	
00:09:00,369	689,2	
00:09:00,406	689,2	
00:09:00,443	689,3	
00:09:00,480	689,3	
00:09:00,517	689,4	
00:09:00,555	689,4	
00:09:00,592	689,4	
00:09:00,629	689,4	
00:09:00,666	689,5	
00:09:00,703	689,5	
00:09:00,740	689,6	
00:09:00,777	689,6	
00:09:00,814	689,7	
00:09:00,851	689,7	
00:09:00,888	689,7	
00:09:00,925	689,7	
00:09:00,962	689,8	
00:09:00,999	689,8	
00:09:01,036	689,9	
00:09:01,073	689,9	
00:09:01,110	689,9	
00:09:01,147	690,0	
00:09:01,184	690,0	
00:09:01,221	690,1	
00:09:01,258	690,1	
00:09:01,295	690,1	
00:09:01,332	690,2	
00:09:01,369	690,2	
00:09:01,406	690,2	
00:09:01,443	690,3	
00:09:01,480	690,3	
00:09:01,517	690,4	
00:09:01,555	690,4	
00:09:01,592	690,4	
00:09:01,629	690,4	
00:09:01,666	690,5	
00:09:01,703	690,5	
00:09:01,740	690,6	
00:09:01,777	690,6	
00:09:01,814	690,6	
00:09:01,851	690,6	
00:09:01,888	690,7	
00:09:01,925	690,7	
00:09:01,962	690,8	
00:09:01,999	690,8	
00:09:02,036	690,9	
00:09:02,073	690,9	
00:09:02,110	690,9	
00:09:02,147	691,0	
00:09:02,184	691,0	
00:09:02,221	691,1	
00:09:02,258	691,1	
00:09:02,295	691,1	
00:09:02,332	691,2	
00:09:02,369	691,2	
00:09:02,406	691,2	
00:09:02,443	691,3	
00:09:02,480	691,3	
00:09:02,517	691,4	
00:09:02,555	691,4	
00:09:02,592	691,4	
00:09:02,629	691,4	
00:09:02,666	691,5	
00:09:02,703	691,5	
00:09:02,740	691,6	
00:09:02,777	691,6	
00:09:02,814	691,6	
00:09:02,851	691,6	
00:09:02,888	691,7	
00:09:02,925	691,7	
00:09:02,962	691,8	
00:09:02,999	691,8	
00:09:03,036	691,9	
00:09:03,073	691,9	
00:09:03,110	691,9	
00:09:03,147	692,0	
00:09:03,184	692,0	
00:09:03,221	692,1	
00:09:03,258	692,1	
00:09:03,295	692,1	
00:09:03,332	692,2	
00:09:03,369	692,2	
00:09:03,406	692,2	
00:09:03,443	692,3	
00:09:03,480	692,3	
00:09:03,517	692,3	
00:09:03,555	692,4	
00:09:03,592	692,4	
00:09:03,629	692,5	
00:09:03,666	692,5	
00:09:03,703	692,5	
00:09:03,740	692,6	
00:09:03,777	692,6	
00:09:03,814	692,6	
00:09:03,851	692,6	
00:09:03,888	692,7	
00:09:03,925	692,7	
00:09:03,962	692,8	
00:09:03,999	692,8	
00:09:04,036	692,9	
00:09:04,073	692,9	
00:09:04,110	692,9	
00:09:04,147	693,0	
00:09:04,184	693,0	
00:09:04,221	693,0	
00:09:04,258	693,1	
00:09:04,295	693,1	
00:09:04,332	693,2	
00:09:04,369	693,2	
00:09:04,406	693,2	
00:09:04,443	693,3	
00:09:04,480	693,3	
00:09:04,517	693,3	
00:09:04,555	693,4	
00:09:04,592	693,4	
00:09:04,629	693,5	
00:09:04,666	693,5	
00:09:04,703	693,5	
00:09:04,740	693,6	
00:09:04,777	693,6	
00:09:04,814	693,6	
00:09:04,851	693,6	
00:09:04,888	693,7	
00:09:04,925	693,7	
00:09:04,962	693,8	
00:09:04,999	693,8	
00:09:05,036	693,9	
00:09:05,073	693,9	
00:09:05,110	693,9	
00:09:05,147	694,0	
00:09:05,184	694,0	
00:09:05,221	694,0	
00:09:05,258	694,1	
00:09:05,295	694,1	
00:09:05,332	694,2	
00:09:05,369	694,2	
00:09:05,406	694,2	
00:09:05,443	694,3	
00:09:05,480	694,3	
00:09:05,517	694,3	
00:09:05,555	694,4	
00:09:05,592	694,4	
00:09:05,629	694,5	
00:09:05,666	694,5	
00:09:05,703	694,5	
00:09:05,740	694,6	
00:09:05,777	694,6	
00:09:05,814	694,6	
00:09:05,851	694,6	
00:09:05,888	694,7	
00:09:05,925	694,7	
00:09:05,962	694,8	
00:09:05,999	694,8	
00:09:06,036	694,9	
00:09:06,073	694,9	
00:09:06,110	694,9	
00:09:06,147	694,9	
00:09:06,184	695,0	
00:09:06,221	695,0	
00:09:06,258	695,1	
00:09:06,295	695,1	
00:09:06,332	695,2	
00:09:06,369	695,2	
00:09:06,406	695,2	
00:09:06,443	695,3	
00:09:06,480	695,3	
00:09:06,517	695,3	
00:09:06,555	695,4	
00:09:06,592	695,4	
00:09:06,629	695,5	
00:09:06,666	695,5	
00:09:06,703	695,5	
00:09:06,740	695,6	
00:09:06,777	695,6	
00:09:06,814	695,6	
00:09:06,851	695,6	
00:09:06,888	695,7	
00:09:06,925	695,7	
00:09:06,962	695,8	
00:09:06,999	695,8	
00:09:07,036	695,9	
00:09:07,073	695,9	
00:09:07,110	695,9	
00:09:07,147	695,9	
00:09:07,184	696,0	
00:09:07,221	696,0	
00:09:07,258	696,1	
00:09:07,295	696,1	
00:09:07,332	696,2	
00:09:07,369	696,2	
00:09:07,406	696,2	
00:09:07,443	696,3	
00:09:07,480	696,3	
00:09:07,517	696,3	
00:09:07,555	696,4	
00:09:07,592	696,4	
00:09:07,629	696,4	
00:09:07,666	696,5	
00:09:07,703	696,5	
00:09:07,740	696,6	
00:09:07,777	696,6	
00:09:07,814	696,6	
00:09:07,851	696,6	
00:09:07,888	696,7	
00:09:07,925	696,7	
00:09:07,962	696,8	
00:09:07,999	696,8	
00:09:08,036	696,9	
00:09:08,073	696,9	
00:09:08,110	696,9	
00:09:08,147	696,9	
00:09:08,184	697,0	
00:09:08,221	697,0	
00:09:08,258	697,1	
00:09:08,295	697,1	
00:09:08,332	697,2	
00:09:08,369	697,2	
00:09:08,406	697,2	
00:09:08,443	697,3	
00:09:08,480	697,3	
00:09:08,517	697,3	
00:09:08,555	697,4	
00:09:08,592	697,4	
00:09:08,629	697,4	
00:09:08,666	697,5	
00:09:08,703	697,5	
00:09:08,740	697,6	
00:09:08,777	697,6	
00:09:08,814	697,6	
00:09:08,851	697,7	
00:09:08,888	697,7	
00:09:08,925	697,7	
00:09:08,962	697,8	
00:09:08,999	697,8	
00:09:09,036	697,9	
00:09:09,073	697,9	
00:09:09,110	697,9	
00:09:09,147	697,9	
00:09:09,184	698,0	
00:09:09,221	698,0	
00:09:09,258	698,1	
00:09:09,295	698,1	
00:09:09,332	698,1	
00:09:09,369	698,2	
00:09:09,406	698,2	
00:09:09,443	698,3	
00:09:09,480	698,3	
00:09:09,517	698,3	
00:09:09,555	698,4	
00:09:09,592	698,4	
00:09:09,629	698,4	
00:09:09,666	698,5	
00:09:09,703	698,5	
00:09:09,740	698,6	
00:09:09,777	698,6	
00:09:09,814	698,6	
00:09:09,851	698,7	
00:09:09,888	698,7	
00:09:09,925	698,7	
00:09:09,962	698,8	
00:09:09,999	698,8	
00:09:10,036	698,8	
00:09:10,073	698,8	
00:09:10,110	698,9	
00:09:10,147	698,9	
00:09:10,184	699,0	
00:09:10,221	699,0	
00:09:10,258	699,1	
00:09:10,295	699,1	
00:09:10,332	699,1	
00:09:10,369	699,2	
00:09:10,406	699,2	
00:09:10,443	699,3	
00:09:10,480	699,3	
00:09:10,517	699,3	
00:09:10,555	699,4	
00:09:10,592	699,4	
00:09:10,629	699,4	
00:09:10,666	699,5	
00:09:10,703	699,5	
00:09:10,740	699,6	
00:09:10,777	699,6	
00:09:10,814	699,6	
00:09:10,851	699,7	
00:09:10,888	699,7	
00:09:10,925	699,7	
00:09:10,962	699,8	
00:09:10,999	699,8	
00:09:11,036	699,8	
00:09:11,073	699,8	
00:09:11,110	699,9	
00:09:11,147	699,9	
00:09:11,184	700,0	
00:09:11,221	700,0	
00:09:11,258	700,1	
00:09:11,295	700,1	
00:09:11,332	700,1	
00:09:11,369	700,1	
00:09:11,406	700,2	
00:09:11,443	700,3	
00:09:11,480	700,3	
00:09:11,517	700,3	
00:09:11,555	700,4	
00:09:11,592	700,4	
00:09:11,629	700,4	
00:09:11,666	700,5	
00:09:11,703	700,5	
00:09:11,740	700,5	
00:09:11,777	700,6	
00:09:11,814	700,6	
00:09:11,851	700,7	
00:09:11,888	700,7	
00:09:11,925	700,7	
00:09:11,962	700,8	
00:09:11,999	700,8	
00:09:12,036	700,8	
00:09:12,073	700,8	
00:09:12,110	700,9	
00:09:12,147	700,9	
00:09:12,184	701,0	
00:09:12,221	701,0	
00:09:12,258	701,1	
00:09:12,295	701,1	
00:09:12,332	701,1	
00:09:12,369	701,1	
00:09:12,406	701,2	
00:09:12,443	701,2	
00:09:12,480	701,3	
00:09:12,517	701,3	
00:09:12,555	701,4	
00:09:12,592	701,4	
00:09:12,629	701,4	
00:09:12,666	701,5	
00:09:12,703	701,5	
00:09:12,740	701,5	
00:09:12,777	701,6	
00:09:12,814	701,6	
00:09:12,851	701,7	
00:09:12,888	701,7	
00:09:12,925	701,7	
00:09:12,962	701,8	
00:09:12,999	701,8	
00:09:13,036	701,8	
00:09:13,073	701,8	
00:09:13,110	701,9	
00:09:13,147	701,9	
00:09:13,184	702,0	
00:09:13,221	702,0	
00:09:13,258	702,1	
00:09:13,295	702,1	
00:09:13,332	702,1	
00:09:13,369	702,1	
00:09:13,406	702,2	
00:09:13,443	702,2	
00:09:13,480	702,3	
00:09:13,517	702,3	
00:09:13,555	702,4	
00:09:13,592	702,4	
00:09:13,629	702,4	
00:09:13,666	702,5	
00:09:13,703	702,5	
00:09:13,740	702,5	
00:09:13,777	702,6	
00:09:13,814	702,6	
00:09:13,851	702,7	
00:09:13,888	702,7	
00:09:13,925	702,7	
00:09:13,962	702,8	
00:09:13,999	702,8	
00:09:14,036	702,8	
00:09:14,073	702,9	
00:09:14,110	702,9	
00:09:14,147	702,9	
00:09:14,184	703,0	
00:09:14,221	703,0	
00:09:14,258	703,1	
00:09:14,295	703,1	
00:09:14,332	703,1	
00:09:14,369	703,1	
00:09:14,406	703,2	
00:09:14,443	703,2	
00:09:14,480	703,3	
00:09:14,517	703,3	
00:09:14,555	703,4	
00:09:14,592	703,4	
00:09:14,629	703,4	
00:09:14,666	703,5	
00:09:14,703	703,5	
00:09:14,740	703,5	
00:09:14,777	703,6	
00:09:14,814	703,6	
00:09:14,851	703,7	
00:09:14,888	703,7	
00:09:14,925	703,7	
00:09:14,962	703,8	
00:09:14,999	703,8	
00:09:15,036	703,8	
00:09:15,073	703,9	
00:09:15,110	703,9	
00:09:15,147	703,9	
00:09:15,184	704,0	
00:09:15,221	704,0	
00:09:15,258	704,1	
00:09:15,295	704,1	
00:09:15,332	704,1	
00:09:15,369	704,1	
00:09:15,406	704,2	
00:09:15,443	704,2	
00:09:15,480	704,3	
00:09:15,517	704,3	
00:09:15,555	704,4	
00:09:15,592	704,4	
00:09:15,629	704,4	
00:09:15,666	704,5	
00:09:15,703	704,5	
00:09:15,740	704,5	
00:09:15,777	704,6	
00:09:15,814	704,6	
00:09:15,851	704,6	
00:09:15,888	704,7	
00:09:15,925	704,7	
00:09:15,962	704,8	
00:09:15,999	704,8	
00:09:16,036	704,8	
00:09:16,073	704,9	
00:09:16,110	704,9	
00:09:16,147	704,9	
00:09:16,184	705,0	
00:09:16,221	705,0	
00:09:16,258	705,1	
00:09:16,295	705,1	
00:09:16,332	705,1	
00:09:16,369	705,1	
00:09:16,406	705,2	
00:09:16,443	705,2	
00:09:16,480	705,3	
00:09:16,517	705,3	
00:09:16,554	705,4	
00:09:16,592	705,4	
00:09:16,629	705,4	
00:09:16,666	705,5	
00:09:16,703	705,5	
00:09:16,740	705,5	
00:09:16,777	705,6	
00:09:16,814	705,6	
00:09:16,851	705,6	
00:09:16,888	705,7	
00:09:16,925	705,7	
00:09:16,962	705,8	
00:09:16,999	705,8	
00:09:17,036	705,8	
00:09:17,073	705,9	
00:09:17,110	705,9	
00:09:17,147	705,9	
00:09:17,184	706,0	
00:09:17,221	706,0	
00:09:17,258	706,1	
00:09:17,295	706,1	
00:09:17,332	706,1	
00:09:17,369	706,1	
00:09:17,406	706,2	
00:09:17,443	706,2	
00:09:17,480	706,3	
00:09:17,517	706,3	
00:09:17,554	706,3	
00:09:17,592	706,3	
00:09:17,629	706,4	
00:09:17,666	706,4	
00:09:17,703	706,5	
00:09:17,740	706,5	
00:09:17,777	706,6	
00:09:17,814	706,6	
00:09:17,851	706,6	
00:09:17,888	706,7	
00:09:17,925	706,7	
00:09:17,962	706,8	
00:09:17,999	706,8	
00:09:18,036	706,8	
00:09:18,073	706,9	
00:09:18,110	706,9	
00:09:18,147	706,9	
00:09:18,184	707,0	
00:09:18,221	707,0	
00:09:18,258	707,1	
00:09:18,295	707,1	
00:09:18,332	707,1	
00:09:18,369	707,1	
00:09:18,406	707,2	
00:09:18,443	707,2	
00:09:18,480	707,3	
00:09:18,517	707,3	
00:09:18,554	707,3	
00:09:18,592	707,3	
00:09:18,629	707,4	
00:09:18,666	707,4	
00:09:18,703	707,5	
00:09:18,740	707,5	
00:09:18,777	707,6	
00:09:18,814	707,6	
00:09:18,851	707,6	
00:09:18,888	707,7	
00:09:18,925	707,7	
00:09:18,962	707,8	
00:09:18,999	707,8	
00:09:19,036	707,8	
00:09:19,073	707,9	
00:09:19,110	707,9	
00:09:19,147	707,9	
00:09:19,184	708,0	
00:09:19,221	708,0	
00:09:19,258	708,0	
00:09:19,295	708,1	
00:09:19,332	708,1	
00:09:19,369	708,1	
00:09:19,406	708,2	
00:09:19,443	708,2	
00:09:19,480	708,3	
00:09:19,517	708,3	
00:09:19,554	708,3	
00:09:19,592	708,3	
00:09:19,629	708,4	
00:09:19,666	708,4	
00:09:19,703	708,5	
00:09:19,740	708,5	
00:09:19,777	708,6	
00:09:19,814	708,6	
00:09:19,851	708,6	
00:09:19,888	708,7	
00:09:19,925	708,7	
00:09:19,962	708,8	
00:09:19,999	708,8	
00:09:20,036	708,8	
00:09:20,073	708,9	
00:09:20,110	708,9	
00:09:20,147	708,9	
00:09:20,184	709,0	
00:09:20,221	709,0	
00:09:20,258	709,0	
00:09:20,295	709,1	
00:09:20,332	709,1	
00:09:20,369	709,2	
00:09:20,406	709,2	
00:09:20,443	709,2	
00:09:20,480	709,3	
00:09:20,517	709,3	
00:09:20,554	709,3	
00:09:20,592	709,3	
00:09:20,629	709,4	
00:09:20,666	709,4	
00:09:20,703	709,5	
00:09:20,740	709,5	
00:09:20,777	709,6	
00:09:20,814	709,6	
00:09:20,851	709,6	
00:09:20,888	709,7	
00:09:20,925	709,7	
00:09:20,962	709,7	
00:09:20,999	709,8	
00:09:21,036	709,8	
00:09:21,073	709,9	
00:09:21,110	709,9	
00:09:21,147	709,9	
00:09:21,184	710,0	
00:09:21,221	710,0	
00:09:21,258	710,0	
00:09:21,295	710,1	
00:09:21,332	710,1	
00:09:21,369	710,2	
00:09:21,406	710,2	
00:09:21,443	710,2	
00:09:21,480	710,3	
00:09:21,517	710,3	
00:09:21,554	710,3	
00:09:21,592	710,3	
00:09:21,629	710,4	
00:09:21,666	710,4	
00:09:21,703	710,5	
00:09:21,740	710,5	
00:09:21,777	710,6	
00:09:21,814	710,6	
00:09:21,851	710,6	
00:09:21,888	710,7	
00:09:21,925	710,7	
00:09:21,962	710,7	
00:09:21,999	710,8	
00:09:22,036	710,8	
00:09:22,073	710,9	
00:09:22,110	710,9	
00:09:22,147	710,9	
00:09:22,184	711,0	
00:09:22,221	711,0	
00:09:22,258	711,0	
00:09:22,295	711,1	
00:09:22,332	711,1	
00:09:22,369	711,2	
00:09:22,406	711,2	
00:09:22,443	711,2	
00:09:22,480	711,3	
00:09:22,517	711,3	
00:09:22,554	711,3	
00:09:22,592	711,3	
00:09:22,629	711,4	
00:09:22,666	711,4	
00:09:22,703	711,5	
00:09:22,740	711,5	
00:09:22,777	711,6	
00:09:22,814	711,6	
00:09:22,851	711,6	
00:09:22,888	711,6	
00:09:22,925	711,7	
00:09:22,962	711,7	
00:09:22,999	711,8	
00:09:23,036	711,8	
00:09:23,073	711,9	
00:09:23,110	711,9	
00:09:23,147	711,9	
00:09:23,184	712,0	
00:09:23,221	712,0	
00:09:23,258	712,0	
00:09:23,295	712,1	
00:09:23,332	712,1	
00:09:23,369	712,1	
00:09:23,406	712,2	
00:09:23,443	712,2	
00:09:23,480	712,3	
00:09:23,517	712,3	
00:09:23,554	712,3	
00:09:23,592	712,3	
00:09:23,629	712,4	
00:09:23,666	712,4	
00:09:23,703	712,5	
00:09:23,740	712,5	
00:09:23,777	712,6	
00:09:23,814	712,6	
00:09:23,851	712,6	
00:09:23,888	712,6	
00:09:23,925	712,7	
00:09:23,962	712,7	
00:09:23,999	712,8	
00:09:24,036	712,8	
00:09:24,073	712,9	
00:09:24,110	712,9	
00:09:24,147	712,9	
00:09:24,184	713,0	
00:09:24,221	713,0	
00:09:24,258	713,0	
00:09:24,295	713,1	
00:09:24,332	713,1	
00:09:24,369	713,1	
00:09:24,406	713,2	
00:09:24,443	713,2	
00:09:24,480	713,3	
00:09:24,517	713,3	
00:09:24,554	713,3	
00:09:24,592	713,3	
00:09:24,629	713,4	
00:09:24,666	713,4	
00:09:24,703	713,5	
00:09:24,740	713,5	
00:09:24,777	713,6	
00:09:24,814	713,6	
00:09:24,851	713,6	
00:09:24,888	713,6	
00:09:24,925	713,7	
00:09:24,962	713,7	
00:09:24,999	713,8	
00:09:25,036	713,8	
00:09:25,073	713,8	
00:09:25,110	713,9	
00:09:25,147	713,9	
00:09:25,184	714,0	
00:09:25,221	714,0	
00:09:25,258	714,0	
00:09:25,295	714,1	
00:09:25,332	714,1	
00:09:25,369	714,1	
00:09:25,406	714,2	
00:09:25,443	714,2	
00:09:25,480	714,3	
00:09:25,517	714,3	
00:09:25,554	714,3	
00:09:25,592	714,4	
00:09:25,629	714,4	
00:09:25,666	714,4	
00:09:25,703	714,5	
00:09:25,740	714,5	
00:09:25,777	714,6	
00:09:25,814	714,6	
00:09:25,851	714,6	
00:09:25,888	714,6	
00:09:25,925	714,7	
00:09:25,962	714,7	
00:09:25,999	714,8	
00:09:26,036	714,8	
00:09:26,073	714,8	
00:09:26,110	714,9	
00:09:26,147	714,9	
00:09:26,184	715,0	
00:09:26,221	715,0	
00:09:26,258	715,0	
00:09:26,295	715,1	
00:09:26,332	715,1	
00:09:26,369	715,1	
00:09:26,406	715,2	
00:09:26,443	715,2	
00:09:26,480	715,3	
00:09:26,517	715,3	
00:09:26,554	715,3	
00:09:26,592	715,4	
00:09:26,629	715,4	
00:09:26,666	715,4	
00:09:26,703	715,5	
00:09:26,740	715,5	
00:09:26,777	715,5	
00:09:26,814	715,5	
00:09:26,851	715,6	
00:09:26,888	715,6	
00:09:26,925	715,7	
00:09:26,962	715,7	
00:09:26,999	715,8	
00:09:27,036	715,8	
00:09:27,073	715,8	
00:09:27,110	715,9	
00:09:27,147	715,9	
00:09:27,184	716,0	
00:09:27,221	716,0	
00:09:27,258	716,0	
00:09:27,295	716,1	
00:09:27,332	716,1	
00:09:27,369	716,1	
00:09:27,406	716,2	
00:09:27,443	716,2	
00:09:27,480	716,2	
00:09:27,517	716,3	
00:09:27,554	716,3	
00:09:27,592	716,4	
00:09:27,629	716,4	
00:09:27,666	716,4	
00:09:27,703	716,5	
00:09:27,740	716,5	
00:09:27,777	716,5	
00:09:27,814	716,5	
00:09:27,851	716,6	
00:09:27,888	716,6	
00:09:27,925	716,7	
00:09:27,962	716,7	
00:09:27,999	716,8	
00:09:28,036	716,8	
00:09:28,073	716,8	
00:09:28,110	716,8	
00:09:28,147	716,9	
00:09:28,184	717,0	
00:09:28,221	717,0	
00:09:28,258	717,0	
00:09:28,295	717,1	
00:09:28,332	717,1	
00:09:28,369	717,1	
00:09:28,406	717,2	
00:09:28,443	717,2	
00:09:28,480	717,2	
00:09:28,517	717,3	
00:09:28,554	717,3	
00:09:28,592	717,4	
00:09:28,629	717,4	
00:09:28,666	717,4	
00:09:28,703	717,5	
00:09:28,740	717,5	
00:09:28,777	717,5	
00:09:28,814	717,5	
00:09:28,851	717,6	
00:09:28,888	717,6	
00:09:28,925	717,7	
00:09:28,962	717,7	
00:09:28,999	717,8	
00:09:29,036	717,8	
00:09:29,073	717,8	
00:09:29,110	717,8	
00:09:29,147	717,9	
00:09:29,184	717,9	
00:09:29,221	718,0	
00:09:29,258	718,0	
00:09:29,295	718,1	
00:09:29,332	718,1	
00:09:29,369	718,1	
00:09:29,406	718,2	
00:09:29,443	718,2	
00:09:29,480	718,2	
00:09:29,517	718,3	
00:09:29,554	718,3	
00:09:29,592	718,4	
00:09:29,629	718,4	
00:09:29,666	718,4	
00:09:29,703	718,5	
00:09:29,740	718,5	
00:09:29,777	718,5	
00:09:29,814	718,5	
00:09:29,851	718,6	
00:09:29,888	718,6	
00:09:29,925	718,7	
00:09:29,962	718,7	
00:09:29,999	718,8	
00:09:30,036	718,8	
00:09:30,073	718,8	
00:09:30,110	718,8	
00:09:30,147	718,9	
00:09:30,184	718,9	
00:09:30,221	719,0	
00:09:30,258	719,0	
00:09:30,295	719,1	
00:09:30,332	719,1	
00:09:30,369	719,1	
00:09:30,406	719,2	
00:09:30,443	719,2	
00:09:30,480	719,2	
00:09:30,517	719,3	
00:09:30,554	719,3	
00:09:30,592	719,4	
00:09:30,629	719,4	
00:09:30,666	719,4	
00:09:30,703	719,5	
00:09:30,740	719,5	
00:09:30,777	719,5	
00:09:30,814	719,6	
00:09:30,851	719,6	
00:09:30,888	719,6	
00:09:30,925	719,7	
00:09:30,962	719,7	
00:09:30,999	719,8	
00:09:31,036	719,8	
00:09:31,073	719,8	
00:09:31,110	719,8	
00:09:31,147	719,9	
00:09:31,184	719,9	
00:09:31,221	720,0	
00:09:31,258	720,0	
00:09:31,295	720,1	
00:09:31,332	720,1	
00:09:31,369	720,1	
00:09:31,406	720,2	
00:09:31,443	720,2	
00:09:31,480	720,2	
00:09:31,517	720,3	
00:09:31,554	720,3	
00:09:31,592	720,4	
00:09:31,629	720,4	
00:09:31,666	720,4	
00:09:31,703	720,5	
00:09:31,740	720,5	
00:09:31,777	720,5	
00:09:31,814	720,6	
00:09:31,851	720,6	
00:09:31,888	720,6	
00:09:31,925	720,7	
00:09:31,962	720,7	
00:09:31,999	720,8	
00:09:32,036	720,8	
00:09:32,073	720,8	
00:09:32,110	720,8	
00:09:32,147	720,9	
00:09:32,184	720,9	
00:09:32,221	721,0	
00:09:32,258	721,0	
00:09:32,295	721,1	
00:09:32,332	721,1	
00:09:32,369	721,1	
00:09:32,406	721,2	
00:09:32,443	721,2	
00:09:32,480	721,2	
00:09:32,517	721,2	
00:09:32,554	721,3	
00:09:32,592	721,3	
00:09:32,629	721,3	
00:09:32,666	721,3	
00:09:32,703	721,3	
00:09:32,740	721,4	
00:09:32,777	721,4	
00:09:32,814	721,4	
00:09:32,851	721,4	
00:09:32,888	721,5	
00:09:32,925	721,5	
00:09:32,962	721,5	
00:09:32,999	721,5	
00:09:33,036	721,5	
00:09:33,073	721,6	
00:09:33,110	721,6	
00:09:33,147	721,6	
00:09:33,184	721,6	
00:09:33,221	721,6	
00:09:33,258	721,6	
00:09:33,295	721,7	
00:09:33,332	721,7	
00:09:33,369	721,7	
00:09:33,406	721,7	
00:09:33,443	721,8	
00:09:33,480	721,8	
00:09:33,517	721,8	
00:09:33,554	721,8	
00:09:33,592	721,9	
00:09:33,629	721,9	
00:09:33,666	721,9	
00:09:33,703	721,9	
00:09:33,740	721,9	
00:09:33,777	722,0	
00:09:33,814	722,0	
00:09:33,851	722,0	
00:09:33,888	722,0	
00:09:33,925	722,0	
00:09:33,962	722,1	
00:09:33,999	722,1	
00:09:34,036	722,1	
00:09:34,073	722,1	
00:09:34,110	722,1	
00:09:34,147	722,2	
00:09:34,184	722,2	
00:09:34,221	722,2	
00:09:34,258	722,2	
00:09:34,295	722,3	
00:09:34,332	722,3	
00:09:34,369	722,3	
00:09:34,406	722,3	
00:09:34,443	722,3	
00:09:34,480	722,4	
00:09:34,517	722,4	
00:09:34,554	722,4	
00:09:34,592	722,4	
00:09:34,629	722,4	
00:09:34,666	722,5	
00:09:34,703	722,5	
00:09:34,740	722,5	
00:09:34,777	722,5	
00:09:34,814	722,5	
00:09:34,851	722,6	
00:09:34,888	722,6	
00:09:34,925	722,6	
00:09:34,962	722,6	
00:09:34,999	722,7	
00:09:35,036	722,7	
00:09:35,073	722,7	
00:09:35,110	722,7	
00:09:35,147	722,7	
00:09:35,184	722,7	
00:09:35,221	722,8	
00:09:35,258	722,8	
00:09:35,295	722,8	
00:09:35,332	722,8	
00:09:35,369	722,9	
00:09:35,406	722,9	
00:09:35,443	722,9	
00:09:35,480	722,9	
00:09:35,517	723,0	
00:09:35,554	723,0	
00:09:35,592	723,0	
00:09:35,629	723,0	
00:09:35,666	723,0	
00:09:35,703	723,1	
00:09:35,740	723,1	
00:09:35,777	723,1	
00:09:35,814	723,1	
00:09:35,851	723,1	
00:09:35,888	723,2	
00:09:35,925	723,2	
00:09:35,962	723,2	
00:09:35,999	723,2	
00:09:36,036	723,2	
00:09:36,073	723,3	
00:09:36,110	723,3	
00:09:36,147	723,3	
00:09:36,184	723,3	
00:09:36,221	723,4	
00:09:36,258	723,4	
00:09:36,295	723,4	
00:09:36,332	723,4	
00:09:36,369	723,4	
00:09:36,406	723,4	
00:09:36,443	723,5	
00:09:36,480	723,5	
00:09:36,517	723,5	
00:09:36,554	723,5	
00:09:36,592	723,6	
00:09:36,629	723,6	
00:09:36,666	723,6	
00:09:36,703	723,6	
00:09:36,740	723,6	
00:09:36,777	723,7	
00:09:36,814	723,7	
00:09:36,851	723,7	
00:09:36,888	723,7	
00:09:36,925	723,8	
00:09:36,962	723,8	
00:09:36,999	723,8	
00:09:37,036	723,8	
00:09:37,073	723,8	
00:09:37,110	723,9	
00:09:37,147	723,9	
00:09:37,184	723,9	
00:09:37,221	723,9	
00:09:37,258	723,9	
00:09:37,295	724,0	
00:09:37,332	724,0	
00:09:37,369	724,0	
00:09:37,406	724,0	
00:09:37,443	724,0	
00:09:37,480	724,0	
00:09:37,517	724,1	
00:09:37,554	724,1	
00:09:37,592	724,1	
00:09:37,629	724,2	
00:09:37,666	724,2	
00:09:37,703	724,2	
00:09:37,740	724,2	
00:09:37,777	724,2	
00:09:37,814	724,3	
00:09:37,851	724,3	
00:09:37,888	724,3	
00:09:37,925	724,3	
00:09:37,962	724,3	
00:09:37,999	724,4	
00:09:38,036	724,4	
00:09:38,073	724,4	
00:09:38,110	724,4	
00:09:38,147	724,4	
00:09:38,184	724,4	
00:09:38,221	724,5	
00:09:38,258	724,5	
00:09:38,295	724,5	
00:09:38,332	724,5	
00:09:38,369	724,6	
00:09:38,406	724,6	
00:09:38,443	724,6	
00:09:38,480	724,6	
00:09:38,517	724,7	
00:09:38,554	724,7	
00:09:38,592	724,7	
00:09:38,629	724,7	
00:09:38,666	724,7	
00:09:38,703	724,8	
00:09:38,740	724,8	
00:09:38,777	724,8	
00:09:38,814	724,8	
00:09:38,851	724,8	
00:09:38,888	724,9	
00:09:38,925	724,9	
00:09:38,962	724,9	
00:09:38,999	724,9	
00:09:39,036	725,0	
00:09:39,073	725,0	
00:09:39,110	725,0	
00:09:39,147	725,0	
00:09:39,184	725,0	
00:09:39,221	725,1	
00:09:39,258	725,1	
00:09:39,295	725,1	
00:09:39,332	725,1	
00:09:39,369	725,1	
00:09:39,406	725,1	
00:09:39,443	725,2	
00:09:39,480	725,2	
00:09:39,517	725,2	
00:09:39,554	725,2	
00:09:39,592	725,3	
00:09:39,629	725,3	
00:09:39,666	725,3	
00:09:39,703	725,3	
00:09:39,740	725,4	
00:09:39,777	725,4	
00:09:39,814	725,4	
00:09:39,851	725,4	
00:09:39,888	725,4	
00:09:39,925	725,5	
00:09:39,962	725,5	
00:09:39,999	725,5	
00:09:40,036	725,5	
00:09:40,073	725,5	
00:09:40,110	725,6	
00:09:40,147	725,6	
00:09:40,184	725,6	
00:09:40,221	725,6	
00:09:40,258	725,6	
00:09:40,295	725,7	
00:09:40,332	725,7	
00:09:40,369	725,7	
00:09:40,406	725,7	
00:09:40,443	725,8	
00:09:40,480	725,8	
00:09:40,517	725,8	
00:09:40,554	725,8	
00:09:40,592	725,8	
00:09:40,629	725,8	
00:09:40,666	725,9	
00:09:40,703	725,9	
00:09:40,740	725,9	
00:09:40,777	725,9	
00:09:40,814	726,0	
00:09:40,851	726,0	
00:09:40,888	726,0	
00:09:40,925	726,0	
00:09:40,962	726,0	
00:09:40,999	726,1	
00:09:41,036	726,1	
00:09:41,073	726,1	
00:09:41,110	726,1	
00:09:41,147	726,2	
00:09:41,184	726,2	
00:09:41,221	726,2	
00:09:41,258	726,2	
00:09:41,295	726,2	
00:09:41,332	726,2	
00:09:41,369	726,3	
00:09:41,406	726,3	
00:09:41,443	726,3	
00:09:41,480	726,3	
00:09:41,517	726,4	
00:09:41,554	726,4	
00:09:41,592	726,4	
00:09:41,629	726,4	
00:09:41,666	726,4	
00:09:41,703	726,4	
00:09:41,740	726,5	
00:09:41,777	726,5	
00:09:41,814	726,5	
00:09:41,851	726,6	
00:09:41,888	726,6	
00:09:41,925	726,6	
00:09:41,962	726,6	
00:09:41,999	726,6	
00:09:42,036	726,7	
00:09:42,073	726,7	
00:09:42,110	726,7	
00:09:42,147	726,7	
00:09:42,184	726,7	
00:09:42,221	726,8	
00:09:42,258	726,8	
00:09:42,295	726,8	
00:09:42,332	726,8	
00:09:42,369	726,9	
00:09:42,406	726,9	
00:09:42,443	726,9	
00:09:42,480	726,9	
00:09:42,517	726,9	
00:09:42,554	726,9	
00:09:42,592	727,0	
00:09:42,629	727,0	
00:09:42,666	727,0	
00:09:42,703	727,0	
00:09:42,740	727,1	
00:09:42,777	727,1	
00:09:42,814	727,1	
00:09:42,851	727,1	
00:09:42,888	727,1	
00:09:42,925	727,2	
00:09:42,962	727,2	
00:09:42,999	727,2	
00:09:43,036	727,2	
00:09:43,073	727,3	
00:09:43,110	727,3	
00:09:43,147	727,3	
00:09:43,184	727,3	
00:09:43,221	727,3	
00:09:43,258	727,4	
00:09:43,295	727,4	
00:09:43,332	727,4	
00:09:43,369	727,4	
00:09:43,406	727,4	
00:09:43,443	727,5	
00:09:43,480	727,5	
00:09:43,517	727,5	
00:09:43,554	727,5	
00:09:43,592	727,5	
00:09:43,629	727,5	
00:09:43,666	727,6	
00:09:43,703	727,6	
00:09:43,740	727,6	
00:09:43,777	727,6	
00:09:43,814	727,7	
00:09:43,851	727,7	
00:09:43,888	727,7	
00:09:43,925	727,7	
00:09:43,962	727,8	
00:09:43,999	727,8	
00:09:44,036	727,8	
00:09:44,073	727,8	
00:09:44,110	727,8	
00:09:44,147	727,9	
00:09:44,184	727,9	
00:09:44,221	727,9	
00:09:44,258	727,9	
00:09:44,295	727,9	
00:09:44,332	728,0	
00:09:44,369	728,0	
00:09:44,406	728,0	
00:09:44,443	728,0	
00:09:44,480	728,0	
00:09:44,517	728,1	
00:09:44,554	728,1	
00:09:44,592	728,1	
00:09:44,629	728,1	
00:09:44,666	728,2	
00:09:44,703	728,2	
00:09:44,740	728,2	
00:09:44,777	728,2	
00:09:44,814	728,2	
00:09:44,851	728,2	
00:09:44,888	728,3	
00:09:44,925	728,3	
00:09:44,962	728,3	
00:09:44,999	728,3	
00:09:45,036	728,4	
00:09:45,073	728,4	
00:09:45,110	728,4	
00:09:45,147	728,4	
00:09:45,184	728,5	
00:09:45,221	728,5	
00:09:45,258	728,5	
00:09:45,295	728,5	
00:09:45,332	728,5	
00:09:45,369	728,6	
00:09:45,406	728,6	
00:09:45,443	728,6	
00:09:45,480	728,6	
00:09:45,517	728,6	
00:09:45,554	728,6	
00:09:45,592	728,7	
00:09:45,629	728,7	
00:09:45,666	728,7	
00:09:45,703	728,7	
00:09:45,740	728,8	
00:09:45,777	728,8	
00:09:45,814	728,8	
00:09:45,851	728,8	
00:09:45,888	728,9	
00:09:45,925	728,9	
00:09:45,962	728,9	
00:09:45,999	728,9	
00:09:46,036	728,9	
00:09:46,073	729,0	
00:09:46,110	729,0	
00:09:46,147	729,0	
00:09:46,184	729,0	
00:09:46,221	729,0	
00:09:46,258	729,1	
00:09:46,295	729,1	
00:09:46,332	729,1	
00:09:46,369	729,1	
00:09:46,406	729,1	
00:09:46,443	729,2	
00:09:46,480	729,2	
00:09:46,517	729,2	
00:09:46,554	729,2	
00:09:46,592	729,3	
00:09:46,629	729,3	
00:09:46,666	729,3	
00:09:46,703	729,3	
00:09:46,740	729,3	
00:09:46,777	729,3	
00:09:46,814	729,4	
00:09:46,851	729,4	
00:09:46,888	729,4	
00:09:46,925	729,4	
00:09:46,962	729,5	
00:09:46,999	729,5	
00:09:47,036	729,5	
00:09:47,073	729,5	
00:09:47,110	729,5	
00:09:47,147	729,6	
00:09:47,184	729,6	
00:09:47,221	729,6	
00:09:47,258	729,6	
00:09:47,295	729,7	
00:09:47,332	729,7	
00:09:47,369	729,7	
00:09:47,406	729,7	
00:09:47,443	729,7	
00:09:47,480	729,8	
00:09:47,517	729,8	
00:09:47,554	729,8	
00:09:47,592	729,8	
00:09:47,629	729,8	
00:09:47,666	729,9	
00:09:47,703	729,9	
00:09:47,740	729,9	
00:09:47,777	729,9	
00:09:47,814	729,9	
00:09:47,851	729,9	
00:09:47,888	730,0	
00:09:47,925	730,0	
00:09:47,962	730,0	
00:09:47,999	730,0	
00:09:48,036	730,1	
00:09:48,073	730,1	
00:09:48,110	730,1	
00:09:48,147	730,1	
00:09:48,184	730,2	
00:09:48,221	730,2	
00:09:48,258	730,2	
00:09:48,295	730,2	
00:09:48,332	730,2	
00:09:48,369	730,3	
00:09:48,406	730,3	
00:09:48,443	730,3	
00:09:48,480	730,3	
00:09:48,517	730,4	
00:09:48,554	730,4	
00:09:48,592	730,4	
00:09:48,629	730,4	
00:09:48,666	730,4	
00:09:48,703	730,4	
00:09:48,740	730,5	
00:09:48,777	730,5	
00:09:48,814	730,5	
00:09:48,851	730,5	
00:09:48,888	730,6	
00:09:48,925	730,6	
00:09:48,962	730,6	
00:09:48,999	730,6	
00:09:49,036	730,6	
00:09:49,073	730,7	
00:09:49,110	730,7	
00:09:49,147	730,7	
00:09:49,184	730,7	
00:09:49,221	730,8	
00:09:49,258	730,8	
00:09:49,295	730,8	
00:09:49,332	730,8	
00:09:49,369	730,8	
00:09:49,406	730,9	
00:09:49,443	730,9	
00:09:49,480	730,9	
00:09:49,517	730,9	
00:09:49,554	730,9	
00:09:49,592	731,0	
00:09:49,629	731,0	
00:09:49,666	731,0	
00:09:49,703	731,0	
00:09:49,740	731,0	
00:09:49,777	731,0	
00:09:49,814	731,1	
00:09:49,851	731,1	
00:09:49,888	731,1	
00:09:49,925	731,1	
00:09:49,962	731,2	
00:09:49,999	731,2	
00:09:50,036	731,2	
00:09:50,073	731,2	
00:09:50,110	731,3	
00:09:50,147	731,3	
00:09:50,184	731,3	
00:09:50,221	731,3	
00:09:50,258	731,3	
00:09:50,295	731,4	
00:09:50,332	731,4	
00:09:50,369	731,4	
00:09:50,406	731,4	
00:09:50,443	731,4	
00:09:50,480	731,5	
00:09:50,517	731,5	
00:09:50,554	731,5	
00:09:50,592	731,5	
00:09:50,629	731,6	
00:09:50,666	731,6	
00:09:50,703	731,6	
00:09:50,740	731,6	
00:09:50,777	731,6	
00:09:50,814	731,7	
00:09:50,851	731,7	
00:09:50,888	731,7	
00:09:50,925	731,7	
00:09:50,962	731,7	
00:09:50,999	731,7	
00:09:51,036	731,8	
00:09:51,073	731,8	
00:09:51,110	731,8	
00:09:51,147	731,8	
00:09:51,184	731,9	
00:09:51,221	731,9	
00:09:51,258	731,9	
00:09:51,295	731,9	
00:09:51,332	732,0	
00:09:51,369	732,0	
00:09:51,406	732,0	
00:09:51,443	732,0	
00:09:51,480	732,0	
00:09:51,517	732,1	
00:09:51,554	732,1	
00:09:51,592	732,1	
00:09:51,629	732,1	
00:09:51,666	732,1	
00:09:51,703	732,2	
00:09:51,740	732,2	
00:09:51,777	732,2	
00:09:51,814	732,2	
00:09:51,851	732,2	
00:09:51,888	732,3	
00:09:51,925	732,3	
00:09:51,962	732,3	
00:09:51,999	732,3	
00:09:52,036	732,4	
00:09:52,073	732,4	
00:09:52,110	732,4	
00:09:52,147	732,4	
00:09:52,184	732,4	
00:09:52,221	732,5	
00:09:52,258	732,5	
00:09:52,295	732,5	
00:09:52,332	732,5	
00:09:52,369	732,5	
00:09:52,406	732,6	
00:09:52,443	732,6	
00:09:52,480	732,6	
00:09:52,517	732,6	
00:09:52,554	732,6	
00:09:52,592	732,7	
00:09:52,629	732,7	
00:09:52,666	732,7	
00:09:52,703	732,7	
00:09:52,740	732,8	
00:09:52,777	732,8	
00:09:52,814	732,8	
00:09:52,851	732,8	
00:09:52,888	732,8	
00:09:52,925	732,8	
00:09:52,962	732,9	
00:09:52,999	732,9	
00:09:53,036	732,9	
00:09:53,073	732,9	
00:09:53,110	733,0	
00:09:53,147	733,0	
00:09:53,184	733,0	
00:09:53,221	733,0	
00:09:53,258	733,0	
00:09:53,295	733,1	
00:09:53,332	733,1	
00:09:53,369	733,1	
00:09:53,406	733,1	
00:09:53,443	733,2	
00:09:53,480	733,2	
00:09:53,517	733,2	
00:09:53,554	733,2	
00:09:53,591	733,2	
00:09:53,629	733,3	
00:09:53,666	733,3	
00:09:53,703	733,3	
00:09:53,740	733,3	
00:09:53,777	733,3	
00:09:53,814	733,4	
00:09:53,851	733,4	
00:09:53,888	733,4	
00:09:53,925	733,4	
00:09:53,962	733,4	
00:09:53,999	733,4	
00:09:54,036	733,5	
00:09:54,073	733,5	
00:09:54,110	733,5	
00:09:54,147	733,5	
00:09:54,184	733,6	
00:09:54,221	733,6	
00:09:54,258	733,6	
00:09:54,295	733,6	
00:09:54,332	733,7	
00:09:54,369	733,7	
00:09:54,406	733,7	
00:09:54,443	733,7	
00:09:54,480	733,7	
00:09:54,517	733,8	
00:09:54,554	733,8	
00:09:54,591	733,8	
00:09:54,629	733,8	
00:09:54,666	733,9	
00:09:54,703	733,9	
00:09:54,740	733,9	
00:09:54,777	733,9	
00:09:54,814	733,9	
00:09:54,851	734,0	
00:09:54,888	734,0	
00:09:54,925	734,0	
00:09:54,962	734,0	
00:09:54,999	734,0	
00:09:55,036	734,1	
00:09:55,073	734,1	
00:09:55,110	734,1	
00:09:55,147	734,1	
00:09:55,184	734,1	
00:09:55,221	734,1	
00:09:55,258	734,2	
00:09:55,295	734,2	
00:09:55,332	734,2	
00:09:55,369	734,3	
00:09:55,406	734,3	
00:09:55,443	734,3	
00:09:55,480	734,3	
00:09:55,517	734,3	
00:09:55,554	734,4	
00:09:55,591	734,4	
00:09:55,629	734,4	
00:09:55,666	734,4	
00:09:55,703	734,4	
00:09:55,740	734,5	
00:09:55,777	734,5	
00:09:55,814	734,5	
00:09:55,851	734,5	
00:09:55,888	734,5	
00:09:55,925	734,6	
00:09:55,962	734,6	
00:09:55,999	734,6	
00:09:56,036	734,6	
00:09:56,073	734,6	
00:09:56,110	734,7	
00:09:56,147	734,7	
00:09:56,184	734,7	
00:09:56,221	734,7	
00:09:56,258	734,8	
00:09:56,295	734,8	
00:09:56,332	734,8	
00:09:56,369	734,8	
00:09:56,406	734,8	
00:09:56,443	734,9	
00:09:56,480	734,9	
00:09:56,517	734,9	
00:09:56,554	734,9	
00:09:56,591	734,9	
00:09:56,629	735,0	
00:09:56,666	735,0	
00:09:56,703	735,0	
00:09:56,740	735,0	
00:09:56,777	735,1	
00:09:56,814	735,1	
00:09:56,851	735,1	
00:09:56,888	735,1	
00:09:56,925	735,1	
00:09:56,962	735,2	
00:09:56,999	735,2	
00:09:57,036	735,2	
00:09:57,073	735,2	
00:09:57,110	735,2	
00:09:57,147	735,2	
00:09:57,184	735,3	
00:09:57,221	735,3	
00:09:57,258	735,3	
00:09:57,295	735,3	
00:09:57,332	735,4	
00:09:57,369	735,4	
00:09:57,406	735,4	
00:09:57,443	735,4	
00:09:57,480	735,5	
00:09:57,517	735,5	
00:09:57,554	735,5	
00:09:57,591	735,5	
00:09:57,629	735,5	
00:09:57,666	735,6	
00:09:57,703	735,6	
00:09:57,740	735,6	
00:09:57,777	735,6	
00:09:57,814	735,6	
00:09:57,851	735,7	
00:09:57,888	735,7	
00:09:57,925	735,7	
00:09:57,962	735,7	
00:09:57,999	735,7	
00:09:58,036	735,8	
00:09:58,073	735,8	
00:09:58,110	735,8	
00:09:58,147	735,8	
00:09:58,184	735,9	
00:09:58,221	735,9	
00:09:58,258	735,9	
00:09:58,295	735,9	
00:09:58,332	735,9	
00:09:58,369	735,9	
00:09:58,406	736,0	
00:09:58,443	736,0	
00:09:58,480	736,0	
00:09:58,517	736,0	
00:09:58,554	736,1	
00:09:58,591	736,1	
00:09:58,629	736,1	
00:09:58,666	736,1	
00:09:58,703	736,1	
00:09:58,740	736,2	
00:09:58,777	736,2	
00:09:58,814	736,2	
00:09:58,851	736,2	
00:09:58,888	736,3	
00:09:58,925	736,3	
00:09:58,962	736,3	
00:09:58,999	736,3	
00:09:59,036	736,3	
00:09:59,073	736,4	
00:09:59,110	736,4	
00:09:59,147	736,4	
00:09:59,184	736,4	
00:09:59,221	736,4	
00:09:59,258	736,5	
00:09:59,295	736,5	
00:09:59,332	736,5	
00:09:59,369	736,5	
00:09:59,406	736,5	
00:09:59,443	736,5	
00:09:59,480	736,6	
00:09:59,517	736,6	
00:09:59,554	736,6	
00:09:59,591	736,7	
00:09:59,629	736,7	
00:09:59,666	736,7	
00:09:59,703	736,7	
00:09:59,740	736,7	
00:09:59,777	736,8	
00:09:59,814	736,8	
00:09:59,851	736,8	
00:09:59,888	736,8	
00:09:59,925	736,8	
00:09:59,962	736,9	
00:09:59,999	736,9	
00:10:00,036	736,9	
00:10:00,073	736,9	
00:10:00,110	736,9	
00:10:00,147	737,0	
00:10:00,184	737,0	
00:10:00,221	737,0	
00:10:00,258	737,0	
00:10:00,295	737,0	
00:10:00,332	737,1	
00:10:00,369	737,1	
00:10:00,406	737,1	
00:10:00,443	737,1	
00:10:00,480	737,2	
00:10:00,517	737,2	
00:10:00,554	737,2	
00:10:00,591	737,2	
00:10:00,629	737,2	
00:10:00,666	737,3	
00:10:00,703	737,3	
00:10:00,740	737,3	
00:10:00,777	737,3	
00:10:00,814	737,3	
00:10:00,851	737,4	
00:10:00,888	737,4	
00:10:00,925	737,4	
00:10:00,962	737,4	
00:10:00,999	737,5	
00:10:01,036	737,5	
00:10:01,073	737,5	
00:10:01,110	737,5	
00:10:01,147	737,5	
00:10:01,184	737,6	
00:10:01,221	737,6	
00:10:01,258	737,6	
00:10:01,295	737,6	
00:10:01,332	737,6	
00:10:01,369	737,6	
00:10:01,406	737,7	
00:10:01,443	737,7	
00:10:01,480	737,7	
00:10:01,517	737,7	
00:10:01,554	737,8	
00:10:01,591	737,8	
00:10:01,629	737,8	
00:10:01,666	737,8	
00:10:01,703	737,9	
00:10:01,740	737,9	
00:10:01,777	737,9	
00:10:01,814	737,9	
00:10:01,851	737,9	
00:10:01,888	738,0	
00:10:01,925	738,0	
00:10:01,962	738,0	
00:10:01,999	738,0	
00:10:02,036	738,0	
00:10:02,073	738,1	
00:10:02,110	738,1	
00:10:02,147	738,1	
00:10:02,184	738,1	
00:10:02,221	738,2	
00:10:02,258	738,2	
00:10:02,295	738,2	
00:10:02,332	738,2	
00:10:02,369	738,2	
00:10:02,406	738,3	
00:10:02,443	738,3	
00:10:02,480	738,3	
00:10:02,517	738,3	
00:10:02,554	738,3	
00:10:02,591	738,3	
00:10:02,629	738,4	
00:10:02,666	738,4	
00:10:02,703	738,4	
00:10:02,740	738,4	
00:10:02,777	738,5	
00:10:02,814	738,5	
00:10:02,851	738,5	
00:10:02,888	738,5	
00:10:02,925	738,6	
00:10:02,962	738,6	
00:10:02,999	738,6	
00:10:03,036	738,6	
00:10:03,073	738,6	
00:10:03,110	738,7	
00:10:03,147	738,7	
00:10:03,184	738,7	
00:10:03,221	738,7	
00:10:03,258	738,7	
00:10:03,295	738,7	
00:10:03,332	738,8	
00:10:03,369	738,8	
00:10:03,406	738,8	
00:10:03,443	738,8	
00:10:03,480	738,9	
00:10:03,517	738,9	
00:10:03,554	738,9	
00:10:03,591	738,9	
00:10:03,629	739,0	
00:10:03,666	739,0	
00:10:03,703	739,0	
00:10:03,740	739,0	
00:10:03,777	739,0	
00:10:03,814	739,1	
00:10:03,851	739,1	
00:10:03,888	739,1	
00:10:03,925	739,1	
00:10:03,962	739,1	
00:10:03,999	739,2	
00:10:04,036	739,2	
00:10:04,073	739,2	
00:10:04,110	739,2	
00:10:04,147	739,2	
00:10:04,184	739,3	
00:10:04,221	739,3	
00:10:04,258	739,3	
00:10:04,295	739,3	
00:10:04,332	739,4	
00:10:04,369	739,4	
00:10:04,406	739,4	
00:10:04,443	739,4	
00:10:04,480	739,4	
00:10:04,517	739,4	
00:10:04,554	739,5	
00:10:04,591	739,5	
00:10:04,629	739,5	
00:10:04,666	739,5	
00:10:04,703	739,6	
00:10:04,740	739,6	
00:10:04,777	739,6	
00:10:04,814	739,6	
00:10:04,851	739,6	
00:10:04,888	739,7	
00:10:04,925	739,7	
00:10:04,962	739,7	
00:10:04,999	739,7	
00:10:05,036	739,8	
00:10:05,073	739,8	
00:10:05,110	739,8	
00:10:05,147	739,8	
00:10:05,184	739,8	
00:10:05,221	739,9	
00:10:05,258	739,9	
00:10:05,295	739,9	
00:10:05,332	739,9	
00:10:05,369	739,9	
00:10:05,406	740,0	
00:10:05,443	740,0	
00:10:05,480	740,0	
00:10:05,517	740,0	
00:10:05,554	740,0	
00:10:05,591	740,0	
00:10:05,629	740,1	
00:10:05,666	740,1	
00:10:05,703	740,1	
00:10:05,740	740,1	
00:10:05,777	740,2	
00:10:05,814	740,2	
00:10:05,851	740,2	
00:10:05,888	740,2	
00:10:05,925	740,3	
00:10:05,962	740,3	
00:10:05,999	740,3	
00:10:06,036	740,3	
00:10:06,073	740,3	
00:10:06,110	740,4	
00:10:06,147	740,4	
00:10:06,184	740,4	
00:10:06,221	740,4	
00:10:06,258	740,4	
00:10:06,295	740,5	
00:10:06,332	740,5	
00:10:06,369	740,5	
00:10:06,406	740,5	
00:10:06,443	740,5	
00:10:06,480	740,6	
00:10:06,517	740,6	
00:10:06,554	740,6	
00:10:06,591	740,6	
00:10:06,629	740,7	
00:10:06,666	740,7	
00:10:06,703	740,7	
00:10:06,740	740,7	
00:10:06,777	740,7	
00:10:06,814	740,7	
00:10:06,851	740,8	
00:10:06,888	740,8	
00:10:06,925	740,8	
00:10:06,962	740,8	
00:10:06,999	740,9	
00:10:07,036	740,9	
00:10:07,073	740,9	
00:10:07,110	740,9	
00:10:07,147	741,0	
00:10:07,184	741,0	
00:10:07,221	741,0	
00:10:07,258	741,0	
00:10:07,295	741,0	
00:10:07,332	741,1	
00:10:07,369	741,1	
00:10:07,406	741,1	
00:10:07,443	741,1	
00:10:07,480	741,1	
00:10:07,517	741,2	
00:10:07,554	741,2	
00:10:07,591	741,2	
00:10:07,629	741,2	
00:10:07,666	741,3	
00:10:07,703	741,3	
00:10:07,740	741,3	
00:10:07,777	741,3	
00:10:07,814	741,3	
00:10:07,851	741,4	
00:10:07,888	741,4	
00:10:07,925	741,4	
00:10:07,962	741,4	
00:10:07,999	741,4	
00:10:08,036	741,5	
00:10:08,073	741,5	
00:10:08,110	741,5	
00:10:08,147	741,5	
00:10:08,184	741,5	
00:10:08,221	741,6	
00:10:08,258	741,6	
00:10:08,295	741,6	
00:10:08,332	741,6	
00:10:08,369	741,7	
00:10:08,406	741,7	
00:10:08,443	741,7	
00:10:08,480	741,7	
00:10:08,517	741,7	
00:10:08,554	741,8	
00:10:08,591	741,8	
00:10:08,629	741,8	
00:10:08,666	741,8	
00:10:08,703	741,8	
00:10:08,740	741,9	
00:10:08,777	741,9	
00:10:08,814	741,9	
00:10:08,851	741,9	
00:10:08,888	741,9	
00:10:08,925	742,0	
00:10:08,962	742,0	
00:10:08,999	742,0	
00:10:09,036	742,0	
00:10:09,073	742,1	
00:10:09,110	742,1	
00:10:09,147	742,1	
00:10:09,184	742,1	
00:10:09,221	742,1	
00:10:09,258	742,2	
00:10:09,295	742,2	
00:10:09,332	742,2	
00:10:09,369	742,2	
00:10:09,406	742,2	
00:10:09,443	742,3	
00:10:09,480	742,3	
00:10:09,517	742,3	
00:10:09,554	742,3	
00:10:09,591	742,3	
00:10:09,629	742,4	
00:10:09,666	742,4	
00:10:09,703	742,4	
00:10:09,740	742,4	
00:10:09,777	742,5	
00:10:09,814	742,5	
00:10:09,851	742,5	
00:10:09,888	742,5	
00:10:09,925	742,5	
00:10:09,962	742,6	
00:10:09,999	742,6	
00:10:10,036	742,6	
00:10:10,073	742,6	
00:10:10,110	742,6	
00:10:10,147	742,7	
00:10:10,184	742,7	
00:10:10,221	742,7	
00:10:10,258	742,7	
00:10:10,295	742,7	
00:10:10,332	742,8	
00:10:10,369	742,8	
00:10:10,406	742,8	
00:10:10,443	742,8	
00:10:10,480	742,9	
00:10:10,517	742,9	
00:10:10,554	742,9	
00:10:10,591	742,9	
00:10:10,629	742,9	
00:10:10,666	743,0	
00:10:10,703	743,0	
00:10:10,740	743,0	
00:10:10,777	743,0	
00:10:10,814	743,0	
00:10:10,851	743,1	
00:10:10,888	743,1	
00:10:10,925	743,1	
00:10:10,962	743,1	
00:10:10,999	743,1	
00:10:11,036	743,2	
00:10:11,073	743,2	
00:10:11,110	743,2	
00:10:11,147	743,2	
00:10:11,184	743,3	
00:10:11,221	743,3	
00:10:11,258	743,3	
00:10:11,295	743,3	
00:10:11,332	743,3	
00:10:11,369	743,4	
00:10:11,406	743,4	
00:10:11,443	743,4	
00:10:11,480	743,4	
00:10:11,517	743,4	
00:10:11,554	743,5	
00:10:11,591	743,5	
00:10:11,629	743,5	
00:10:11,666	743,5	
00:10:11,703	743,5	
00:10:11,740	743,6	
00:10:11,777	743,6	
00:10:11,814	743,6	
00:10:11,851	743,6	
00:10:11,888	743,7	
00:10:11,925	743,7	
00:10:11,962	743,7	
00:10:11,999	743,7	
00:10:12,036	743,7	
00:10:12,073	743,8	
00:10:12,110	743,8	
00:10:12,147	743,8	
00:10:12,184	743,8	
00:10:12,221	743,8	
00:10:12,258	743,9	
00:10:12,295	743,9	
00:10:12,332	743,9	
00:10:12,369	743,9	
00:10:12,406	743,9	
00:10:12,443	744,0	
00:10:12,480	744,0	
00:10:12,517	744,0	
00:10:12,554	744,0	
00:10:12,591	744,1	
00:10:12,629	744,1	
00:10:12,666	744,1	
00:10:12,703	744,1	
00:10:12,740	744,1	
00:10:12,777	744,2	
00:10:12,814	744,2	
00:10:12,851	744,2	
00:10:12,888	744,2	
00:10:12,925	744,2	
00:10:12,962	744,3	
00:10:12,999	744,3	
00:10:13,036	744,3	
00:10:13,073	744,3	
00:10:13,110	744,3	
00:10:13,147	744,4	
00:10:13,184	744,4	
00:10:13,221	744,4	
00:10:13,258	744,4	
00:10:13,295	744,5	
00:10:13,332	744,5	
00:10:13,369	744,5	
00:10:13,406	744,5	
00:10:13,443	744,5	
00:10:13,480	744,6	
00:10:13,517	744,6	
00:10:13,554	744,6	
00:10:13,591	744,6	
00:10:13,629	744,6	
00:10:13,666	744,7	
00:10:13,703	744,7	
00:10:13,740	744,7	
00:10:13,777	744,7	
00:10:13,814	744,8	
00:10:13,851	744,8	
00:10:13,888	744,8	
00:10:13,925	744,8	
00:10:13,962	744,8	
00:10:13,999	744,9	
00:10:14,036	744,9	
00:10:14,073	744,9	
00:10:14,110	744,9	
00:10:14,147	744,9	
00:10:14,184	745,0	
00:10:14,221	745,0	
00:10:14,258	745,0	
00:10:14,295	745,0	
00:10:14,332	745,0	
00:10:14,369	745,1	
00:10:14,406	745,1	
00:10:14,443	745,1	
00:10:14,480	745,1	
00:10:14,517	745,2	
00:10:14,554	745,2	
00:10:14,591	745,2	
00:10:14,629	745,2	
00:10:14,666	745,2	
00:10:14,703	745,3	
00:10:14,740	745,3	
00:10:14,777	745,3	
00:10:14,814	745,3	
00:10:14,851	745,3	
00:10:14,888	745,4	
00:10:14,925	745,4	
00:10:14,962	745,4	
00:10:14,999	745,4	
00:10:15,036	745,4	
00:10:15,073	745,5	
00:10:15,110	745,5	
00:10:15,147	745,5	
00:10:15,184	745,5	
00:10:15,221	745,6	
00:10:15,258	745,6	
00:10:15,295	745,6	
00:10:15,332	745,6	
00:10:15,369	745,6	
00:10:15,406	745,7	
00:10:15,443	745,7	
00:10:15,480	745,7	
00:10:15,517	745,7	
00:10:15,554	745,7	
00:10:15,591	745,8	
00:10:15,629	745,8	
00:10:15,666	745,8	
00:10:15,703	745,8	
00:10:15,740	745,8	
00:10:15,777	745,9	
00:10:15,814	745,9	
00:10:15,851	745,9	
00:10:15,888	745,9	
00:10:15,925	746,0	
00:10:15,962	746,0	
00:10:15,999	746,0	
00:10:16,036	746,0	
00:10:16,073	746,0	
00:10:16,110	746,1	
00:10:16,147	746,1	
00:10:16,184	746,1	
00:10:16,221	746,1	
00:10:16,258	746,1	
00:10:16,295	746,2	
00:10:16,332	746,2	
00:10:16,369	746,2	
00:10:16,406	746,2	
00:10:16,443	746,2	
00:10:16,480	746,3	
00:10:16,517	746,3	
00:10:16,554	746,3	
00:10:16,591	746,3	
00:10:16,629	746,4	
00:10:16,666	746,4	
00:10:16,703	746,4	
00:10:16,740	746,4	
00:10:16,777	746,4	
00:10:16,814	746,5	
00:10:16,851	746,5	
00:10:16,888	746,5	
00:10:16,925	746,5	
00:10:16,962	746,5	
00:10:16,999	746,6	
00:10:17,036	746,6	
00:10:17,073	746,6	
00:10:17,110	746,6	
00:10:17,147	746,6	
00:10:17,184	746,7	
00:10:17,221	746,7	
00:10:17,258	746,7	
00:10:17,295	746,7	
00:10:17,332	746,8	
00:10:17,369	746,8	
00:10:17,406	746,8	
00:10:17,443	746,8	
00:10:17,480	746,8	
00:10:17,517	746,9	
00:10:17,554	746,9	
00:10:17,591	746,9	
00:10:17,629	746,9	
00:10:17,666	746,9	
00:10:17,703	747,0	
00:10:17,740	747,0	
00:10:17,777	747,0	
00:10:17,814	747,0	
00:10:17,851	747,0	
00:10:17,888	747,1	
00:10:17,925	747,1	
00:10:17,962	747,1	
00:10:17,999	747,1	
00:10:18,036	747,2	
00:10:18,073	747,2	
00:10:18,110	747,2	
00:10:18,147	747,2	
00:10:18,184	747,2	
00:10:18,221	747,3	
00:10:18,258	747,3	
00:10:18,295	747,3	
00:10:18,332	747,3	
00:10:18,369	747,3	
00:10:18,406	747,4	
00:10:18,443	747,4	
00:10:18,480	747,4	
00:10:18,517	747,4	
00:10:18,554	747,4	
00:10:18,591	747,5	
00:10:18,629	747,5	
00:10:18,666	747,5	
00:10:18,703	747,5	
00:10:18,740	747,6	
00:10:18,777	747,6	
00:10:18,814	747,6	
00:10:18,851	747,6	
00:10:18,888	747,6	
00:10:18,925	747,7	
00:10:18,962	747,7	
00:10:18,999	747,7	
00:10:19,036	747,7	
00:10:19,073	747,7	
00:10:19,110	747,8	
00:10:19,147	747,8	
00:10:19,184	747,8	
00:10:19,221	747,8	
00:10:19,258	747,8	
00:10:19,295	747,9	
00:10:19,332	747,9	
00:10:19,369	747,9	
00:10:19,406	747,9	
00:10:19,443	748,0	
00:10:19,480	748,0	
00:10:19,517	748,0	
00:10:19,554	748,0	
00:10:19,591	748,0	
00:10:19,629	748,1	
00:10:19,666	748,1	
00:10:19,703	748,1	
00:10:19,740	748,1	
00:10:19,777	748,1	
00:10:19,814	748,2	
00:10:19,851	748,2	
00:10:19,888	748,2	
00:10:19,925	748,2	
00:10:19,962	748,3	
00:10:19,999	748,3	
00:10:20,036	748,3	
00:10:20,073	748,3	
00:10:20,110	748,3	
00:10:20,147	748,4	
00:10:20,184	748,4	
00:10:20,221	748,4	
00:10:20,258	748,4	
00:10:20,295	748,4	
00:10:20,332	748,5	
00:10:20,369	748,5	
00:10:20,406	748,5	
00:10:20,443	748,5	
00:10:20,480	748,5	
00:10:20,517	748,6	
00:10:20,554	748,6	
00:10:20,591	748,6	
00:10:20,629	748,6	
00:10:20,666	748,7	
00:10:20,703	748,7	
00:10:20,740	748,7	
00:10:20,777	748,7	
00:10:20,814	748,7	
00:10:20,851	748,8	
00:10:20,888	748,8	
00:10:20,925	748,8	
00:10:20,962	748,8	
00:10:20,999	748,8	
00:10:21,036	748,9	
00:10:21,073	748,9	
00:10:21,110	748,9	
00:10:21,147	748,9	
00:10:21,184	748,9	
00:10:21,221	749,0	
00:10:21,258	749,0	
00:10:21,295	749,0	
00:10:21,332	749,0	
00:10:21,369	749,1	
00:10:21,406	749,1	
00:10:21,443	749,1	
00:10:21,480	749,1	
00:10:21,517	749,1	
00:10:21,554	749,2	
00:10:21,591	749,2	
00:10:21,629	749,2	
00:10:21,666	749,2	
00:10:21,703	749,2	
00:10:21,740	749,3	
00:10:21,777	749,3	
00:10:21,814	749,3	
00:10:21,851	749,3	
00:10:21,888	749,3	
00:10:21,925	749,4	
00:10:21,962	749,4	
00:10:21,999	749,4	
00:10:22,036	749,4	
00:10:22,073	749,5	
00:10:22,110	749,5	
00:10:22,147	749,5	
00:10:22,184	749,5	
00:10:22,221	749,5	
00:10:22,258	749,6	
00:10:22,295	749,6	
00:10:22,332	749,6	
00:10:22,369	749,6	
00:10:22,406	749,6	
00:10:22,443	749,7	
00:10:22,480	749,7	
00:10:22,517	749,7	
00:10:22,554	749,7	
00:10:22,591	749,7	
00:10:22,629	749,8	
00:10:22,666	749,8	
00:10:22,703	749,8	
00:10:22,740	749,8	
00:10:22,777	749,9	
00:10:22,814	749,9	
00:10:22,851	749,9	
00:10:22,888	749,9	
00:10:22,925	749,9	
00:10:22,962	750,0	
00:10:22,999	750,0	
00:10:23,036	750,0	
00:10:23,073	750,1	
00:10:23,110	750,1	
00:10:23,147	750,2	
00:10:23,184	750,3	
00:10:23,221	750,4	
00:10:23,258	750,4	
00:10:23,295	750,5	
00:10:23,332	750,6	
00:10:23,369	750,6	
00:10:23,406	750,7	
00:10:23,443	750,8	
00:10:23,480	750,8	
00:10:23,517	750,9	
00:10:23,554	751,0	
00:10:23,591	751,1	
00:10:23,629	751,1	
00:10:23,666	751,2	
00:10:23,703	751,3	
00:10:23,740	751,3	
00:10:23,777	751,4	
00:10:23,814	751,5	
00:10:23,851	751,6	
00:10:23,888	751,6	
00:10:23,925	751,7	
00:10:23,962	751,8	
00:10:23,999	751,8	
00:10:24,036	751,9	
00:10:24,073	752,0	
00:10:24,110	752,0	
00:10:24,147	752,1	
00:10:24,184	752,2	
00:10:24,221	752,3	
00:10:24,258	752,3	
00:10:24,295	752,4	
00:10:24,332	752,5	
00:10:24,369	752,5	
00:10:24,406	752,6	
00:10:24,443	752,7	
00:10:24,480	752,8	
00:10:24,517	752,8	
00:10:24,554	752,9	
00:10:24,591	753,0	
00:10:24,629	753,0	
00:10:24,666	753,1	
00:10:24,703	753,2	
00:10:24,740	753,2	
00:10:24,777	753,3	
00:10:24,814	753,4	
00:10:24,851	753,5	
00:10:24,888	753,5	
00:10:24,925	753,6	
00:10:24,962	753,7	
00:10:24,999	753,7	
00:10:25,036	753,8	
00:10:25,073	753,9	
00:10:25,110	754,0	
00:10:25,147	754,0	
00:10:25,184	754,1	
00:10:25,221	754,2	
00:10:25,258	754,2	
00:10:25,295	754,3	
00:10:25,332	754,4	
00:10:25,369	754,4	
00:10:25,406	754,5	
00:10:25,443	754,6	
00:10:25,480	754,7	
00:10:25,517	754,7	
00:10:25,554	754,8	
00:10:25,591	754,9	
00:10:25,629	754,9	
00:10:25,666	755,0	
00:10:25,703	755,1	
00:10:25,740	755,1	
00:10:25,777	755,2	
00:10:25,814	755,3	
00:10:25,851	755,4	
00:10:25,888	755,4	
00:10:25,925	755,5	
00:10:25,962	755,6	
00:10:25,999	755,6	
00:10:26,036	755,7	
00:10:26,073	755,8	
00:10:26,110	755,9	
00:10:26,147	755,9	
00:10:26,184	756,0	
00:10:26,221	756,1	
00:10:26,258	756,1	
00:10:26,295	756,2	
00:10:26,332	756,3	
00:10:26,369	756,3	
00:10:26,406	756,4	
00:10:26,443	756,5	
00:10:26,480	756,6	
00:10:26,517	756,6	
00:10:26,554	756,7	
00:10:26,591	756,8	
00:10:26,629	756,8	
00:10:26,666	756,9	
00:10:26,703	757,0	
00:10:26,740	757,1	
00:10:26,777	757,1	
00:10:26,814	757,2	
00:10:26,851	757,3	
00:10:26,888	757,3	
00:10:26,925	757,4	
00:10:26,962	757,5	
00:10:26,999	757,5	
00:10:27,036	757,6	
00:10:27,073	757,7	
00:10:27,110	757,8	
00:10:27,147	757,8	
00:10:27,184	757,9	
00:10:27,221	758,0	
00:10:27,258	758,0	
00:10:27,295	758,1	
00:10:27,332	758,2	
00:10:27,369	758,3	
00:10:27,406	758,3	
00:10:27,443	758,4	
00:10:27,480	758,5	
00:10:27,517	758,5	
00:10:27,554	758,6	
00:10:27,591	758,7	
00:10:27,629	758,7	
00:10:27,666	758,8	
00:10:27,703	758,9	
00:10:27,740	759,0	
00:10:27,777	759,0	
00:10:27,814	759,1	
00:10:27,851	759,2	
00:10:27,888	759,2	
00:10:27,925	759,3	
00:10:27,962	759,4	
00:10:27,999	759,5	
00:10:28,036	759,5	
00:10:28,073	759,6	
00:10:28,110	759,7	
00:10:28,147	759,7	
00:10:28,184	759,8	
00:10:28,221	759,9	
00:10:28,258	759,9	
00:10:28,295	760,0	
00:10:28,332	760,1	
00:10:28,369	760,2	
00:10:28,406	760,2	
00:10:28,443	760,3	
00:10:28,480	760,4	
00:10:28,517	760,4	
00:10:28,554	760,5	
00:10:28,591	760,6	
00:10:28,629	760,7	
00:10:28,666	760,7	
00:10:28,703	760,8	
00:10:28,740	760,9	
00:10:28,777	760,9	
00:10:28,814	761,0	
00:10:28,851	761,1	
00:10:28,888	761,1	
00:10:28,925	761,2	
00:10:28,962	761,3	
00:10:28,999	761,4	
00:10:29,036	761,4	
00:10:29,073	761,5	
00:10:29,110	761,6	
00:10:29,147	761,6	
00:10:29,184	761,7	
00:10:29,221	761,8	
00:10:29,258	761,9	
00:10:29,295	761,9	
00:10:29,332	762,0	
00:10:29,369	762,1	
00:10:29,406	762,1	
00:10:29,443	762,2	
00:10:29,480	762,3	
00:10:29,517	762,3	
00:10:29,554	762,4	
00:10:29,591	762,5	
00:10:29,629	762,6	
00:10:29,666	762,6	
00:10:29,703	762,7	
00:10:29,740	762,8	
00:10:29,777	762,8	
00:10:29,814	762,9	
00:10:29,851	763,0	
00:10:29,888	763,1	
00:10:29,925	763,1	
00:10:29,962	763,2	
00:10:29,999	763,3	
00:10:30,036	763,3	
00:10:30,073	763,4	
00:10:30,110	763,5	
00:10:30,147	763,5	
00:10:30,184	763,6	
00:10:30,221	763,7	
00:10:30,258	763,8	
00:10:30,295	763,8	
00:10:30,332	763,9	
00:10:30,369	764,0	
00:10:30,406	764,0	
00:10:30,443	764,1	
00:10:30,480	764,2	
00:10:30,517	764,2	
00:10:30,554	764,3	
00:10:30,591	764,4	
00:10:30,628	764,5	
00:10:30,666	764,5	
00:10:30,703	764,6	
00:10:30,740	764,7	
00:10:30,777	764,7	
00:10:30,814	764,8	
00:10:30,851	764,9	
00:10:30,888	765,0	
00:10:30,925	765,0	
00:10:30,962	765,1	
00:10:30,999	765,2	
00:10:31,036	765,2	
00:10:31,073	765,3	
00:10:31,110	765,4	
00:10:31,147	765,4	
00:10:31,184	765,5	
00:10:31,221	765,6	
00:10:31,258	765,7	
00:10:31,295	765,7	
00:10:31,332	765,8	
00:10:31,369	765,9	
00:10:31,406	765,9	
00:10:31,443	766,0	
00:10:31,480	766,1	
00:10:31,517	766,2	
00:10:31,554	766,2	
00:10:31,591	766,3	
00:10:31,628	766,4	
00:10:31,666	766,4	
00:10:31,703	766,5	
00:10:31,740	766,6	
00:10:31,777	766,6	
00:10:31,814	766,7	
00:10:31,851	766,8	
00:10:31,888	766,9	
00:10:31,925	766,9	
00:10:31,962	767,0	
00:10:31,999	767,1	
00:10:32,036	767,1	
00:10:32,073	767,2	
00:10:32,110	767,3	
00:10:32,147	767,4	
00:10:32,184	767,4	
00:10:32,221	767,5	
00:10:32,258	767,6	
00:10:32,295	767,6	
00:10:32,332	767,7	
00:10:32,369	767,8	
00:10:32,406	767,8	
00:10:32,443	767,9	
00:10:32,480	768,0	
00:10:32,517	768,1	
00:10:32,554	768,1	
00:10:32,591	768,2	
00:10:32,628	768,3	
00:10:32,666	768,3	
00:10:32,703	768,4	
00:10:32,740	768,5	
00:10:32,777	768,6	
00:10:32,814	768,6	
00:10:32,851	768,7	
00:10:32,888	768,8	
00:10:32,925	768,8	
00:10:32,962	768,9	
00:10:32,999	769,0	
00:10:33,036	769,0	
00:10:33,073	769,1	
00:10:33,110	769,2	
00:10:33,147	769,3	
00:10:33,184	769,3	
00:10:33,221	769,4	
00:10:33,258	769,5	
00:10:33,295	769,5	
00:10:33,332	769,6	
00:10:33,369	769,7	
00:10:33,406	769,8	
00:10:33,443	769,8	
00:10:33,480	769,9	
00:10:33,517	770,0	
00:10:33,554	770,0	
00:10:33,591	770,1	
00:10:33,628	770,2	
00:10:33,666	770,2	
00:10:33,703	770,3	
00:10:33,740	770,4	
00:10:33,777	770,5	
00:10:33,814	770,5	
00:10:33,851	770,6	
00:10:33,888	770,7	
00:10:33,925	770,7	
00:10:33,962	770,8	
00:10:33,999	770,9	
00:10:34,036	771,0	
00:10:34,073	771,0	
00:10:34,110	771,1	
00:10:34,147	771,2	
00:10:34,184	771,2	
00:10:34,221	771,3	
00:10:34,258	771,4	
00:10:34,295	771,4	
00:10:34,332	771,5	
00:10:34,369	771,6	
00:10:34,406	771,7	
00:10:34,443	771,7	
00:10:34,480	771,8	
00:10:34,517	771,9	
00:10:34,554	771,9	
00:10:34,591	772,0	
00:10:34,628	772,1	
00:10:34,666	772,2	
00:10:34,703	772,2	
00:10:34,740	772,3	
00:10:34,777	772,4	
00:10:34,814	772,4	
00:10:34,851	772,5	
00:10:34,888	772,6	
00:10:34,925	772,6	
00:10:34,962	772,7	
00:10:34,999	772,8	
00:10:35,036	772,9	
00:10:35,073	772,9	
00:10:35,110	773,0	
00:10:35,147	773,1	
00:10:35,184	773,1	
00:10:35,221	773,2	
00:10:35,258	773,3	
00:10:35,295	773,4	
00:10:35,332	773,4	
00:10:35,369	773,5	
00:10:35,406	773,6	
00:10:35,443	773,6	
00:10:35,480	773,7	
00:10:35,517	773,8	
00:10:35,554	773,8	
00:10:35,591	773,9	
00:10:35,628	774,0	
00:10:35,666	774,1	
00:10:35,703	774,1	
00:10:35,740	774,2	
00:10:35,777	774,3	
00:10:35,814	774,3	
00:10:35,851	774,4	
00:10:35,888	774,5	
00:10:35,925	774,5	
00:10:35,962	774,6	
00:10:35,999	774,7	
00:10:36,036	774,8	
00:10:36,073	774,8	
00:10:36,110	774,9	
00:10:36,147	775,0	
00:10:36,184	775,0	
00:10:36,221	775,1	
00:10:36,258	775,2	
00:10:36,295	775,3	
00:10:36,332	775,3	
00:10:36,369	775,4	
00:10:36,406	775,5	
00:10:36,443	775,5	
00:10:36,480	775,6	
00:10:36,517	775,7	
00:10:36,554	775,7	
00:10:36,591	775,8	
00:10:36,628	775,9	
00:10:36,666	776,0	
00:10:36,703	776,0	
00:10:36,740	776,1	
00:10:36,777	776,2	
00:10:36,814	776,2	
00:10:36,851	776,3	
00:10:36,888	776,4	
00:10:36,925	776,5	
00:10:36,962	776,5	
00:10:36,999	776,6	
00:10:37,036	776,7	
00:10:37,073	776,7	
00:10:37,110	776,8	
00:10:37,147	776,9	
00:10:37,184	776,9	
00:10:37,221	777,0	
00:10:37,258	777,1	
00:10:37,295	777,2	
00:10:37,332	777,2	
00:10:37,369	777,3	
00:10:37,406	777,4	
00:10:37,443	777,4	
00:10:37,480	777,5	
00:10:37,517	777,6	
00:10:37,554	777,7	
00:10:37,591	777,7	
00:10:37,628	777,8	
00:10:37,666	777,9	
00:10:37,703	777,9	
00:10:37,740	778,0	
00:10:37,777	778,1	
00:10:37,814	778,1	
00:10:37,851	778,2	
00:10:37,888	778,3	
00:10:37,925	778,4	
00:10:37,962	778,4	
00:10:37,999	778,5	
00:10:38,036	778,6	
00:10:38,073	778,6	
00:10:38,110	778,7	
00:10:38,147	778,8	
00:10:38,184	778,9	
00:10:38,221	778,9	
00:10:38,258	779,0	
00:10:38,295	779,1	
00:10:38,332	779,1	
00:10:38,369	779,2	
00:10:38,406	779,3	
00:10:38,443	779,3	
00:10:38,480	779,4	
00:10:38,517	779,5	
00:10:38,554	779,6	
00:10:38,591	779,6	
00:10:38,628	779,7	
00:10:38,666	779,8	
00:10:38,703	779,8	
00:10:38,740	779,9	
00:10:38,777	780,0	
00:10:38,814	780,1	
00:10:38,851	780,1	
00:10:38,888	780,2	
00:10:38,925	780,3	
00:10:38,962	780,3	
00:10:38,999	780,4	
00:10:39,036	780,5	
00:10:39,073	780,5	
00:10:39,110	780,6	
00:10:39,147	780,7	
00:10:39,184	780,8	
00:10:39,221	780,8	
00:10:39,258	780,9	
00:10:39,295	781,0	
00:10:39,332	781,0	
00:10:39,369	781,1	
00:10:39,406	781,2	
00:10:39,443	781,3	
00:10:39,480	781,3	
00:10:39,517	781,4	
00:10:39,554	781,5	
00:10:39,591	781,5	
00:10:39,628	781,6	
00:10:39,666	781,7	
00:10:39,703	781,7	
00:10:39,740	781,8	
00:10:39,777	781,9	
00:10:39,814	782,0	
00:10:39,851	782,0	
00:10:39,888	782,1	
00:10:39,925	782,2	
00:10:39,962	782,2	
00:10:39,999	782,3	
00:10:40,036	782,4	
00:10:40,073	782,5	
00:10:40,110	782,5	
00:10:40,147	782,6	
00:10:40,184	782,7	
00:10:40,221	782,7	
00:10:40,258	782,8	
00:10:40,295	782,9	
00:10:40,332	782,9	
00:10:40,369	783,0	
00:10:40,406	783,1	
00:10:40,443	783,2	
00:10:40,480	783,2	
00:10:40,517	783,3	
00:10:40,554	783,4	
00:10:40,591	783,4	
00:10:40,628	783,5	
00:10:40,666	783,6	
00:10:40,703	783,6	
00:10:40,740	783,7	
00:10:40,777	783,8	
00:10:40,814	783,9	
00:10:40,851	783,9	
00:10:40,888	784,0	
00:10:40,925	784,1	
00:10:40,962	784,1	
00:10:40,999	784,2	
00:10:41,036	784,3	
00:10:41,073	784,4	
00:10:41,110	784,4	
00:10:41,147	784,5	
00:10:41,184	784,6	
00:10:41,221	784,6	
00:10:41,258	784,7	
00:10:41,295	784,8	
00:10:41,332	784,8	
00:10:41,369	784,9	
00:10:41,406	785,0	
00:10:41,443	785,1	
00:10:41,480	785,1	
00:10:41,517	785,2	
00:10:41,554	785,3	
00:10:41,591	785,3	
00:10:41,628	785,4	
00:10:41,666	785,5	
00:10:41,703	785,6	
00:10:41,740	785,6	
00:10:41,777	785,7	
00:10:41,814	785,8	
00:10:41,851	785,8	
00:10:41,888	785,9	
00:10:41,925	786,0	
00:10:41,962	786,0	
00:10:41,999	786,1	
00:10:42,036	786,2	
00:10:42,073	786,3	
00:10:42,110	786,3	
00:10:42,147	786,4	
00:10:42,184	786,5	
00:10:42,221	786,5	
00:10:42,258	786,6	
00:10:42,295	786,7	
00:10:42,332	786,8	
00:10:42,369	786,8	
00:10:42,406	786,9	
00:10:42,443	787,0	
00:10:42,480	787,0	
00:10:42,517	787,1	
00:10:42,554	787,2	
00:10:42,591	787,2	
00:10:42,628	787,3	
00:10:42,666	787,4	
00:10:42,703	787,5	
00:10:42,740	787,5	
00:10:42,777	787,6	
00:10:42,814	787,6	
00:10:42,851	787,5	
00:10:42,888	787,5	
00:10:42,925	787,4	
00:10:42,962	787,4	
00:10:42,999	787,3	
00:10:43,036	787,3	
00:10:43,073	787,2	
00:10:43,110	787,2	
00:10:43,147	787,1	
00:10:43,184	787,1	
00:10:43,221	787,0	
00:10:43,258	787,0	
00:10:43,295	786,9	
00:10:43,332	786,9	
00:10:43,369	786,8	
00:10:43,406	786,8	
00:10:43,443	786,7	
00:10:43,480	786,7	
00:10:43,517	786,6	
00:10:43,554	786,6	
00:10:43,591	786,6	
00:10:43,628	786,5	
00:10:43,666	786,5	
00:10:43,703	786,4	
00:10:43,740	786,4	
00:10:43,777	786,3	
00:10:43,814	786,3	
00:10:43,851	786,2	
00:10:43,888	786,2	
00:10:43,925	786,1	
00:10:43,962	786,1	
00:10:43,999	786,0	
00:10:44,036	786,0	
00:10:44,073	785,9	
00:10:44,110	785,9	
00:10:44,147	785,8	
00:10:44,184	785,8	
00:10:44,221	785,7	
00:10:44,258	785,7	
00:10:44,295	785,6	
00:10:44,332	785,6	
00:10:44,369	785,6	
00:10:44,406	785,5	
00:10:44,443	785,5	
00:10:44,480	785,4	
00:10:44,517	785,4	
00:10:44,554	785,3	
00:10:44,591	785,3	
00:10:44,628	785,2	
00:10:44,666	785,2	
00:10:44,703	785,1	
00:10:44,740	785,1	
00:10:44,777	785,0	
00:10:44,814	785,0	
00:10:44,851	784,9	
00:10:44,888	784,9	
00:10:44,925	784,8	
00:10:44,962	784,8	
00:10:44,999	784,7	
00:10:45,036	784,7	
00:10:45,073	784,6	
00:10:45,110	784,6	
00:10:45,147	784,5	
00:10:45,184	784,5	
00:10:45,221	784,5	
00:10:45,258	784,4	
00:10:45,295	784,4	
00:10:45,332	784,3	
00:10:45,369	784,3	
00:10:45,406	784,2	
00:10:45,443	784,2	
00:10:45,480	784,1	
00:10:45,517	784,1	
00:10:45,554	784,0	
00:10:45,591	784,0	
00:10:45,628	783,9	
00:10:45,666	783,9	
00:10:45,703	783,8	
00:10:45,740	783,8	
00:10:45,777	783,7	
00:10:45,814	783,7	
00:10:45,851	783,6	
00:10:45,888	783,6	
00:10:45,925	783,5	
00:10:45,962	783,5	
00:10:45,999	783,5	
00:10:46,036	783,4	
00:10:46,073	783,4	
00:10:46,110	783,3	
00:10:46,147	783,3	
00:10:46,184	783,2	
00:10:46,221	783,2	
00:10:46,258	783,1	
00:10:46,295	783,1	
00:10:46,332	783,0	
00:10:46,369	783,0	
00:10:46,406	782,9	
00:10:46,443	782,9	
00:10:46,480	782,8	
00:10:46,517	782,8	
00:10:46,554	782,7	
00:10:46,591	782,7	
00:10:46,628	782,6	
00:10:46,666	782,6	
00:10:46,703	782,5	
00:10:46,740	782,5	
00:10:46,777	782,5	
00:10:46,814	782,4	
00:10:46,851	782,4	
00:10:46,888	782,3	
00:10:46,925	782,3	
00:10:46,962	782,2	
00:10:46,999	782,2	
00:10:47,036	782,1	
00:10:47,073	782,1	
00:10:47,110	782,0	
00:10:47,147	782,0	
00:10:47,184	781,9	
00:10:47,221	781,9	
00:10:47,258	781,8	
00:10:47,295	781,8	
00:10:47,332	781,7	
00:10:47,369	781,7	
00:10:47,406	781,6	
00:10:47,443	781,6	
00:10:47,480	781,5	
00:10:47,517	781,5	
00:10:47,554	781,5	
00:10:47,591	781,4	
00:10:47,628	781,4	
00:10:47,666	781,3	
00:10:47,703	781,3	
00:10:47,740	781,2	
00:10:47,777	781,2	
00:10:47,814	781,1	
00:10:47,851	781,1	
00:10:47,888	781,0	
00:10:47,925	781,0	
00:10:47,962	780,9	
00:10:47,999	780,9	
00:10:48,036	780,8	
00:10:48,073	780,8	
00:10:48,110	780,7	
00:10:48,147	780,7	
00:10:48,184	780,6	
00:10:48,221	780,6	
00:10:48,258	780,5	
00:10:48,295	780,5	
00:10:48,332	780,5	
00:10:48,369	780,4	
00:10:48,406	780,4	
00:10:48,443	780,3	
00:10:48,480	780,3	
00:10:48,517	780,2	
00:10:48,554	780,2	
00:10:48,591	780,1	
00:10:48,628	780,1	
00:10:48,666	780,0	
00:10:48,703	780,0	
00:10:48,740	779,9	
00:10:48,777	779,9	
00:10:48,814	779,8	
00:10:48,851	779,8	
00:10:48,888	779,7	
00:10:48,925	779,7	
00:10:48,962	779,6	
00:10:48,999	779,6	
00:10:49,036	779,5	
00:10:49,073	779,5	
00:10:49,110	779,4	
00:10:49,147	779,4	
00:10:49,184	779,4	
00:10:49,221	779,3	
00:10:49,258	779,3	
00:10:49,295	779,2	
00:10:49,332	779,2	
00:10:49,369	779,1	
00:10:49,406	779,1	
00:10:49,443	779,0	
00:10:49,480	779,0	
00:10:49,517	778,9	
00:10:49,554	778,9	
00:10:49,591	778,8	
00:10:49,628	778,8	
00:10:49,666	778,7	
00:10:49,703	778,7	
00:10:49,740	778,6	
00:10:49,777	778,6	
00:10:49,814	778,5	
00:10:49,851	778,5	
00:10:49,888	778,4	
00:10:49,925	778,4	
00:10:49,962	778,4	
00:10:49,999	778,3	
00:10:50,036	778,3	
00:10:50,073	778,2	
00:10:50,110	778,2	
00:10:50,147	778,1	
00:10:50,184	778,1	
00:10:50,221	778,0	
00:10:50,258	778,0	
00:10:50,295	777,9	
00:10:50,332	777,9	
00:10:50,369	777,8	
00:10:50,406	777,8	
00:10:50,443	777,7	
00:10:50,480	777,7	
00:10:50,517	777,6	
00:10:50,554	777,6	
00:10:50,591	777,5	
00:10:50,628	777,5	
00:10:50,666	777,4	
00:10:50,703	777,4	
00:10:50,740	777,4	
00:10:50,777	777,3	
00:10:50,814	777,3	
00:10:50,851	777,2	
00:10:50,888	777,2	
00:10:50,925	777,1	
00:10:50,962	777,1	
00:10:50,999	777,0	
00:10:51,036	777,0	
00:10:51,073	776,9	
00:10:51,110	776,9	
00:10:51,147	776,8	
00:10:51,184	776,8	
00:10:51,221	776,7	
00:10:51,258	776,7	
00:10:51,295	776,6	
00:10:51,332	776,6	
00:10:51,369	776,5	
00:10:51,406	776,5	
00:10:51,443	776,4	
00:10:51,480	776,4	
00:10:51,517	776,4	
00:10:51,554	776,3	
00:10:51,591	776,3	
00:10:51,628	776,2	
00:10:51,666	776,2	
00:10:51,703	776,1	
00:10:51,740	776,1	
00:10:51,777	776,0	
00:10:51,814	776,0	
00:10:51,851	775,9	
00:10:51,888	775,9	
00:10:51,925	775,8	
00:10:51,962	775,8	
00:10:51,999	775,7	
00:10:52,036	775,7	
00:10:52,073	775,6	
00:10:52,110	775,6	
00:10:52,147	775,5	
00:10:52,184	775,5	
00:10:52,221	775,4	
00:10:52,258	775,4	
00:10:52,295	775,3	
00:10:52,332	775,3	
00:10:52,369	775,3	
00:10:52,406	775,2	
00:10:52,443	775,2	
00:10:52,480	775,1	
00:10:52,517	775,1	
00:10:52,554	775,0	
00:10:52,591	775,0	
00:10:52,628	774,9	
00:10:52,666	774,9	
00:10:52,703	774,8	
00:10:52,740	774,8	
00:10:52,777	774,7	
00:10:52,814	774,7	
00:10:52,851	774,6	
00:10:52,888	774,6	
00:10:52,925	774,5	
00:10:52,962	774,5	
00:10:52,999	774,4	
00:10:53,036	774,4	
00:10:53,073	774,3	
00:10:53,110	774,3	
00:10:53,147	774,3	
00:10:53,184	774,2	
00:10:53,221	774,2	
00:10:53,258	774,1	
00:10:53,295	774,1	
00:10:53,332	774,0	
00:10:53,369	774,0	
00:10:53,406	773,9	
00:10:53,443	773,9	
00:10:53,480	773,8	
00:10:53,517	773,8	
00:10:53,554	773,7	
00:10:53,591	773,7	
00:10:53,628	773,6	
00:10:53,666	773,6	
00:10:53,703	773,5	
00:10:53,740	773,5	
00:10:53,777	773,4	
00:10:53,814	773,4	
00:10:53,851	773,3	
00:10:53,888	773,3	
00:10:53,925	773,2	
00:10:53,962	773,2	
00:10:53,999	773,1	
00:10:54,036	773,1	
00:10:54,073	773,0	
00:10:54,110	772,9	
00:10:54,147	772,9	
00:10:54,184	772,8	
00:10:54,221	772,7	
00:10:54,258	772,7	
00:10:54,295	772,6	
00:10:54,332	772,6	
00:10:54,369	772,5	
00:10:54,406	772,4	
00:10:54,443	772,4	
00:10:54,480	772,3	
00:10:54,517	772,3	
00:10:54,554	772,2	
00:10:54,591	772,1	
00:10:54,628	772,1	
00:10:54,666	772,0	
00:10:54,703	772,0	
00:10:54,740	771,9	
00:10:54,777	771,8	
00:10:54,814	771,8	
00:10:54,851	771,7	
00:10:54,888	771,6	
00:10:54,925	771,6	
00:10:54,962	771,5	
00:10:54,999	771,5	
00:10:55,036	771,4	
00:10:55,073	771,3	
00:10:55,110	771,3	
00:10:55,147	771,2	
00:10:55,184	771,2	
00:10:55,221	771,1	
00:10:55,258	771,0	
00:10:55,295	771,0	
00:10:55,332	770,9	
00:10:55,369	770,8	
00:10:55,406	770,8	
00:10:55,443	770,7	
00:10:55,480	770,7	
00:10:55,517	770,6	
00:10:55,554	770,5	
00:10:55,591	770,5	
00:10:55,628	770,4	
00:10:55,666	770,4	
00:10:55,703	770,3	
00:10:55,740	770,2	
00:10:55,777	770,2	
00:10:55,814	770,1	
00:10:55,851	770,1	
00:10:55,888	770,0	
00:10:55,925	769,9	
00:10:55,962	769,9	
00:10:55,999	769,8	
00:10:56,036	769,7	
00:10:56,073	769,7	
00:10:56,110	769,6	
00:10:56,147	769,6	
00:10:56,184	769,5	
00:10:56,221	769,4	
00:10:56,258	769,4	
00:10:56,295	769,3	
00:10:56,332	769,3	
00:10:56,369	769,2	
00:10:56,406	769,1	
00:10:56,443	769,1	
00:10:56,480	769,0	
00:10:56,517	769,0	
00:10:56,554	768,9	
00:10:56,591	768,8	
00:10:56,628	768,8	
00:10:56,666	768,7	
00:10:56,703	768,6	
00:10:56,740	768,6	
00:10:56,777	768,5	
00:10:56,814	768,5	
00:10:56,851	768,4	
00:10:56,888	768,3	
00:10:56,925	768,3	
00:10:56,962	768,2	
00:10:56,999	768,2	
00:10:57,036	768,1	
00:10:57,073	768,0	
00:10:57,110	768,0	
00:10:57,147	767,9	
00:10:57,184	767,8	
00:10:57,221	767,8	
00:10:57,258	767,7	
00:10:57,295	767,7	
00:10:57,332	767,6	
00:10:57,369	767,5	
00:10:57,406	767,5	
00:10:57,443	767,4	
00:10:57,480	767,4	
00:10:57,517	767,3	
00:10:57,554	767,2	
00:10:57,591	767,2	
00:10:57,628	767,1	
00:10:57,666	767,1	
00:10:57,703	767,0	
00:10:57,740	766,9	
00:10:57,777	766,9	
00:10:57,814	766,8	
00:10:57,851	766,7	
00:10:57,888	766,7	
00:10:57,925	766,6	
00:10:57,962	766,6	
00:10:57,999	766,5	
00:10:58,036	766,4	
00:10:58,073	766,4	
00:10:58,110	766,3	
00:10:58,147	766,3	
00:10:58,184	766,2	
00:10:58,221	766,1	
00:10:58,258	766,1	
00:10:58,295	766,0	
00:10:58,332	765,9	
00:10:58,369	765,9	
00:10:58,406	765,8	
00:10:58,443	765,8	
00:10:58,480	765,7	
00:10:58,517	765,6	
00:10:58,554	765,6	
00:10:58,591	765,5	
00:10:58,628	765,5	
00:10:58,666	765,4	
00:10:58,703	765,3	
00:10:58,740	765,3	
00:10:58,777	765,2	
00:10:58,814	765,2	
00:10:58,851	765,1	
00:10:58,888	765,0	
00:10:58,925	765,0	
00:10:58,962	764,9	
00:10:58,999	764,8	
00:10:59,036	764,8	
00:10:59,073	764,7	
00:10:59,110	764,7	
00:10:59,147	764,6	
00:10:59,184	764,5	
00:10:59,221	764,5	
00:10:59,258	764,4	
00:10:59,295	764,4	
00:10:59,332	764,3	
00:10:59,369	764,2	
00:10:59,406	764,2	
00:10:59,443	764,1	
00:10:59,480	764,0	
00:10:59,517	764,0	
00:10:59,554	763,9	
00:10:59,591	763,9	
00:10:59,628	763,8	
00:10:59,666	763,7	
00:10:59,703	763,7	
00:10:59,740	763,6	
00:10:59,777	763,6	
00:10:59,814	763,5	
00:10:59,851	763,4	
00:10:59,888	763,4	
00:10:59,925	763,3	
00:10:59,962	763,3	
00:10:59,999	763,2	
00:11:00,036	763,1	
00:11:00,073	763,1	
00:11:00,110	763,0	
00:11:00,147	762,9	
00:11:00,184	762,9	
00:11:00,221	762,8	
00:11:00,258	762,8	
00:11:00,295	762,7	
00:11:00,332	762,6	
00:11:00,369	762,6	
00:11:00,406	762,5	
00:11:00,443	762,5	
00:11:00,480	762,4	
00:11:00,517	762,3	
00:11:00,554	762,3	
00:11:00,591	762,2	
00:11:00,628	762,2	
00:11:00,666	762,1	
00:11:00,703	762,0	
00:11:00,740	762,0	
00:11:00,777	761,9	
00:11:00,814	761,8	
00:11:00,851	761,8	
00:11:00,888	761,7	
00:11:00,925	761,7	
00:11:00,962	761,6	
00:11:00,999	761,5	
00:11:01,036	761,5	
00:11:01,073	761,4	
00:11:01,110	761,4	
00:11:01,147	761,3	
00:11:01,184	761,2	
00:11:01,221	761,2	
00:11:01,258	761,1	
00:11:01,295	761,0	
00:11:01,332	761,0	
00:11:01,369	760,9	
00:11:01,406	760,9	
00:11:01,443	760,8	
00:11:01,480	760,7	
00:11:01,517	760,7	
00:11:01,554	760,6	
00:11:01,591	760,6	
00:11:01,628	760,5	
00:11:01,666	760,4	
00:11:01,703	760,4	
00:11:01,740	760,3	
00:11:01,777	760,3	
00:11:01,814	760,2	
00:11:01,851	760,1	
00:11:01,888	760,1	
00:11:01,925	760,0	
00:11:01,962	759,9	
00:11:01,999	759,9	
00:11:02,036	759,8	
00:11:02,073	759,8	
00:11:02,110	759,7	
00:11:02,147	759,6	
00:11:02,184	759,6	
00:11:02,221	759,5	
00:11:02,258	759,5	
00:11:02,295	759,4	
00:11:02,332	759,3	
00:11:02,369	759,3	
00:11:02,406	759,2	
00:11:02,443	759,1	
00:11:02,480	759,1	
00:11:02,517	759,0	
00:11:02,554	759,0	
00:11:02,591	758,9	
00:11:02,628	758,8	
00:11:02,666	758,8	
00:11:02,703	758,7	
00:11:02,740	758,7	
00:11:02,777	758,6	
00:11:02,814	758,5	
00:11:02,851	758,5	
00:11:02,888	758,4	
00:11:02,925	758,4	
00:11:02,962	758,3	
00:11:02,999	758,2	
00:11:03,036	758,2	
00:11:03,073	758,1	
00:11:03,110	758,0	
00:11:03,147	758,0	
00:11:03,184	757,9	
00:11:03,221	757,9	
00:11:03,258	757,8	
00:11:03,295	757,7	
00:11:03,332	757,7	
00:11:03,369	757,6	
00:11:03,406	757,6	
00:11:03,443	757,5	
00:11:03,480	757,4	
00:11:03,517	757,4	
00:11:03,554	757,3	
00:11:03,591	757,2	
00:11:03,628	757,2	
00:11:03,666	757,1	
00:11:03,703	757,1	
00:11:03,740	757,0	
00:11:03,777	756,9	
00:11:03,814	756,9	
00:11:03,851	756,8	
00:11:03,888	756,8	
00:11:03,925	756,7	
00:11:03,962	756,6	
00:11:03,999	756,6	
00:11:04,036	756,5	
00:11:04,073	756,5	
00:11:04,110	756,4	
00:11:04,147	756,3	
00:11:04,184	756,3	
00:11:04,221	756,2	
00:11:04,258	756,1	
00:11:04,295	756,1	
00:11:04,332	756,0	
00:11:04,369	756,0	
00:11:04,406	755,9	
00:11:04,443	755,8	
00:11:04,480	755,8	
00:11:04,517	755,7	
00:11:04,554	755,7	
00:11:04,591	755,6	
00:11:04,628	755,5	
00:11:04,666	755,5	
00:11:04,703	755,4	
00:11:04,740	755,4	
00:11:04,777	755,3	
00:11:04,814	755,2	
00:11:04,851	755,2	
00:11:04,888	755,1	
00:11:04,925	755,0	
00:11:04,962	755,0	
00:11:04,999	754,9	
00:11:05,036	754,9	
00:11:05,073	754,8	
00:11:05,110	754,7	
00:11:05,147	754,7	
00:11:05,184	754,6	
00:11:05,221	754,6	
00:11:05,258	754,5	
00:11:05,295	754,4	
00:11:05,332	754,4	
00:11:05,369	754,3	
00:11:05,406	754,2	
00:11:05,443	754,2	
00:11:05,480	754,1	
00:11:05,517	754,1	
00:11:05,554	754,0	
00:11:05,591	753,9	
00:11:05,628	753,9	
00:11:05,666	753,8	
00:11:05,703	753,8	
00:11:05,740	753,7	
00:11:05,777	753,6	
00:11:05,814	753,6	
00:11:05,851	753,5	
00:11:05,888	753,5	
00:11:05,925	753,4	
00:11:05,962	753,3	
00:11:05,999	753,3	
00:11:06,036	753,2	
00:11:06,073	753,1	
00:11:06,110	753,1	
00:11:06,147	753,0	
00:11:06,184	753,0	
00:11:06,221	752,9	
00:11:06,258	752,9	
00:11:06,295	752,9	
00:11:06,332	752,8	
00:11:06,369	752,8	
00:11:06,406	752,8	
00:11:06,443	752,8	
00:11:06,480	752,8	
00:11:06,517	752,7	
00:11:06,554	752,7	
00:11:06,591	752,7	
00:11:06,628	752,7	
00:11:06,666	752,7	
00:11:06,703	752,6	
00:11:06,740	752,6	
00:11:06,777	752,6	
00:11:06,814	752,6	
00:11:06,851	752,6	
00:11:06,888	752,5	
00:11:06,925	752,5	
00:11:06,962	752,5	
00:11:06,999	752,5	
00:11:07,036	752,5	
00:11:07,073	752,4	
00:11:07,110	752,4	
00:11:07,147	752,4	
00:11:07,184	752,4	
00:11:07,221	752,4	
00:11:07,258	752,3	
00:11:07,295	752,3	
00:11:07,332	752,3	
00:11:07,369	752,3	
00:11:07,406	752,3	
00:11:07,443	752,2	
00:11:07,480	752,2	
00:11:07,517	752,2	
00:11:07,554	752,2	
00:11:07,591	752,2	
00:11:07,628	752,1	
00:11:07,665	752,1	
00:11:07,703	752,1	
00:11:07,740	752,1	
00:11:07,777	752,1	
00:11:07,814	752,0	
00:11:07,851	752,0	
00:11:07,888	752,0	
00:11:07,925	752,0	
00:11:07,962	752,0	
00:11:07,999	751,9	
00:11:08,036	751,9	
00:11:08,073	751,9	
00:11:08,110	751,9	
00:11:08,147	751,8	
00:11:08,184	751,8	
00:11:08,221	751,8	
00:11:08,258	751,8	
00:11:08,295	751,8	
00:11:08,332	751,7	
00:11:08,369	751,7	
00:11:08,406	751,7	
00:11:08,443	751,7	
00:11:08,480	751,7	
00:11:08,517	751,6	
00:11:08,554	751,6	
00:11:08,591	751,6	
00:11:08,628	751,6	
00:11:08,665	751,6	
00:11:08,703	751,5	
00:11:08,740	751,5	
00:11:08,777	751,5	
00:11:08,814	751,5	
00:11:08,851	751,5	
00:11:08,888	751,4	
00:11:08,925	751,4	
00:11:08,962	751,4	
00:11:08,999	751,4	
00:11:09,036	751,4	
00:11:09,073	751,3	
00:11:09,110	751,3	
00:11:09,147	751,3	
00:11:09,184	751,3	
00:11:09,221	751,3	
00:11:09,258	751,2	
00:11:09,295	751,2	
00:11:09,332	751,2	
00:11:09,369	751,2	
00:11:09,406	751,2	
00:11:09,443	751,1	
00:11:09,480	751,1	
00:11:09,517	751,1	
00:11:09,554	751,1	
00:11:09,591	751,1	
00:11:09,628	751,0	
00:11:09,665	751,0	
00:11:09,703	751,0	
00:11:09,740	751,0	
00:11:09,777	751,0	
00:11:09,814	750,9	
00:11:09,851	750,9	
00:11:09,888	750,9	
00:11:09,925	750,9	
00:11:09,962	750,9	
00:11:09,999	750,8	
00:11:10,036	750,8	
00:11:10,073	750,8	
00:11:10,110	750,8	
00:11:10,147	750,8	
00:11:10,184	750,7	
00:11:10,221	750,7	
00:11:10,258	750,7	
00:11:10,295	750,7	
00:11:10,332	750,7	
00:11:10,369	750,6	
00:11:10,406	750,6	
00:11:10,443	750,6	
00:11:10,480	750,6	
00:11:10,517	750,6	
00:11:10,554	750,5	
00:11:10,591	750,5	
00:11:10,628	750,5	
00:11:10,665	750,5	
00:11:10,703	750,5	
00:11:10,740	750,4	
00:11:10,777	750,4	
00:11:10,814	750,4	
00:11:10,851	750,4	
00:11:10,888	750,4	
00:11:10,925	750,3	
00:11:10,962	750,3	
00:11:10,999	750,3	
00:11:11,036	750,3	
00:11:11,073	750,3	
00:11:11,110	750,2	
00:11:11,147	750,2	
00:11:11,184	750,2	
00:11:11,221	750,2	
00:11:11,258	750,2	
00:11:11,295	750,1	
00:11:11,332	750,1	
00:11:11,369	750,1	
00:11:11,406	750,1	
00:11:11,443	750,1	
00:11:11,480	750,0	
00:11:11,517	750,0	
00:11:11,554	750,0	
00:11:11,591	750,0	
00:11:11,628	750,0	
00:11:11,665	749,9	
00:11:11,703	749,9	
00:11:11,740	749,9	
00:11:11,777	749,9	
00:11:11,814	749,8	
00:11:11,851	749,8	
00:11:11,888	749,8	
00:11:11,925	749,8	
00:11:11,962	749,8	
00:11:11,999	749,7	
00:11:12,036	749,7	
00:11:12,073	749,7	
00:11:12,110	749,7	
00:11:12,147	749,7	
00:11:12,184	749,6	
00:11:12,221	749,6	
00:11:12,258	749,6	
00:11:12,295	749,6	
00:11:12,332	749,6	
00:11:12,369	749,5	
00:11:12,406	749,5	
00:11:12,443	749,5	
00:11:12,480	749,5	
00:11:12,517	749,5	
00:11:12,554	749,4	
00:11:12,591	749,4	
00:11:12,628	749,4	
00:11:12,665	749,4	
00:11:12,703	749,4	
00:11:12,740	749,3	
00:11:12,777	749,3	
00:11:12,814	749,3	
00:11:12,851	749,3	
00:11:12,888	749,3	
00:11:12,925	749,2	
00:11:12,962	749,2	
00:11:12,999	749,2	
00:11:13,036	749,2	
00:11:13,073	749,2	
00:11:13,110	749,1	
00:11:13,147	749,1	
00:11:13,184	749,1	
00:11:13,221	749,1	
00:11:13,258	749,1	
00:11:13,295	749,0	
00:11:13,332	749,0	
00:11:13,369	749,0	
00:11:13,406	749,0	
00:11:13,443	749,0	
00:11:13,480	748,9	
00:11:13,517	748,9	
00:11:13,554	748,9	
00:11:13,591	748,9	
00:11:13,628	748,9	
00:11:13,665	748,8	
00:11:13,703	748,8	
00:11:13,740	748,8	
00:11:13,777	748,8	
00:11:13,814	748,8	
00:11:13,851	748,7	
00:11:13,888	748,7	
00:11:13,925	748,7	
00:11:13,962	748,7	
00:11:13,999	748,7	
00:11:14,036	748,6	
00:11:14,073	748,6	
00:11:14,110	748,6	
00:11:14,147	748,6	
00:11:14,184	748,6	
00:11:14,221	748,5	
00:11:14,258	748,5	
00:11:14,295	748,5	
00:11:14,332	748,5	
00:11:14,369	748,5	
00:11:14,406	748,4	
00:11:14,443	748,4	
00:11:14,480	748,4	
00:11:14,517	748,4	
00:11:14,554	748,4	
00:11:14,591	748,3	
00:11:14,628	748,3	
00:11:14,665	748,3	
00:11:14,703	748,3	
00:11:14,740	748,3	
00:11:14,777	748,2	
00:11:14,814	748,2	
00:11:14,851	748,2	
00:11:14,888	748,2	
00:11:14,925	748,2	
00:11:14,962	748,1	
00:11:14,999	748,1	
00:11:15,036	748,1	
00:11:15,073	748,1	
00:11:15,110	748,1	
00:11:15,147	748,0	
00:11:15,184	748,0	
00:11:15,221	748,0	
00:11:15,258	748,0	
00:11:15,295	748,0	
00:11:15,332	747,9	
00:11:15,369	747,9	
00:11:15,406	747,9	
00:11:15,443	747,9	
00:11:15,480	747,8	
00:11:15,517	747,8	
00:11:15,554	747,8	
00:11:15,591	747,8	
00:11:15,628	747,8	
00:11:15,665	747,7	
00:11:15,703	747,7	
00:11:15,740	747,7	
00:11:15,777	747,7	
00:11:15,814	747,7	
00:11:15,851	747,6	
00:11:15,888	747,6	
00:11:15,925	747,6	
00:11:15,962	747,6	
00:11:15,999	747,6	
00:11:16,036	747,5	
00:11:16,073	747,5	
00:11:16,110	747,5	
00:11:16,147	747,5	
00:11:16,184	747,5	
00:11:16,221	747,4	
00:11:16,258	747,4	
00:11:16,295	747,4	
00:11:16,332	747,4	
00:11:16,369	747,4	
00:11:16,406	747,3	
00:11:16,443	747,3	
00:11:16,480	747,3	
00:11:16,517	747,3	
00:11:16,554	747,3	
00:11:16,591	747,2	
00:11:16,628	747,2	
00:11:16,665	747,2	
00:11:16,703	747,2	
00:11:16,740	747,2	
00:11:16,777	747,1	
00:11:16,814	747,1	
00:11:16,851	747,1	
00:11:16,888	747,1	
00:11:16,925	747,1	
00:11:16,962	747,0	
00:11:16,999	747,0	
00:11:17,036	747,0	
00:11:17,073	747,0	
00:11:17,110	747,0	
00:11:17,147	746,9	
00:11:17,184	746,9	
00:11:17,221	746,9	
00:11:17,258	746,9	
00:11:17,295	746,9	
00:11:17,332	746,8	
00:11:17,369	746,8	
00:11:17,406	746,8	
00:11:17,443	746,8	
00:11:17,480	746,8	
00:11:17,517	746,7	
00:11:17,554	746,7	
00:11:17,591	746,7	
00:11:17,628	746,7	
00:11:17,665	746,7	
00:11:17,703	746,6	
00:11:17,740	746,6	
00:11:17,777	746,6	
00:11:17,814	746,6	
00:11:17,851	746,6	
00:11:17,888	746,5	
00:11:17,925	746,5	
00:11:17,962	746,5	
00:11:17,999	746,5	
00:11:18,036	746,5	
00:11:18,073	746,4	
00:11:18,110	746,4	
00:11:18,147	746,4	
00:11:18,184	746,4	
00:11:18,221	746,4	
00:11:18,258	746,3	
00:11:18,295	746,3	
00:11:18,332	746,3	
00:11:18,369	746,3	
00:11:18,406	746,3	
00:11:18,443	746,2	
00:11:18,480	746,2	
00:11:18,517	746,2	
00:11:18,554	746,2	
00:11:18,591	746,2	
00:11:18,628	746,1	
00:11:18,665	746,1	
00:11:18,703	746,1	
00:11:18,740	746,1	
00:11:18,777	746,1	
00:11:18,814	746,0	
00:11:18,851	746,0	
00:11:18,888	746,0	
00:11:18,925	746,0	
00:11:18,962	746,0	
00:11:18,999	745,9	
00:11:19,036	745,9	
00:11:19,073	745,9	
00:11:19,110	745,9	
00:11:19,147	745,9	
00:11:19,184	745,8	
00:11:19,221	745,8	
00:11:19,258	745,8	
00:11:19,295	745,8	
00:11:19,332	745,7	
00:11:19,369	745,7	
00:11:19,406	745,7	
00:11:19,443	745,7	
00:11:19,480	745,7	
00:11:19,517	745,6	
00:11:19,554	745,6	
00:11:19,591	745,6	
00:11:19,628	745,6	
00:11:19,665	745,6	
00:11:19,703	745,5	
00:11:19,740	745,5	
00:11:19,777	745,5	
00:11:19,814	745,5	
00:11:19,851	745,5	
00:11:19,888	745,4	
00:11:19,925	745,4	
00:11:19,962	745,4	
00:11:19,999	745,4	
00:11:20,036	745,4	
00:11:20,073	745,3	
00:11:20,110	745,3	
00:11:20,147	745,3	
00:11:20,184	745,3	
00:11:20,221	745,3	
00:11:20,258	745,2	
00:11:20,295	745,2	
00:11:20,332	745,2	
00:11:20,369	745,2	
00:11:20,406	745,2	
00:11:20,443	745,1	
00:11:20,480	745,1	
00:11:20,517	745,1	
00:11:20,554	745,1	
00:11:20,591	745,1	
00:11:20,628	745,0	
00:11:20,665	745,0	
00:11:20,703	745,0	
00:11:20,740	745,0	
00:11:20,777	745,0	
00:11:20,814	744,9	
00:11:20,851	744,9	
00:11:20,888	744,9	
00:11:20,925	744,9	
00:11:20,962	744,9	
00:11:20,999	744,8	
00:11:21,036	744,8	
00:11:21,073	744,8	
00:11:21,110	744,8	
00:11:21,147	744,8	
00:11:21,184	744,7	
00:11:21,221	744,7	
00:11:21,258	744,7	
00:11:21,295	744,7	
00:11:21,332	744,7	
00:11:21,369	744,6	
00:11:21,406	744,6	
00:11:21,443	744,6	
00:11:21,480	744,6	
00:11:21,517	744,6	
00:11:21,554	744,5	
00:11:21,591	744,5	
00:11:21,628	744,5	
00:11:21,665	744,5	
00:11:21,703	744,5	
00:11:21,740	744,4	
00:11:21,777	744,4	
00:11:21,814	744,4	
00:11:21,851	744,4	
00:11:21,888	744,4	
00:11:21,925	744,3	
00:11:21,962	744,3	
00:11:21,999	744,3	
00:11:22,036	744,3	
00:11:22,073	744,3	
00:11:22,110	744,2	
00:11:22,147	744,2	
00:11:22,184	744,2	
00:11:22,221	744,2	
00:11:22,258	744,2	
00:11:22,295	744,1	
00:11:22,332	744,1	
00:11:22,369	744,1	
00:11:22,406	744,1	
00:11:22,443	744,1	
00:11:22,480	744,0	
00:11:22,517	744,0	
00:11:22,554	744,0	
00:11:22,591	744,0	
00:11:22,628	744,0	
00:11:22,665	743,9	
00:11:22,703	743,9	
00:11:22,740	743,9	
00:11:22,777	743,9	
00:11:22,814	743,9	
00:11:22,851	743,8	
00:11:22,888	743,8	
00:11:22,925	743,8	
00:11:22,962	743,8	
00:11:22,999	743,7	
00:11:23,036	743,7	
00:11:23,073	743,7	
00:11:23,110	743,7	
00:11:23,147	743,7	
00:11:23,184	743,6	
00:11:23,221	743,6	
00:11:23,258	743,6	
00:11:23,295	743,6	
00:11:23,332	743,6	
00:11:23,369	743,5	
00:11:23,406	743,5	
00:11:23,443	743,5	
00:11:23,480	743,5	
00:11:23,517	743,5	
00:11:23,554	743,4	
00:11:23,591	743,4	
00:11:23,628	743,4	
00:11:23,665	743,4	
00:11:23,703	743,4	
00:11:23,740	743,3	
00:11:23,777	743,3	
00:11:23,814	743,3	
00:11:23,851	743,3	
00:11:23,888	743,3	
00:11:23,925	743,2	
00:11:23,962	743,2	
00:11:23,999	743,2	
00:11:24,036	743,2	
00:11:24,073	743,2	
00:11:24,110	743,1	
00:11:24,147	743,1	
00:11:24,184	743,1	
00:11:24,221	743,1	
00:11:24,258	743,1	
00:11:24,295	743,0	
00:11:24,332	743,0	
00:11:24,369	743,0	
00:11:24,406	743,0	
00:11:24,443	743,0	
00:11:24,480	742,9	
00:11:24,517	742,9	
00:11:24,554	742,9	
00:11:24,591	742,9	
00:11:24,628	742,9	
00:11:24,665	742,8	
00:11:24,703	742,8	
00:11:24,740	742,8	
00:11:24,777	742,8	
00:11:24,814	742,8	
00:11:24,851	742,7	
00:11:24,888	742,7	
00:11:24,925	742,7	
00:11:24,962	742,7	
00:11:24,999	742,7	
00:11:25,036	742,6	
00:11:25,073	742,6	
00:11:25,110	742,6	
00:11:25,147	742,6	
00:11:25,184	742,6	
00:11:25,221	742,5	
00:11:25,258	742,5	
00:11:25,295	742,5	
00:11:25,332	742,5	
00:11:25,369	742,5	
00:11:25,406	742,4	
00:11:25,443	742,4	
00:11:25,480	742,4	
00:11:25,517	742,4	
00:11:25,554	742,4	
00:11:25,591	742,3	
00:11:25,628	742,3	
00:11:25,665	742,3	
00:11:25,703	742,3	
00:11:25,740	742,3	
00:11:25,777	742,2	
00:11:25,814	742,2	
00:11:25,851	742,2	
00:11:25,888	742,2	
00:11:25,925	742,2	
00:11:25,962	742,1	
00:11:25,999	742,1	
00:11:26,036	742,1	
00:11:26,073	742,1	
00:11:26,110	742,1	
00:11:26,147	742,0	
00:11:26,184	742,0	
00:11:26,221	742,0	
00:11:26,258	742,0	
00:11:26,295	742,0	
00:11:26,332	741,9	
00:11:26,369	741,9	
00:11:26,406	741,9	
00:11:26,443	741,9	
00:11:26,480	741,9	
00:11:26,517	741,8	
00:11:26,554	741,8	
00:11:26,591	741,8	
00:11:26,628	741,8	
00:11:26,665	741,7	
00:11:26,703	741,7	
00:11:26,740	741,7	
00:11:26,777	741,7	
00:11:26,814	741,7	
00:11:26,851	741,6	
00:11:26,888	741,6	
00:11:26,925	741,6	
00:11:26,962	741,6	
00:11:26,999	741,6	
00:11:27,036	741,5	
00:11:27,073	741,5	
00:11:27,110	741,5	
00:11:27,147	741,5	
00:11:27,184	741,5	
00:11:27,221	741,4	
00:11:27,258	741,4	
00:11:27,295	741,4	
00:11:27,332	741,4	
00:11:27,369	741,4	
00:11:27,406	741,3	
00:11:27,443	741,3	
00:11:27,480	741,3	
00:11:27,517	741,3	
00:11:27,554	741,3	
00:11:27,591	741,2	
00:11:27,628	741,2	
00:11:27,665	741,2	
00:11:27,703	741,2	
00:11:27,740	741,2	
00:11:27,777	741,1	
00:11:27,814	741,1	
00:11:27,851	741,1	
00:11:27,888	741,1	
00:11:27,925	741,1	
00:11:27,962	741,0	
00:11:27,999	741,0	
00:11:28,036	741,0	
00:11:28,073	741,0	
00:11:28,110	741,0	
00:11:28,147	740,9	
00:11:28,184	740,9	
00:11:28,221	740,9	
00:11:28,258	740,9	
00:11:28,295	740,9	
00:11:28,332	740,8	
00:11:28,369	740,8	
00:11:28,406	740,8	
00:11:28,443	740,9	
00:11:28,480	740,9	
00:11:28,517	741,0	
00:11:28,554	741,0	
00:11:28,591	741,1	
00:11:28,628	741,1	
00:11:28,665	741,2	
00:11:28,703	741,2	
00:11:28,740	741,3	
00:11:28,777	741,3	
00:11:28,814	741,4	
00:11:28,851	741,4	
00:11:28,888	741,5	
00:11:28,925	741,5	
00:11:28,962	741,6	
00:11:28,999	741,6	
00:11:29,036	741,7	
00:11:29,073	741,8	
00:11:29,110	741,8	
00:11:29,147	741,9	
00:11:29,184	741,9	
00:11:29,221	742,0	
00:11:29,258	742,0	
00:11:29,295	742,1	
00:11:29,332	742,1	
00:11:29,369	742,2	
00:11:29,406	742,2	
00:11:29,443	742,3	
00:11:29,480	742,3	
00:11:29,517	742,4	
00:11:29,554	742,4	
00:11:29,591	742,5	
00:11:29,628	742,5	
00:11:29,665	742,6	
00:11:29,703	742,7	
00:11:29,740	742,7	
00:11:29,777	742,8	
00:11:29,814	742,8	
00:11:29,851	742,9	
00:11:29,888	742,9	
00:11:29,925	743,0	
00:11:29,962	743,0	
00:11:29,999	743,1	
00:11:30,036	743,1	
00:11:30,073	743,2	
00:11:30,110	743,2	
00:11:30,147	743,3	
00:11:30,184	743,3	
00:11:30,221	743,4	
00:11:30,258	743,4	
00:11:30,295	743,5	
00:11:30,332	743,6	
00:11:30,369	743,6	
00:11:30,406	743,7	
00:11:30,443	743,7	
00:11:30,480	743,8	
00:11:30,517	743,8	
00:11:30,554	743,9	
00:11:30,591	743,9	
00:11:30,628	744,0	
00:11:30,665	744,0	
00:11:30,703	744,1	
00:11:30,740	744,1	
00:11:30,777	744,2	
00:11:30,814	744,2	
00:11:30,851	744,3	
00:11:30,888	744,3	
00:11:30,925	744,4	
00:11:30,962	744,5	
00:11:30,999	744,5	
00:11:31,036	744,6	
00:11:31,073	744,6	
00:11:31,110	744,7	
00:11:31,147	744,7	
00:11:31,184	744,8	
00:11:31,221	744,8	
00:11:31,258	744,9	
00:11:31,295	744,9	
00:11:31,332	745,0	
00:11:31,369	745,0	
00:11:31,406	745,1	
00:11:31,443	745,1	
00:11:31,480	745,2	
00:11:31,517	745,2	
00:11:31,554	745,3	
00:11:31,591	745,4	
00:11:31,628	745,4	
00:11:31,665	745,5	
00:11:31,703	745,5	
00:11:31,740	745,6	
00:11:31,777	745,6	
00:11:31,814	745,7	
00:11:31,851	745,7	
00:11:31,888	745,8	
00:11:31,925	745,8	
00:11:31,962	745,9	
00:11:31,999	745,9	
00:11:32,036	746,0	
00:11:32,073	746,0	
00:11:32,110	746,1	
00:11:32,147	746,1	
00:11:32,184	746,2	
00:11:32,221	746,3	
00:11:32,258	746,3	
00:11:32,295	746,4	
00:11:32,332	746,4	
00:11:32,369	746,5	
00:11:32,406	746,5	
00:11:32,443	746,6	
00:11:32,480	746,6	
00:11:32,517	746,7	
00:11:32,554	746,7	
00:11:32,591	746,8	
00:11:32,628	746,8	
00:11:32,665	746,9	
00:11:32,703	746,9	
00:11:32,740	747,0	
00:11:32,777	747,0	
00:11:32,814	747,1	
00:11:32,851	747,2	
00:11:32,888	747,2	
00:11:32,925	747,3	
00:11:32,962	747,3	
00:11:32,999	747,4	
00:11:33,036	747,4	
00:11:33,073	747,5	
00:11:33,110	747,5	
00:11:33,147	747,6	
00:11:33,184	747,6	
00:11:33,221	747,7	
00:11:33,258	747,7	
00:11:33,295	747,8	
00:11:33,332	747,8	
00:11:33,369	747,9	
00:11:33,406	747,9	
00:11:33,443	748,0	
00:11:33,480	748,1	
00:11:33,517	748,1	
00:11:33,554	748,2	
00:11:33,591	748,2	
00:11:33,628	748,3	
00:11:33,665	748,3	
00:11:33,703	748,4	
00:11:33,740	748,4	
00:11:33,777	748,5	
00:11:33,814	748,5	
00:11:33,851	748,6	
00:11:33,888	748,6	
00:11:33,925	748,7	
00:11:33,962	748,7	
00:11:33,999	748,8	
00:11:34,036	748,8	
00:11:34,073	748,9	
00:11:34,110	749,0	
00:11:34,147	749,0	
00:11:34,184	749,1	
00:11:34,221	749,1	
00:11:34,258	749,2	
00:11:34,295	749,2	
00:11:34,332	749,3	
00:11:34,369	749,3	
00:11:34,406	749,4	
00:11:34,443	749,4	
00:11:34,480	749,5	
00:11:34,517	749,5	
00:11:34,554	749,6	
00:11:34,591	749,6	
00:11:34,628	749,7	
00:11:34,665	749,7	
00:11:34,703	749,8	
00:11:34,740	749,8	
00:11:34,777	749,9	
00:11:34,814	750,0	
00:11:34,851	750,0	
00:11:34,888	750,1	
00:11:34,925	750,1	
00:11:34,962	750,2	
00:11:34,999	750,2	
00:11:35,036	750,3	
00:11:35,073	750,3	
00:11:35,110	750,4	
00:11:35,147	750,4	
00:11:35,184	750,5	
00:11:35,221	750,5	
00:11:35,258	750,6	
00:11:35,295	750,6	
00:11:35,332	750,7	
00:11:35,369	750,7	
00:11:35,406	750,8	
00:11:35,443	750,9	
00:11:35,480	750,9	
00:11:35,517	751,0	
00:11:35,554	751,0	
00:11:35,591	751,1	
00:11:35,628	751,1	
00:11:35,665	751,2	
00:11:35,703	751,2	
00:11:35,740	751,3	
00:11:35,777	751,3	
00:11:35,814	751,4	
00:11:35,851	751,4	
00:11:35,888	751,5	
00:11:35,925	751,5	
00:11:35,962	751,6	
00:11:35,999	751,6	
00:11:36,036	751,7	
00:11:36,073	751,8	
00:11:36,110	751,8	
00:11:36,147	751,9	
00:11:36,184	751,9	
00:11:36,221	752,0	
00:11:36,258	752,0	
00:11:36,295	752,1	
00:11:36,332	752,1	
00:11:36,369	752,2	
00:11:36,406	752,2	
00:11:36,443	752,3	
00:11:36,480	752,3	
00:11:36,517	752,4	
00:11:36,554	752,4	
00:11:36,591	752,5	
00:11:36,628	752,5	
00:11:36,665	752,6	
00:11:36,703	752,7	
00:11:36,740	752,7	
00:11:36,777	752,8	
00:11:36,814	752,8	
00:11:36,851	752,9	
00:11:36,888	752,9	
00:11:36,925	753,0	
00:11:36,962	753,0	
00:11:36,999	753,1	
00:11:37,036	753,1	
00:11:37,073	753,2	
00:11:37,110	753,2	
00:11:37,147	753,3	
00:11:37,184	753,3	
00:11:37,221	753,4	
00:11:37,258	753,4	
00:11:37,295	753,5	
00:11:37,332	753,6	
00:11:37,369	753,6	
00:11:37,406	753,7	
00:11:37,443	753,7	
00:11:37,480	753,8	
00:11:37,517	753,8	
00:11:37,554	753,9	
00:11:37,591	753,9	
00:11:37,628	754,0	
00:11:37,665	754,0	
00:11:37,703	754,1	
00:11:37,740	754,1	
00:11:37,777	754,2	
00:11:37,814	754,2	
00:11:37,851	754,3	
00:11:37,888	754,3	
00:11:37,925	754,4	
00:11:37,962	754,5	
00:11:37,999	754,5	
00:11:38,036	754,6	
00:11:38,073	754,6	
00:11:38,110	754,7	
00:11:38,147	754,7	
00:11:38,184	754,8	
00:11:38,221	754,8	
00:11:38,258	754,9	
00:11:38,295	754,9	
00:11:38,332	755,0	
00:11:38,369	755,0	
00:11:38,406	755,1	
00:11:38,443	755,1	
00:11:38,480	755,2	
00:11:38,517	755,2	
00:11:38,554	755,3	
00:11:38,591	755,4	
00:11:38,628	755,4	
00:11:38,665	755,5	
00:11:38,703	755,5	
00:11:38,740	755,6	
00:11:38,777	755,6	
00:11:38,814	755,7	
00:11:38,851	755,7	
00:11:38,888	755,8	
00:11:38,925	755,8	
00:11:38,962	755,9	
00:11:38,999	755,9	
00:11:39,036	756,0	
00:11:39,073	756,0	
00:11:39,110	756,1	
00:11:39,147	756,1	
00:11:39,184	756,2	
00:11:39,221	756,3	
00:11:39,258	756,3	
00:11:39,295	756,4	
00:11:39,332	756,4	
00:11:39,369	756,5	
00:11:39,406	756,5	
00:11:39,443	756,6	
00:11:39,480	756,6	
00:11:39,517	756,7	
00:11:39,554	756,7	
00:11:39,591	756,8	
00:11:39,628	756,8	
00:11:39,665	756,9	
00:11:39,703	756,9	
00:11:39,740	757,0	
00:11:39,777	757,0	
00:11:39,814	757,1	
00:11:39,851	757,2	
00:11:39,888	757,2	
00:11:39,925	757,3	
00:11:39,962	757,3	
00:11:39,999	757,4	
00:11:40,036	757,4	
00:11:40,073	757,5	
00:11:40,110	757,5	
00:11:40,147	757,6	
00:11:40,184	757,6	
00:11:40,221	757,7	
00:11:40,258	757,7	
00:11:40,295	757,8	
00:11:40,332	757,8	
00:11:40,369	757,9	
00:11:40,406	757,9	
00:11:40,443	758,0	
00:11:40,480	758,1	
00:11:40,517	758,1	
00:11:40,554	758,2	
00:11:40,591	758,2	
00:11:40,628	758,3	
00:11:40,665	758,3	
00:11:40,703	758,4	
00:11:40,740	758,4	
00:11:40,777	758,5	
00:11:40,814	758,5	
00:11:40,851	758,6	
00:11:40,888	758,6	
00:11:40,925	758,7	
00:11:40,962	758,7	
00:11:40,999	758,8	
00:11:41,036	758,8	
00:11:41,073	758,9	
00:11:41,110	759,0	
00:11:41,147	759,0	
00:11:41,184	759,1	
00:11:41,221	759,1	
00:11:41,258	759,2	
00:11:41,295	759,2	
00:11:41,332	759,3	
00:11:41,369	759,3	
00:11:41,406	759,4	
00:11:41,443	759,4	
00:11:41,480	759,5	
00:11:41,517	759,5	
00:11:41,554	759,6	
00:11:41,591	759,6	
00:11:41,628	759,7	
00:11:41,665	759,7	
00:11:41,703	759,8	
00:11:41,740	759,9	
00:11:41,777	759,9	
00:11:41,814	760,0	
00:11:41,851	760,0	
00:11:41,888	760,1	
00:11:41,925	760,1	
00:11:41,962	760,2	
00:11:41,999	760,2	
00:11:42,036	760,3	
00:11:42,073	760,3	
00:11:42,110	760,4	
00:11:42,147	760,4	
00:11:42,184	760,5	
00:11:42,221	760,5	
00:11:42,258	760,6	
00:11:42,295	760,6	
00:11:42,332	760,7	
00:11:42,369	760,8	
00:11:42,406	760,8	
00:11:42,443	760,9	
00:11:42,480	760,9	
00:11:42,517	761,0	
00:11:42,554	761,0	
00:11:42,591	761,1	
00:11:42,628	761,1	
00:11:42,665	761,2	
00:11:42,703	761,2	
00:11:42,740	761,3	
00:11:42,777	761,3	
00:11:42,814	761,4	
00:11:42,851	761,4	
00:11:42,888	761,5	
00:11:42,925	761,5	
00:11:42,962	761,6	
00:11:42,999	761,7	
00:11:43,036	761,7	
00:11:43,073	761,8	
00:11:43,110	761,8	
00:11:43,147	761,9	
00:11:43,184	761,9	
00:11:43,221	762,0	
00:11:43,258	762,0	
00:11:43,295	762,1	
00:11:43,332	762,1	
00:11:43,369	762,2	
00:11:43,406	762,2	
00:11:43,443	762,3	
00:11:43,480	762,3	
00:11:43,517	762,4	
00:11:43,554	762,4	
00:11:43,591	762,5	
00:11:43,628	762,6	
00:11:43,665	762,6	
00:11:43,703	762,7	
00:11:43,740	762,7	
00:11:43,777	762,8	
00:11:43,814	762,8	
00:11:43,851	762,9	
00:11:43,888	762,9	
00:11:43,925	763,0	
00:11:43,962	763,0	
00:11:43,999	763,1	
00:11:44,036	763,1	
00:11:44,073	763,2	
00:11:44,110	763,2	
00:11:44,147	763,3	
00:11:44,184	763,3	
00:11:44,221	763,4	
00:11:44,258	763,5	
00:11:44,295	763,5	
00:11:44,332	763,6	
00:11:44,369	763,6	
00:11:44,406	763,7	
00:11:44,443	763,7	
00:11:44,480	763,8	
00:11:44,517	763,8	
00:11:44,554	763,9	
00:11:44,591	763,9	
00:11:44,628	764,0	
00:11:44,665	764,0	
00:11:44,702	764,1	
00:11:44,740	764,1	
00:11:44,777	764,2	
00:11:44,814	764,2	
00:11:44,851	764,3	
00:11:44,888	764,4	
00:11:44,925	764,4	
00:11:44,962	764,5	
00:11:44,999	764,5	
00:11:45,036	764,6	
00:11:45,073	764,6	
00:11:45,110	764,7	
00:11:45,147	764,7	
00:11:45,184	764,8	
00:11:45,221	764,8	
00:11:45,258	764,9	
00:11:45,295	764,9	
00:11:45,332	765,0	
00:11:45,369	765,0	
00:11:45,406	765,1	
00:11:45,443	765,1	
00:11:45,480	765,2	
00:11:45,517	765,3	
00:11:45,554	765,3	
00:11:45,591	765,4	
00:11:45,628	765,4	
00:11:45,665	765,5	
00:11:45,702	765,5	
00:11:45,740	765,6	
00:11:45,777	765,6	
00:11:45,814	765,7	
00:11:45,851	765,7	
00:11:45,888	765,8	
00:11:45,925	765,8	
00:11:45,962	765,9	
00:11:45,999	765,9	
00:11:46,036	766,0	
00:11:46,073	766,0	
00:11:46,110	766,1	
00:11:46,147	766,1	
00:11:46,184	766,2	
00:11:46,221	766,3	
00:11:46,258	766,3	
00:11:46,295	766,4	
00:11:46,332	766,4	
00:11:46,369	766,5	
00:11:46,406	766,5	
00:11:46,443	766,6	
00:11:46,480	766,6	
00:11:46,517	766,7	
00:11:46,554	766,7	
00:11:46,591	766,8	
00:11:46,628	766,8	
00:11:46,665	766,9	
00:11:46,702	766,9	
00:11:46,740	767,0	
00:11:46,777	767,0	
00:11:46,814	767,1	
00:11:46,851	767,2	
00:11:46,888	767,2	
00:11:46,925	767,3	
00:11:46,962	767,3	
00:11:46,999	767,4	
00:11:47,036	767,4	
00:11:47,073	767,5	
00:11:47,110	767,5	
00:11:47,147	767,6	
00:11:47,184	767,6	
00:11:47,221	767,7	
00:11:47,258	767,7	
00:11:47,295	767,8	
00:11:47,332	767,8	
00:11:47,369	767,9	
00:11:47,406	767,9	
00:11:47,443	768,0	
00:11:47,480	768,1	
00:11:47,517	768,1	
00:11:47,554	768,2	
00:11:47,591	768,2	
00:11:47,628	768,3	
00:11:47,665	768,3	
00:11:47,702	768,4	
00:11:47,740	768,4	
00:11:47,777	768,5	
00:11:47,814	768,5	
00:11:47,851	768,6	
00:11:47,888	768,6	
00:11:47,925	768,7	
00:11:47,962	768,7	
00:11:47,999	768,8	
00:11:48,036	768,8	
00:11:48,073	768,9	
00:11:48,110	769,0	
00:11:48,147	769,0	
00:11:48,184	769,1	
00:11:48,221	769,1	
00:11:48,258	769,2	
00:11:48,295	769,2	
00:11:48,332	769,3	
00:11:48,369	769,3	
00:11:48,406	769,4	
00:11:48,443	769,4	
00:11:48,480	769,5	
00:11:48,517	769,5	
00:11:48,554	769,6	
00:11:48,591	769,6	
00:11:48,628	769,7	
00:11:48,665	769,7	
00:11:48,702	769,8	
00:11:48,740	769,9	
00:11:48,777	769,9	
00:11:48,814	770,0	
00:11:48,851	770,0	
00:11:48,888	770,1	
00:11:48,925	770,1	
00:11:48,962	770,2	
00:11:48,999	770,2	
00:11:49,036	770,3	
00:11:49,073	770,3	
00:11:49,110	770,4	
00:11:49,147	770,4	
00:11:49,184	770,5	
00:11:49,221	770,5	
00:11:49,258	770,6	
00:11:49,295	770,6	
00:11:49,332	770,7	
00:11:49,369	770,8	
00:11:49,406	770,8	
00:11:49,443	770,9	
00:11:49,480	770,9	
00:11:49,517	771,0	
00:11:49,554	771,0	
00:11:49,591	771,1	
00:11:49,628	771,1	
00:11:49,665	771,2	
00:11:49,702	771,2	
00:11:49,740	771,3	
00:11:49,777	771,3	
00:11:49,814	771,4	
00:11:49,851	771,4	
00:11:49,888	771,5	
00:11:49,925	771,5	
00:11:49,962	771,6	
00:11:49,999	771,7	
00:11:50,036	771,7	
00:11:50,073	771,8	
00:11:50,110	771,8	
00:11:50,147	771,9	
00:11:50,184	771,9	
00:11:50,221	772,0	
00:11:50,258	772,0	
00:11:50,295	772,1	
00:11:50,332	772,1	
00:11:50,369	772,2	
00:11:50,406	772,2	
00:11:50,443	772,3	
00:11:50,480	772,3	
00:11:50,517	772,4	
00:11:50,554	772,4	
00:11:50,591	772,5	
00:11:50,628	772,6	
00:11:50,665	772,6	
00:11:50,702	772,7	
00:11:50,740	772,7	
00:11:50,777	772,8	
00:11:50,814	772,8	
00:11:50,851	772,9	
00:11:50,888	772,9	
00:11:50,925	773,0	
00:11:50,962	773,0	
00:11:50,999	773,1	
00:11:51,036	773,1	
00:11:51,073	773,2	
00:11:51,110	773,2	
00:11:51,147	773,3	
00:11:51,184	773,3	
00:11:51,221	773,4	
00:11:51,258	773,5	
00:11:51,295	773,5	
00:11:51,332	773,6	
00:11:51,369	773,6	
00:11:51,406	773,7	
00:11:51,443	773,7	
00:11:51,480	773,8	
00:11:51,517	773,8	
00:11:51,554	773,9	
00:11:51,591	773,9	
00:11:51,628	774,0	
00:11:51,665	774,0	
00:11:51,702	774,1	
00:11:51,740	774,1	
00:11:51,777	774,2	
00:11:51,814	774,2	
00:11:51,851	774,3	
00:11:51,888	774,3	
00:11:51,925	774,4	
00:11:51,962	774,4	
00:11:51,999	774,5	
00:11:52,036	774,5	
00:11:52,073	774,5	
00:11:52,110	774,6	
00:11:52,147	774,6	
00:11:52,184	774,7	
00:11:52,221	774,7	
00:11:52,258	774,7	
00:11:52,295	774,8	
00:11:52,332	774,8	
00:11:52,369	774,9	
00:11:52,406	774,9	
00:11:52,443	774,9	
00:11:52,480	775,0	
00:11:52,517	775,0	
00:11:52,554	775,1	
00:11:52,591	775,1	
00:11:52,628	775,1	
00:11:52,665	775,2	
00:11:52,702	775,2	
00:11:52,740	775,3	
00:11:52,777	775,3	
00:11:52,814	775,3	
00:11:52,851	775,4	
00:11:52,888	775,4	
00:11:52,925	775,5	
00:11:52,962	775,5	
00:11:52,999	775,5	
00:11:53,036	775,6	
00:11:53,073	775,6	
00:11:53,110	775,7	
00:11:53,147	775,7	
00:11:53,184	775,7	
00:11:53,221	775,8	
00:11:53,258	775,8	
00:11:53,295	775,9	
00:11:53,332	775,9	
00:11:53,369	775,9	
00:11:53,406	776,0	
00:11:53,443	776,0	
00:11:53,480	776,1	
00:11:53,517	776,1	
00:11:53,554	776,1	
00:11:53,591	776,2	
00:11:53,628	776,2	
00:11:53,665	776,3	
00:11:53,702	776,3	
00:11:53,740	776,3	
00:11:53,777	776,4	
00:11:53,814	776,4	
00:11:53,851	776,5	
00:11:53,888	776,5	
00:11:53,925	776,5	
00:11:53,962	776,6	
00:11:53,999	776,6	
00:11:54,036	776,7	
00:11:54,073	776,7	
00:11:54,110	776,7	
00:11:54,147	776,8	
00:11:54,184	776,8	
00:11:54,221	776,9	
00:11:54,258	776,9	
00:11:54,295	776,9	
00:11:54,332	777,0	
00:11:54,369	777,0	
00:11:54,406	777,1	
00:11:54,443	777,1	
00:11:54,480	777,1	
00:11:54,517	777,2	
00:11:54,554	777,2	
00:11:54,591	777,3	
00:11:54,628	777,3	
00:11:54,665	777,3	
00:11:54,702	777,4	
00:11:54,740	777,4	
00:11:54,777	777,5	
00:11:54,814	777,5	
00:11:54,851	777,5	
00:11:54,888	777,6	
00:11:54,925	777,6	
00:11:54,962	777,6	
00:11:54,999	777,7	
00:11:55,036	777,7	
00:11:55,073	777,8	
00:11:55,110	777,8	
00:11:55,147	777,8	
00:11:55,184	777,9	
00:11:55,221	777,9	
00:11:55,258	778,0	
00:11:55,295	778,0	
00:11:55,332	778,0	
00:11:55,369	778,1	
00:11:55,406	778,1	
00:11:55,443	778,2	
00:11:55,480	778,2	
00:11:55,517	778,2	
00:11:55,554	778,3	
00:11:55,591	778,3	
00:11:55,628	778,4	
00:11:55,665	778,4	
00:11:55,702	778,4	
00:11:55,740	778,5	
00:11:55,777	778,5	
00:11:55,814	778,6	
00:11:55,851	778,6	
00:11:55,888	778,6	
00:11:55,925	778,7	
00:11:55,962	778,7	
00:11:55,999	778,8	
00:11:56,036	778,8	
00:11:56,073	778,8	
00:11:56,110	778,9	
00:11:56,147	778,9	
00:11:56,184	779,0	
00:11:56,221	779,0	
00:11:56,258	779,0	
00:11:56,295	779,1	
00:11:56,332	779,1	
00:11:56,369	779,2	
00:11:56,406	779,2	
00:11:56,443	779,2	
00:11:56,480	779,3	
00:11:56,517	779,3	
00:11:56,554	779,4	
00:11:56,591	779,4	
00:11:56,628	779,4	
00:11:56,665	779,5	
00:11:56,702	779,5	
00:11:56,740	779,6	
00:11:56,777	779,6	
00:11:56,814	779,6	
00:11:56,851	779,7	
00:11:56,888	779,7	
00:11:56,925	779,8	
00:11:56,962	779,8	
00:11:56,999	779,8	
00:11:57,036	779,9	
00:11:57,073	779,9	
00:11:57,110	780,0	
00:11:57,147	780,0	
00:11:57,184	780,0	
00:11:57,221	780,1	
00:11:57,258	780,1	
00:11:57,295	780,2	
00:11:57,332	780,2	
00:11:57,369	780,2	
00:11:57,406	780,3	
00:11:57,443	780,3	
00:11:57,480	780,4	
00:11:57,517	780,4	
00:11:57,554	780,4	
00:11:57,591	780,5	
00:11:57,628	780,5	
00:11:57,665	780,6	
00:11:57,702	780,6	
00:11:57,740	780,6	
00:11:57,777	780,7	
00:11:57,814	780,7	
00:11:57,851	780,8	
00:11:57,888	780,8	
00:11:57,925	780,8	
00:11:57,962	780,9	
00:11:57,999	780,9	
00:11:58,036	781,0	
00:11:58,073	781,0	
00:11:58,110	781,0	
00:11:58,147	781,1	
00:11:58,184	781,1	
00:11:58,221	781,2	
00:11:58,258	781,2	
00:11:58,295	781,2	
00:11:58,332	781,3	
00:11:58,369	781,3	
00:11:58,406	781,4	
00:11:58,443	781,4	
00:11:58,480	781,4	
00:11:58,517	781,5	
00:11:58,554	781,5	
00:11:58,591	781,6	
00:11:58,628	781,6	
00:11:58,665	781,6	
00:11:58,702	781,7	
00:11:58,740	781,7	
00:11:58,777	781,8	
00:11:58,814	781,8	
00:11:58,851	781,8	
00:11:58,888	781,9	
00:11:58,925	781,9	
00:11:58,962	782,0	
00:11:58,999	782,0	
00:11:59,036	782,0	
00:11:59,073	782,1	
00:11:59,110	782,1	
00:11:59,147	782,2	
00:11:59,184	782,2	
00:11:59,221	782,2	
00:11:59,258	782,3	
00:11:59,295	782,3	
00:11:59,332	782,4	
00:11:59,369	782,4	
00:11:59,406	782,4	
00:11:59,443	782,5	
00:11:59,480	782,5	
00:11:59,517	782,6	
00:11:59,554	782,6	
00:11:59,591	782,6	
00:11:59,628	782,7	
00:11:59,665	782,7	
00:11:59,702	782,8	
00:11:59,740	782,8	
00:11:59,777	782,8	
00:11:59,814	782,9	
00:11:59,851	782,9	
00:11:59,888	783,0	
00:11:59,925	783,0	
00:11:59,962	783,0	
00:11:59,999	783,1	
00:12:00,036	783,1	
00:12:00,073	783,2	
00:12:00,110	783,2	
00:12:00,147	783,2	
00:12:00,184	783,3	
00:12:00,221	783,3	
00:12:00,258	783,4	
00:12:00,295	783,4	
00:12:00,332	783,4	
00:12:00,369	783,5	
00:12:00,406	783,5	
00:12:00,443	783,6	
00:12:00,480	783,6	
00:12:00,517	783,6	
00:12:00,554	783,7	
00:12:00,591	783,7	
00:12:00,628	783,8	
00:12:00,665	783,8	
00:12:00,702	783,8	
00:12:00,740	783,9	
00:12:00,777	783,9	
00:12:00,814	783,9	
00:12:00,851	784,0	
00:12:00,888	784,0	
00:12:00,925	784,1	
00:12:00,962	784,1	
00:12:00,999	784,1	
00:12:01,036	784,2	
00:12:01,073	784,2	
00:12:01,110	784,3	
00:12:01,147	784,3	
00:12:01,184	784,3	
00:12:01,221	784,4	
00:12:01,258	784,4	
00:12:01,295	784,5	
00:12:01,332	784,5	
00:12:01,369	784,5	
00:12:01,406	784,6	
00:12:01,443	784,6	
00:12:01,480	784,7	
00:12:01,517	784,7	
00:12:01,554	784,7	
00:12:01,591	784,8	
00:12:01,628	784,8	
00:12:01,665	784,9	
00:12:01,702	784,9	
00:12:01,740	784,9	
00:12:01,777	785,0	
00:12:01,814	785,0	
00:12:01,851	785,1	
00:12:01,888	785,1	
00:12:01,925	785,1	
00:12:01,962	785,2	
00:12:01,999	785,2	
00:12:02,036	785,3	
00:12:02,073	785,3	
00:12:02,110	785,3	
00:12:02,147	785,4	
00:12:02,184	785,4	
00:12:02,221	785,5	
00:12:02,258	785,5	
00:12:02,295	785,5	
00:12:02,332	785,6	
00:12:02,369	785,6	
00:12:02,406	785,7	
00:12:02,443	785,7	
00:12:02,480	785,7	
00:12:02,517	785,8	
00:12:02,554	785,8	
00:12:02,591	785,9	
00:12:02,628	785,9	
00:12:02,665	785,9	
00:12:02,702	786,0	
00:12:02,740	786,0	
00:12:02,777	786,1	
00:12:02,814	786,1	
00:12:02,851	786,1	
00:12:02,888	786,2	
00:12:02,925	786,2	
00:12:02,962	786,3	
00:12:02,999	786,3	
00:12:03,036	786,3	
00:12:03,073	786,4	
00:12:03,110	786,4	
00:12:03,147	786,5	
00:12:03,184	786,5	
00:12:03,221	786,5	
00:12:03,258	786,6	
00:12:03,295	786,6	
00:12:03,332	786,7	
00:12:03,369	786,7	
00:12:03,406	786,7	
00:12:03,443	786,8	
00:12:03,480	786,8	
00:12:03,517	786,9	
00:12:03,554	786,9	
00:12:03,591	786,9	
00:12:03,628	787,0	
00:12:03,665	787,0	
00:12:03,702	787,1	
00:12:03,740	787,1	
00:12:03,777	787,1	
00:12:03,814	787,2	
00:12:03,851	787,2	
00:12:03,888	787,3	
00:12:03,925	787,3	
00:12:03,962	787,3	
00:12:03,999	787,4	
00:12:04,036	787,4	
00:12:04,073	787,5	
00:12:04,110	787,5	
00:12:04,147	787,5	
00:12:04,184	787,6	
00:12:04,221	787,6	
00:12:04,258	787,7	
00:12:04,295	787,7	
00:12:04,332	787,7	
00:12:04,369	787,8	
00:12:04,406	787,8	
00:12:04,443	787,9	
00:12:04,480	787,9	
00:12:04,517	787,9	
00:12:04,554	788,0	
00:12:04,591	788,0	
00:12:04,628	788,1	
00:12:04,665	788,1	
00:12:04,702	788,1	
00:12:04,740	788,2	
00:12:04,777	788,2	
00:12:04,814	788,3	
00:12:04,851	788,3	
00:12:04,888	788,3	
00:12:04,925	788,4	
00:12:04,962	788,4	
00:12:04,999	788,5	
00:12:05,036	788,5	
00:12:05,073	788,5	
00:12:05,110	788,6	
00:12:05,147	788,6	
00:12:05,184	788,7	
00:12:05,221	788,7	
00:12:05,258	788,7	
00:12:05,295	788,8	
00:12:05,332	788,8	
00:12:05,369	788,9	
00:12:05,406	788,9	
00:12:05,443	788,9	
00:12:05,480	789,0	
00:12:05,517	789,0	
00:12:05,554	789,1	
00:12:05,591	789,1	
00:12:05,628	789,1	
00:12:05,665	789,2	
00:12:05,702	789,2	
00:12:05,740	789,3	
00:12:05,777	789,3	
00:12:05,814	789,3	
00:12:05,851	789,4	
00:12:05,888	789,4	
00:12:05,925	789,5	
00:12:05,962	789,5	
00:12:05,999	789,5	
00:12:06,036	789,6	
00:12:06,073	789,6	
00:12:06,110	789,7	
00:12:06,147	789,7	
00:12:06,184	789,7	
00:12:06,221	789,8	
00:12:06,258	789,8	
00:12:06,295	789,9	
00:12:06,332	789,9	
00:12:06,369	789,9	
00:12:06,406	790,0	
00:12:06,443	790,0	
00:12:06,480	790,1	
00:12:06,517	790,1	
00:12:06,554	790,1	
00:12:06,591	790,2	
00:12:06,628	790,2	
00:12:06,665	790,3	
00:12:06,702	790,3	
00:12:06,740	790,3	
00:12:06,777	790,4	
00:12:06,814	790,4	
00:12:06,851	790,4	
00:12:06,888	790,5	
00:12:06,925	790,5	
00:12:06,962	790,6	
00:12:06,999	790,6	
00:12:07,036	790,6	
00:12:07,073	790,7	
00:12:07,110	790,7	
00:12:07,147	790,8	
00:12:07,184	790,8	
00:12:07,221	790,8	
00:12:07,258	790,9	
00:12:07,295	790,9	
00:12:07,332	791,0	
00:12:07,369	791,0	
00:12:07,406	791,0	
00:12:07,443	791,1	
00:12:07,480	791,1	
00:12:07,517	791,2	
00:12:07,554	791,2	
00:12:07,591	791,2	
00:12:07,628	791,3	
00:12:07,665	791,3	
00:12:07,702	791,4	
00:12:07,740	791,4	
00:12:07,777	791,4	
00:12:07,814	791,5	
00:12:07,851	791,5	
00:12:07,888	791,6	
00:12:07,925	791,6	
00:12:07,962	791,6	
00:12:07,999	791,7	
00:12:08,036	791,7	
00:12:08,073	791,8	
00:12:08,110	791,8	
00:12:08,147	791,8	
00:12:08,184	791,9	
00:12:08,221	791,9	
00:12:08,258	792,0	
00:12:08,295	792,0	
00:12:08,332	792,0	
00:12:08,369	792,1	
00:12:08,406	792,1	
00:12:08,443	792,2	
00:12:08,480	792,2	
00:12:08,517	792,2	
00:12:08,554	792,3	
00:12:08,591	792,3	
00:12:08,628	792,4	
00:12:08,665	792,4	
00:12:08,702	792,4	
00:12:08,740	792,5	
00:12:08,777	792,5	
00:12:08,814	792,6	
00:12:08,851	792,6	
00:12:08,888	792,6	
00:12:08,925	792,7	
00:12:08,962	792,7	
00:12:08,999	792,8	
00:12:09,036	792,8	
00:12:09,073	792,8	
00:12:09,110	792,9	
00:12:09,147	792,9	
00:12:09,184	793,0	
00:12:09,221	793,0	
00:12:09,258	793,0	
00:12:09,295	793,1	
00:12:09,332	793,1	
00:12:09,369	793,2	
00:12:09,406	793,2	
00:12:09,443	793,2	
00:12:09,480	793,3	
00:12:09,517	793,3	
00:12:09,554	793,4	
00:12:09,591	793,4	
00:12:09,628	793,4	
00:12:09,665	793,5	
00:12:09,702	793,5	
00:12:09,740	793,6	
00:12:09,777	793,6	
00:12:09,814	793,6	
00:12:09,851	793,7	
00:12:09,888	793,7	
00:12:09,925	793,8	
00:12:09,962	793,8	
00:12:09,999	793,8	
00:12:10,036	793,9	
00:12:10,073	793,9	
00:12:10,110	794,0	
00:12:10,147	794,0	
00:12:10,184	794,0	
00:12:10,221	794,1	
00:12:10,258	794,1	
00:12:10,295	794,2	
00:12:10,332	794,2	
00:12:10,369	794,2	
00:12:10,406	794,3	
00:12:10,443	794,3	
00:12:10,480	794,4	
00:12:10,517	794,4	
00:12:10,554	794,4	
00:12:10,591	794,5	
00:12:10,628	794,5	
00:12:10,665	794,6	
00:12:10,702	794,6	
00:12:10,740	794,6	
00:12:10,777	794,7	
00:12:10,814	794,7	
00:12:10,851	794,8	
00:12:10,888	794,8	
00:12:10,925	794,8	
00:12:10,962	794,9	
00:12:10,999	794,9	
00:12:11,036	795,0	
00:12:11,073	795,0	
00:12:11,110	795,0	
00:12:11,147	795,1	
00:12:11,184	795,1	
00:12:11,221	795,2	
00:12:11,258	795,2	
00:12:11,295	795,2	
00:12:11,332	795,3	
00:12:11,369	795,3	
00:12:11,406	795,4	
00:12:11,443	795,4	
00:12:11,480	795,4	
00:12:11,517	795,5	
00:12:11,554	795,5	
00:12:11,591	795,6	
00:12:11,628	795,6	
00:12:11,665	795,6	
00:12:11,702	795,7	
00:12:11,740	795,7	
00:12:11,777	795,8	
00:12:11,814	795,8	
00:12:11,851	795,8	
00:12:11,888	795,9	
00:12:11,925	795,9	
00:12:11,962	796,0	
00:12:11,999	796,0	
00:12:12,036	796,0	
00:12:12,073	796,1	
00:12:12,110	796,1	
00:12:12,147	796,2	
00:12:12,184	796,2	
00:12:12,221	796,2	
00:12:12,258	796,3	
00:12:12,295	796,3	
00:12:12,332	796,4	
00:12:12,369	796,4	
00:12:12,406	796,4	
00:12:12,443	796,5	
00:12:12,480	796,5	
00:12:12,517	796,6	
00:12:12,554	796,6	
00:12:12,591	796,6	
00:12:12,628	796,7	
00:12:12,665	796,7	
00:12:12,702	796,7	
00:12:12,740	796,8	
00:12:12,777	796,8	
00:12:12,814	796,9	
00:12:12,851	796,9	
00:12:12,888	796,9	
00:12:12,925	797,0	
00:12:12,962	797,0	
00:12:12,999	797,1	
00:12:13,036	797,1	
00:12:13,073	797,1	
00:12:13,110	797,2	
00:12:13,147	797,2	
00:12:13,184	797,3	
00:12:13,221	797,3	
00:12:13,258	797,3	
00:12:13,295	797,4	
00:12:13,332	797,4	
00:12:13,369	797,5	
00:12:13,406	797,5	
00:12:13,443	797,5	
00:12:13,480	797,6	
00:12:13,517	797,6	
00:12:13,554	797,7	
00:12:13,591	797,7	
00:12:13,628	797,7	
00:12:13,665	797,8	
00:12:13,702	797,8	
00:12:13,740	797,9	
00:12:13,777	797,9	
00:12:13,814	797,9	
00:12:13,851	798,0	
00:12:13,888	798,0	
00:12:13,925	798,1	
00:12:13,962	798,1	
00:12:13,999	798,1	
00:12:14,036	798,2	
00:12:14,073	798,2	
00:12:14,110	798,3	
00:12:14,147	798,3	
00:12:14,184	798,3	
00:12:14,221	798,4	
00:12:14,258	798,4	
00:12:14,295	798,5	
00:12:14,332	798,5	
00:12:14,369	798,5	
00:12:14,406	798,6	
00:12:14,443	798,6	
00:12:14,480	798,7	
00:12:14,517	798,7	
00:12:14,554	798,7	
00:12:14,591	798,8	
00:12:14,628	798,8	
00:12:14,665	798,9	
00:12:14,702	798,9	
00:12:14,740	798,9	
00:12:14,777	799,0	
00:12:14,814	799,0	
00:12:14,851	799,1	
00:12:14,888	799,1	
00:12:14,925	799,1	
00:12:14,962	799,2	
00:12:14,999	799,2	
00:12:15,036	799,3	
00:12:15,073	799,3	
00:12:15,110	799,3	
00:12:15,147	799,4	
00:12:15,184	799,4	
00:12:15,221	799,5	
00:12:15,258	799,5	
00:12:15,295	799,5	
00:12:15,332	799,6	
00:12:15,369	799,6	
00:12:15,406	799,7	
00:12:15,443	799,7	
00:12:15,480	799,7	
00:12:15,517	799,8	
00:12:15,554	799,8	
00:12:15,591	799,9	
00:12:15,628	799,9	
00:12:15,665	799,9	
00:12:15,702	800,0	
00:12:15,740	800,0	
00:12:15,777	800,1	
00:12:15,814	800,1	
00:12:15,851	800,1	
00:12:15,888	800,2	
00:12:15,925	800,2	
00:12:15,962	800,3	
00:12:15,999	800,3	
00:12:16,036	800,3	
00:12:16,073	800,4	
00:12:16,110	800,4	
00:12:16,147	800,5	
00:12:16,184	800,5	
00:12:16,221	800,5	
00:12:16,258	800,6	
00:12:16,295	800,6	
00:12:16,332	800,7	
00:12:16,369	800,7	
00:12:16,406	800,7	
00:12:16,443	800,8	
00:12:16,480	800,8	
00:12:16,517	800,9	
00:12:16,554	800,9	
00:12:16,591	800,9	
00:12:16,628	801,0	
00:12:16,665	801,0	
00:12:16,702	801,1	
00:12:16,740	801,1	
00:12:16,777	801,1	
00:12:16,814	801,2	
00:12:16,851	801,2	
00:12:16,888	801,3	
00:12:16,925	801,3	
00:12:16,962	801,3	
00:12:16,999	801,4	
00:12:17,036	801,4	
00:12:17,073	801,5	
00:12:17,110	801,5	
00:12:17,147	801,5	
00:12:17,184	801,6	
00:12:17,221	801,6	
00:12:17,258	801,7	
00:12:17,295	801,7	
00:12:17,332	801,7	
00:12:17,369	801,8	
00:12:17,406	801,8	
00:12:17,443	801,9	
00:12:17,480	801,9	
00:12:17,517	801,9	
00:12:17,554	802,0	
00:12:17,591	802,0	
00:12:17,628	802,1	
00:12:17,665	802,1	
00:12:17,702	802,1	
00:12:17,740	802,2	
00:12:17,777	802,2	
00:12:17,814	802,3	
00:12:17,851	802,3	
00:12:17,888	802,3	
00:12:17,925	802,4	
00:12:17,962	802,4	
00:12:17,999	802,5	
00:12:18,036	802,5	
00:12:18,073	802,5	
00:12:18,110	802,6	
00:12:18,147	802,6	
00:12:18,184	802,7	
00:12:18,221	802,7	
00:12:18,258	802,7	
00:12:18,295	802,8	
00:12:18,332	802,8	
00:12:18,369	802,9	
00:12:18,406	802,9	
00:12:18,443	802,9	
00:12:18,480	803,0	
00:12:18,517	803,0	
00:12:18,554	803,0	
00:12:18,591	803,1	
00:12:18,628	803,1	
00:12:18,665	803,2	
00:12:18,702	803,2	
00:12:18,740	803,2	
00:12:18,777	803,3	
00:12:18,814	803,3	
00:12:18,851	803,4	
00:12:18,888	803,4	
00:12:18,925	803,4	
00:12:18,962	803,5	
00:12:18,999	803,5	
00:12:19,036	803,6	
00:12:19,073	803,6	
00:12:19,110	803,6	
00:12:19,147	803,7	
00:12:19,184	803,7	
00:12:19,221	803,8	
00:12:19,258	803,8	
00:12:19,295	803,8	
00:12:19,332	803,9	
00:12:19,369	803,9	
00:12:19,406	804,0	
00:12:19,443	804,0	
00:12:19,480	804,0	
00:12:19,517	804,1	
00:12:19,554	804,1	
00:12:19,591	804,2	
00:12:19,628	804,2	
00:12:19,665	804,2	
00:12:19,702	804,3	
00:12:19,740	804,3	
00:12:19,777	804,4	
00:12:19,814	804,4	
00:12:19,851	804,4	
00:12:19,888	804,5	
00:12:19,925	804,5	
00:12:19,962	804,6	
00:12:19,999	804,6	
00:12:20,036	804,6	
00:12:20,073	804,7	
00:12:20,110	804,7	
00:12:20,147	804,8	
00:12:20,184	804,8	
00:12:20,221	804,8	
00:12:20,258	804,9	
00:12:20,295	804,9	
00:12:20,332	805,0	
00:12:20,369	805,0	
00:12:20,406	805,0	
00:12:20,443	805,1	
00:12:20,480	805,1	
00:12:20,517	805,2	
00:12:20,554	805,2	
00:12:20,591	805,2	
00:12:20,628	805,3	
00:12:20,665	805,3	
00:12:20,702	805,4	
00:12:20,740	805,4	
00:12:20,777	805,4	
00:12:20,814	805,5	
00:12:20,851	805,5	
00:12:20,888	805,6	
00:12:20,925	805,6	
00:12:20,962	805,6	
00:12:20,999	805,7	
00:12:21,036	805,7	
00:12:21,073	805,8	
00:12:21,110	805,8	
00:12:21,147	805,8	
00:12:21,184	805,9	
00:12:21,221	805,9	
00:12:21,258	806,0	
00:12:21,295	806,0	
00:12:21,332	806,0	
00:12:21,369	806,1	
00:12:21,406	806,1	
00:12:21,443	806,2	
00:12:21,480	806,2	
00:12:21,517	806,2	
00:12:21,554	806,3	
00:12:21,591	806,3	
00:12:21,628	806,3	
00:12:21,665	806,4	
00:12:21,702	806,4	
00:12:21,739	806,4	
00:12:21,777	806,5	
00:12:21,814	806,5	
00:12:21,851	806,5	
00:12:21,888	806,6	
00:12:21,925	806,6	
00:12:21,962	806,6	
00:12:21,999	806,7	
00:12:22,036	806,7	
00:12:22,073	806,7	
00:12:22,110	806,8	
00:12:22,147	806,8	
00:12:22,184	806,8	
00:12:22,221	806,9	
00:12:22,258	806,9	
00:12:22,295	806,9	
00:12:22,332	807,0	
00:12:22,369	807,0	
00:12:22,406	807,0	
00:12:22,443	807,1	
00:12:22,480	807,1	
00:12:22,517	807,1	
00:12:22,554	807,2	
00:12:22,591	807,2	
00:12:22,628	807,2	
00:12:22,665	807,3	
00:12:22,702	807,3	
00:12:22,739	807,3	
00:12:22,777	807,4	
00:12:22,814	807,4	
00:12:22,851	807,4	
00:12:22,888	807,5	
00:12:22,925	807,5	
00:12:22,962	807,5	
00:12:22,999	807,6	
00:12:23,036	807,6	
00:12:23,073	807,6	
00:12:23,110	807,7	
00:12:23,147	807,7	
00:12:23,184	807,7	
00:12:23,221	807,8	
00:12:23,258	807,8	
00:12:23,295	807,8	
00:12:23,332	807,9	
00:12:23,369	807,9	
00:12:23,406	807,9	
00:12:23,443	808,0	
00:12:23,480	808,0	
00:12:23,517	808,0	
00:12:23,554	808,1	
00:12:23,591	808,1	
00:12:23,628	808,1	
00:12:23,665	808,2	
00:12:23,702	808,2	
00:12:23,739	808,2	
00:12:23,777	808,3	
00:12:23,814	808,3	
00:12:23,851	808,3	
00:12:23,888	808,4	
00:12:23,925	808,4	
00:12:23,962	808,4	
00:12:23,999	808,4	
00:12:24,036	808,5	
00:12:24,073	808,5	
00:12:24,110	808,5	
00:12:24,147	808,6	
00:12:24,184	808,6	
00:12:24,221	808,6	
00:12:24,258	808,7	
00:12:24,295	808,7	
00:12:24,332	808,7	
00:12:24,369	808,8	
00:12:24,406	808,8	
00:12:24,443	808,8	
00:12:24,480	808,9	
00:12:24,517	808,9	
00:12:24,554	808,9	
00:12:24,591	809,0	
00:12:24,628	809,0	
00:12:24,665	809,0	
00:12:24,702	809,1	
00:12:24,739	809,1	
00:12:24,777	809,1	
00:12:24,814	809,2	
00:12:24,851	809,2	
00:12:24,888	809,2	
00:12:24,925	809,3	
00:12:24,962	809,3	
00:12:24,999	809,3	
00:12:25,036	809,4	
00:12:25,073	809,4	
00:12:25,110	809,4	
00:12:25,147	809,5	
00:12:25,184	809,5	
00:12:25,221	809,5	
00:12:25,258	809,6	
00:12:25,295	809,6	
00:12:25,332	809,6	
00:12:25,369	809,7	
00:12:25,406	809,7	
00:12:25,443	809,7	
00:12:25,480	809,8	
00:12:25,517	809,8	
00:12:25,554	809,8	
00:12:25,591	809,9	
00:12:25,628	809,9	
00:12:25,665	809,9	
00:12:25,702	810,0	
00:12:25,739	810,0	
00:12:25,777	810,0	
00:12:25,814	810,1	
00:12:25,851	810,1	
00:12:25,888	810,1	
00:12:25,925	810,2	
00:12:25,962	810,2	
00:12:25,999	810,2	
00:12:26,036	810,3	
00:12:26,073	810,3	
00:12:26,110	810,3	
00:12:26,147	810,4	
00:12:26,184	810,4	
00:12:26,221	810,4	
00:12:26,258	810,5	
00:12:26,295	810,5	
00:12:26,332	810,5	
00:12:26,369	810,6	
00:12:26,406	810,6	
00:12:26,443	810,6	
00:12:26,480	810,7	
00:12:26,517	810,7	
00:12:26,554	810,7	
00:12:26,591	810,8	
00:12:26,628	810,8	
00:12:26,665	810,8	
00:12:26,702	810,9	
00:12:26,739	810,9	
00:12:26,777	810,9	
00:12:26,814	811,0	
00:12:26,851	811,0	
00:12:26,888	811,0	
00:12:26,925	811,1	
00:12:26,962	811,1	
00:12:26,999	811,1	
00:12:27,036	811,2	
00:12:27,073	811,2	
00:12:27,110	811,2	
00:12:27,147	811,3	
00:12:27,184	811,3	
00:12:27,221	811,3	
00:12:27,258	811,4	
00:12:27,295	811,4	
00:12:27,332	811,4	
00:12:27,369	811,5	
00:12:27,406	811,5	
00:12:27,443	811,5	
00:12:27,480	811,6	
00:12:27,517	811,6	
00:12:27,554	811,6	
00:12:27,591	811,7	
00:12:27,628	811,7	
00:12:27,665	811,7	
00:12:27,702	811,8	
00:12:27,739	811,8	
00:12:27,777	811,8	
00:12:27,814	811,9	
00:12:27,851	811,9	
00:12:27,888	811,9	
00:12:27,925	812,0	
00:12:27,962	812,0	
00:12:27,999	812,0	
00:12:28,036	812,1	
00:12:28,073	812,1	
00:12:28,110	812,1	
00:12:28,147	812,2	
00:12:28,184	812,2	
00:12:28,221	812,2	
00:12:28,258	812,3	
00:12:28,295	812,3	
00:12:28,332	812,3	
00:12:28,369	812,4	
00:12:28,406	812,4	
00:12:28,443	812,4	
00:12:28,480	812,5	
00:12:28,517	812,5	
00:12:28,554	812,5	
00:12:28,591	812,6	
00:12:28,628	812,6	
00:12:28,665	812,6	
00:12:28,702	812,7	
00:12:28,739	812,7	
00:12:28,777	812,7	
00:12:28,814	812,8	
00:12:28,851	812,8	
00:12:28,888	812,8	
00:12:28,925	812,8	
00:12:28,962	812,9	
00:12:28,999	812,9	
00:12:29,036	812,9	
00:12:29,073	813,0	
00:12:29,110	813,0	
00:12:29,147	813,0	
00:12:29,184	813,1	
00:12:29,221	813,1	
00:12:29,258	813,1	
00:12:29,295	813,2	
00:12:29,332	813,2	
00:12:29,369	813,2	
00:12:29,406	813,3	
00:12:29,443	813,3	
00:12:29,480	813,3	
00:12:29,517	813,4	
00:12:29,554	813,4	
00:12:29,591	813,4	
00:12:29,628	813,5	
00:12:29,665	813,5	
00:12:29,702	813,5	
00:12:29,739	813,6	
00:12:29,777	813,6	
00:12:29,814	813,6	
00:12:29,851	813,7	
00:12:29,888	813,7	
00:12:29,925	813,7	
00:12:29,962	813,8	
00:12:29,999	813,8	
00:12:30,036	813,8	
00:12:30,073	813,9	
00:12:30,110	813,9	
00:12:30,147	813,9	
00:12:30,184	814,0	
00:12:30,221	814,0	
00:12:30,258	814,0	
00:12:30,295	814,1	
00:12:30,332	814,1	
00:12:30,369	814,1	
00:12:30,406	814,2	
00:12:30,443	814,2	
00:12:30,480	814,2	
00:12:30,517	814,3	
00:12:30,554	814,3	
00:12:30,591	814,3	
00:12:30,628	814,4	
00:12:30,665	814,4	
00:12:30,702	814,4	
00:12:30,739	814,5	
00:12:30,777	814,5	
00:12:30,814	814,5	
00:12:30,851	814,6	
00:12:30,888	814,6	
00:12:30,925	814,6	
00:12:30,962	814,7	
00:12:30,999	814,7	
00:12:31,036	814,7	
00:12:31,073	814,8	
00:12:31,110	814,8	
00:12:31,147	814,8	
00:12:31,184	814,9	
00:12:31,221	814,9	
00:12:31,258	814,9	
00:12:31,295	815,0	
00:12:31,332	815,0	
00:12:31,369	815,0	
00:12:31,406	815,0	
00:12:31,443	815,0	
00:12:31,480	815,0	
00:12:31,517	815,0	
00:12:31,554	815,0	
00:12:31,591	815,1	
00:12:31,628	815,1	
00:12:31,665	815,1	
00:12:31,702	815,1	
00:12:31,739	815,1	
00:12:31,777	815,1	
00:12:31,814	815,1	
00:12:31,851	815,1	
00:12:31,888	815,1	
00:12:31,925	815,1	
00:12:31,962	815,1	
00:12:31,999	815,1	
00:12:32,036	815,1	
00:12:32,073	815,1	
00:12:32,110	815,2	
00:12:32,147	815,2	
00:12:32,184	815,2	
00:12:32,221	815,2	
00:12:32,258	815,2	
00:12:32,295	815,2	
00:12:32,332	815,2	
00:12:32,369	815,2	
00:12:32,406	815,2	
00:12:32,443	815,2	
00:12:32,480	815,2	
00:12:32,517	815,2	
00:12:32,554	815,2	
00:12:32,591	815,3	
00:12:32,628	815,3	
00:12:32,665	815,3	
00:12:32,702	815,3	
00:12:32,739	815,3	
00:12:32,777	815,3	
00:12:32,814	815,3	
00:12:32,851	815,3	
00:12:32,888	815,3	
00:12:32,925	815,3	
00:12:32,962	815,3	
00:12:32,999	815,3	
00:12:33,036	815,3	
00:12:33,073	815,3	
00:12:33,110	815,4	
00:12:33,147	815,4	
00:12:33,184	815,4	
00:12:33,221	815,4	
00:12:33,258	815,4	
00:12:33,295	815,4	
00:12:33,332	815,4	
00:12:33,369	815,4	
00:12:33,406	815,4	
00:12:33,443	815,4	
00:12:33,480	815,4	
00:12:33,517	815,4	
00:12:33,554	815,4	
00:12:33,591	815,5	
00:12:33,628	815,5	
00:12:33,665	815,5	
00:12:33,702	815,5	
00:12:33,739	815,5	
00:12:33,777	815,5	
00:12:33,814	815,5	
00:12:33,851	815,5	
00:12:33,888	815,5	
00:12:33,925	815,5	
00:12:33,962	815,5	
00:12:33,999	815,5	
00:12:34,036	815,5	
00:12:34,073	815,5	
00:12:34,110	815,6	
00:12:34,147	815,6	
00:12:34,184	815,6	
00:12:34,221	815,6	
00:12:34,258	815,6	
00:12:34,295	815,6	
00:12:34,332	815,6	
00:12:34,369	815,6	
00:12:34,406	815,6	
00:12:34,443	815,6	
00:12:34,480	815,6	
00:12:34,517	815,6	
00:12:34,554	815,6	
00:12:34,591	815,7	
00:12:34,628	815,7	
00:12:34,665	815,7	
00:12:34,702	815,7	
00:12:34,739	815,7	
00:12:34,777	815,7	
00:12:34,814	815,7	
00:12:34,851	815,7	
00:12:34,888	815,7	
00:12:34,925	815,7	
00:12:34,962	815,7	
00:12:34,999	815,7	
00:12:35,036	815,7	
00:12:35,073	815,7	
00:12:35,110	815,8	
00:12:35,147	815,8	
00:12:35,184	815,8	
00:12:35,221	815,8	
00:12:35,258	815,8	
00:12:35,295	815,8	
00:12:35,332	815,8	
00:12:35,369	815,8	
00:12:35,406	815,8	
00:12:35,443	815,8	
00:12:35,480	815,8	
00:12:35,517	815,8	
00:12:35,554	815,8	
00:12:35,591	815,9	
00:12:35,628	815,9	
00:12:35,665	815,9	
00:12:35,702	815,9	
00:12:35,739	815,9	
00:12:35,777	815,9	
00:12:35,814	815,9	
00:12:35,851	815,9	
00:12:35,888	815,9	
00:12:35,925	815,9	
00:12:35,962	815,9	
00:12:35,999	815,9	
00:12:36,036	815,9	
00:12:36,073	815,9	
00:12:36,110	816,0	
00:12:36,147	816,0	
00:12:36,184	816,0	
00:12:36,221	816,0	
00:12:36,258	816,0	
00:12:36,295	816,0	
00:12:36,332	816,0	
00:12:36,369	816,0	
00:12:36,406	816,0	
00:12:36,443	816,0	
00:12:36,480	816,0	
00:12:36,517	816,0	
00:12:36,554	816,0	
00:12:36,591	816,1	
00:12:36,628	816,1	
00:12:36,665	816,1	
00:12:36,702	816,1	
00:12:36,739	816,1	
00:12:36,777	816,1	
00:12:36,814	816,1	
00:12:36,851	816,1	
00:12:36,888	816,1	
00:12:36,925	816,1	
00:12:36,962	816,1	
00:12:36,999	816,1	
00:12:37,036	816,1	
00:12:37,073	816,1	
00:12:37,110	816,2	
00:12:37,147	816,2	
00:12:37,184	816,2	
00:12:37,221	816,2	
00:12:37,258	816,2	
00:12:37,295	816,2	
00:12:37,332	816,2	
00:12:37,369	816,2	
00:12:37,406	816,2	
00:12:37,443	816,2	
00:12:37,480	816,2	
00:12:37,517	816,2	
00:12:37,554	816,2	
00:12:37,591	816,2	
00:12:37,628	816,3	
00:12:37,665	816,3	
00:12:37,702	816,3	
00:12:37,739	816,3	
00:12:37,777	816,3	
00:12:37,814	816,3	
00:12:37,851	816,3	
00:12:37,888	816,3	
00:12:37,925	816,3	
00:12:37,962	816,3	
00:12:37,999	816,3	
00:12:38,036	816,3	
00:12:38,073	816,3	
00:12:38,110	816,4	
00:12:38,147	816,4	
00:12:38,184	816,4	
00:12:38,221	816,4	
00:12:38,258	816,4	
00:12:38,295	816,4	
00:12:38,332	816,4	
00:12:38,369	816,4	
00:12:38,406	816,4	
00:12:38,443	816,4	
00:12:38,480	816,4	
00:12:38,517	816,4	
00:12:38,554	816,4	
00:12:38,591	816,4	
00:12:38,628	816,5	
00:12:38,665	816,5	
00:12:38,702	816,5	
00:12:38,739	816,5	
00:12:38,777	816,5	
00:12:38,814	816,5	
00:12:38,851	816,5	
00:12:38,888	816,5	
00:12:38,925	816,5	
00:12:38,962	816,5	
00:12:38,999	816,5	
00:12:39,036	816,5	
00:12:39,073	816,5	
00:12:39,110	816,6	
00:12:39,147	816,6	
00:12:39,184	816,6	
00:12:39,221	816,6	
00:12:39,258	816,6	
00:12:39,295	816,6	
00:12:39,332	816,6	
00:12:39,369	816,6	
00:12:39,406	816,6	
00:12:39,443	816,6	
00:12:39,480	816,6	
00:12:39,517	816,6	
00:12:39,554	816,6	
00:12:39,591	816,6	
00:12:39,628	816,7	
00:12:39,665	816,7	
00:12:39,702	816,7	
00:12:39,739	816,7	
00:12:39,777	816,7	
00:12:39,814	816,7	
00:12:39,851	816,7	
00:12:39,888	816,7	
00:12:39,925	816,7	
00:12:39,962	816,7	
00:12:39,999	816,7	
00:12:40,036	816,7	
00:12:40,073	816,7	
00:12:40,110	816,8	
00:12:40,147	816,8	
00:12:40,184	816,8	
00:12:40,221	816,8	
00:12:40,258	816,8	
00:12:40,295	816,8	
00:12:40,332	816,8	
00:12:40,369	816,8	
00:12:40,406	816,8	
00:12:40,443	816,8	
00:12:40,480	816,8	
00:12:40,517	816,8	
00:12:40,554	816,8	
00:12:40,591	816,8	
00:12:40,628	816,9	
00:12:40,665	816,9	
00:12:40,702	816,9	
00:12:40,739	816,9	
00:12:40,777	816,9	
00:12:40,814	816,9	
00:12:40,851	816,9	
00:12:40,888	816,9	
00:12:40,925	816,9	
00:12:40,962	816,9	
00:12:40,999	816,9	
00:12:41,036	816,9	
00:12:41,073	816,9	
00:12:41,110	817,0	
00:12:41,147	817,0	
00:12:41,184	817,0	
00:12:41,221	817,0	
00:12:41,258	817,0	
00:12:41,295	817,0	
00:12:41,332	817,0	
00:12:41,369	817,0	
00:12:41,406	817,0	
00:12:41,443	817,0	
00:12:41,480	817,0	
00:12:41,517	817,0	
00:12:41,554	817,0	
00:12:41,591	817,0	
00:12:41,628	817,1	
00:12:41,665	817,1	
00:12:41,702	817,1	
00:12:41,739	817,1	
00:12:41,777	817,1	
00:12:41,814	817,1	
00:12:41,851	817,1	
00:12:41,888	817,1	
00:12:41,925	817,1	
00:12:41,962	817,1	
00:12:41,999	817,1	
00:12:42,036	817,1	
00:12:42,073	817,1	
00:12:42,110	817,2	
00:12:42,147	817,2	
00:12:42,184	817,2	
00:12:42,221	817,2	
00:12:42,258	817,2	
00:12:42,295	817,2	
00:12:42,332	817,2	
00:12:42,369	817,2	
00:12:42,406	817,2	
00:12:42,443	817,2	
00:12:42,480	817,2	
00:12:42,517	817,2	
00:12:42,554	817,2	
00:12:42,591	817,2	
00:12:42,628	817,3	
00:12:42,665	817,3	
00:12:42,702	817,3	
00:12:42,739	817,3	
00:12:42,777	817,3	
00:12:42,814	817,3	
00:12:42,851	817,3	
00:12:42,888	817,3	
00:12:42,925	817,3	
00:12:42,962	817,3	
00:12:42,999	817,3	
00:12:43,036	817,3	
00:12:43,073	817,3	
00:12:43,110	817,4	
00:12:43,147	817,4	
00:12:43,184	817,4	
00:12:43,221	817,4	
00:12:43,258	817,4	
00:12:43,295	817,4	
00:12:43,332	817,4	
00:12:43,369	817,4	
00:12:43,406	817,4	
00:12:43,443	817,4	
00:12:43,480	817,4	
00:12:43,517	817,4	
00:12:43,554	817,4	
00:12:43,591	817,4	
00:12:43,628	817,5	
00:12:43,665	817,5	
00:12:43,702	817,5	
00:12:43,739	817,5	
00:12:43,777	817,5	
00:12:43,814	817,5	
00:12:43,851	817,5	
00:12:43,888	817,5	
00:12:43,925	817,5	
00:12:43,962	817,5	
00:12:43,999	817,5	
00:12:44,036	817,5	
00:12:44,073	817,5	
00:12:44,110	817,6	
00:12:44,147	817,6	
00:12:44,184	817,6	
00:12:44,221	817,6	
00:12:44,258	817,6	
00:12:44,295	817,6	
00:12:44,332	817,6	
00:12:44,369	817,6	
00:12:44,406	817,6	
00:12:44,443	817,6	
00:12:44,480	817,6	
00:12:44,517	817,6	
00:12:44,554	817,6	
00:12:44,591	817,6	
00:12:44,628	817,7	
00:12:44,665	817,7	
00:12:44,702	817,7	
00:12:44,739	817,7	
00:12:44,777	817,7	
00:12:44,814	817,7	
00:12:44,851	817,7	
00:12:44,888	817,7	
00:12:44,925	817,7	
00:12:44,962	817,7	
00:12:44,999	817,7	
00:12:45,036	817,7	
00:12:45,073	817,7	
00:12:45,110	817,8	
00:12:45,147	817,8	
00:12:45,184	817,8	
00:12:45,221	817,8	
00:12:45,258	817,8	
00:12:45,295	817,8	
00:12:45,332	817,8	
00:12:45,369	817,8	
00:12:45,406	817,8	
00:12:45,443	817,8	
00:12:45,480	817,8	
00:12:45,517	817,8	
00:12:45,554	817,8	
00:12:45,591	817,8	
00:12:45,628	817,9	
00:12:45,665	817,9	
00:12:45,702	817,9	
00:12:45,739	817,9	
00:12:45,777	817,9	
00:12:45,814	817,9	
00:12:45,851	817,9	
00:12:45,888	817,9	
00:12:45,925	817,9	
00:12:45,962	817,9	
00:12:45,999	817,9	
00:12:46,036	817,9	
00:12:46,073	817,9	
00:12:46,110	818,0	
00:12:46,147	818,0	
00:12:46,184	818,0	
00:12:46,221	818,0	
00:12:46,258	818,0	
00:12:46,295	818,0	
00:12:46,332	818,0	
00:12:46,369	818,0	
00:12:46,406	818,0	
00:12:46,443	818,0	
00:12:46,480	818,0	
00:12:46,517	818,0	
00:12:46,554	818,0	
00:12:46,591	818,0	
00:12:46,628	818,1	
00:12:46,665	818,1	
00:12:46,702	818,1	
00:12:46,739	818,1	
00:12:46,777	818,1	
00:12:46,814	818,1	
00:12:46,851	818,1	
00:12:46,888	818,1	
00:12:46,925	818,1	
00:12:46,962	818,1	
00:12:46,999	818,1	
00:12:47,036	818,1	
00:12:47,073	818,1	
00:12:47,110	818,2	
00:12:47,147	818,2	
00:12:47,184	818,2	
00:12:47,221	818,2	
00:12:47,258	818,2	
00:12:47,295	818,2	
00:12:47,332	818,2	
00:12:47,369	818,2	
00:12:47,406	818,2	
00:12:47,443	818,2	
00:12:47,480	818,2	
00:12:47,517	818,2	
00:12:47,554	818,2	
00:12:47,591	818,2	
00:12:47,628	818,3	
00:12:47,665	818,3	
00:12:47,702	818,3	
00:12:47,739	818,3	
00:12:47,777	818,3	
00:12:47,814	818,3	
00:12:47,851	818,3	
00:12:47,888	818,3	
00:12:47,925	818,3	
00:12:47,962	818,3	
00:12:47,999	818,3	
00:12:48,036	818,3	
00:12:48,073	818,3	
00:12:48,110	818,4	
00:12:48,147	818,4	
00:12:48,184	818,4	
00:12:48,221	818,4	
00:12:48,258	818,4	
00:12:48,295	818,4	
00:12:48,332	818,4	
00:12:48,369	818,4	
00:12:48,406	818,4	
00:12:48,443	818,4	
00:12:48,480	818,4	
00:12:48,517	818,4	
00:12:48,554	818,4	
00:12:48,591	818,4	
00:12:48,628	818,5	
00:12:48,665	818,5	
00:12:48,702	818,5	
00:12:48,739	818,5	
00:12:48,777	818,5	
00:12:48,814	818,5	
00:12:48,851	818,5	
00:12:48,888	818,5	
00:12:48,925	818,5	
00:12:48,962	818,5	
00:12:48,999	818,5	
00:12:49,036	818,5	
00:12:49,073	818,5	
00:12:49,110	818,5	
00:12:49,147	818,6	
00:12:49,184	818,6	
00:12:49,221	818,6	
00:12:49,258	818,6	
00:12:49,295	818,6	
00:12:49,332	818,6	
00:12:49,369	818,6	
00:12:49,406	818,6	
00:12:49,443	818,6	
00:12:49,480	818,6	
00:12:49,517	818,6	
00:12:49,554	818,6	
00:12:49,591	818,6	
00:12:49,628	818,7	
00:12:49,665	818,7	
00:12:49,702	818,7	
00:12:49,739	818,7	
00:12:49,777	818,7	
00:12:49,814	818,7	
00:12:49,851	818,7	
00:12:49,888	818,7	
00:12:49,925	818,7	
00:12:49,962	818,7	
00:12:49,999	818,7	
00:12:50,036	818,7	
00:12:50,073	818,7	
00:12:50,110	818,7	
00:12:50,147	818,8	
00:12:50,184	818,8	
00:12:50,221	818,8	
00:12:50,258	818,8	
00:12:50,295	818,8	
00:12:50,332	818,8	
00:12:50,369	818,8	
00:12:50,406	818,8	
00:12:50,443	818,8	
00:12:50,480	818,8	
00:12:50,517	818,8	
00:12:50,554	818,8	
00:12:50,591	818,8	
00:12:50,628	818,9	
00:12:50,665	818,9	
00:12:50,702	818,9	
00:12:50,739	818,9	
00:12:50,777	818,9	
00:12:50,814	818,9	
00:12:50,851	818,9	
00:12:50,888	818,9	
00:12:50,925	818,9	
00:12:50,962	818,9	
00:12:50,999	818,9	
00:12:51,036	818,9	
00:12:51,073	818,9	
00:12:51,110	818,9	
00:12:51,147	819,0	
00:12:51,184	819,0	
00:12:51,221	819,0	
00:12:51,258	819,0	
00:12:51,295	819,0	
00:12:51,332	819,0	
00:12:51,369	819,0	
00:12:51,406	819,0	
00:12:51,443	819,0	
00:12:51,480	819,0	
00:12:51,517	819,0	
00:12:51,554	819,0	
00:12:51,591	819,0	
00:12:51,628	819,1	
00:12:51,665	819,1	
00:12:51,702	819,1	
00:12:51,739	819,1	
00:12:51,777	819,1	
00:12:51,814	819,1	
00:12:51,851	819,1	
00:12:51,888	819,1	
00:12:51,925	819,1	
00:12:51,962	819,1	
00:12:51,999	819,1	
00:12:52,036	819,1	
00:12:52,073	819,1	
00:12:52,110	819,1	
00:12:52,147	819,2	
00:12:52,184	819,2	
00:12:52,221	819,2	
00:12:52,258	819,2	
00:12:52,295	819,2	
00:12:52,332	819,2	
00:12:52,369	819,2	
00:12:52,406	819,2	
00:12:52,443	819,2	
00:12:52,480	819,2	
00:12:52,517	819,2	
00:12:52,554	819,2	
00:12:52,591	819,2	
00:12:52,628	819,3	
00:12:52,665	819,3	
00:12:52,702	819,3	
00:12:52,739	819,3	
00:12:52,777	819,3	
00:12:52,814	819,3	
00:12:52,851	819,3	
00:12:52,888	819,3	
00:12:52,925	819,3	
00:12:52,962	819,3	
00:12:52,999	819,3	
00:12:53,036	819,3	
00:12:53,073	819,3	
00:12:53,110	819,3	
00:12:53,147	819,4	
00:12:53,184	819,4	
00:12:53,221	819,4	
00:12:53,258	819,4	
00:12:53,295	819,4	
00:12:53,332	819,4	
00:12:53,369	819,4	
00:12:53,406	819,4	
00:12:53,443	819,4	
00:12:53,480	819,4	
00:12:53,517	819,4	
00:12:53,554	819,4	
00:12:53,591	819,4	
00:12:53,628	819,5	
00:12:53,665	819,5	
00:12:53,702	819,5	
00:12:53,739	819,5	
00:12:53,777	819,5	
00:12:53,814	819,5	
00:12:53,851	819,5	
00:12:53,888	819,5	
00:12:53,925	819,5	
00:12:53,962	819,5	
00:12:53,999	819,5	
00:12:54,036	819,5	
00:12:54,073	819,5	
00:12:54,110	819,5	
00:12:54,147	819,6	
00:12:54,184	819,6	
00:12:54,221	819,6	
00:12:54,258	819,6	
00:12:54,295	819,6	
00:12:54,332	819,6	
00:12:54,369	819,6	
00:12:54,406	819,6	
00:12:54,443	819,6	
00:12:54,480	819,6	
00:12:54,517	819,6	
00:12:54,554	819,6	
00:12:54,591	819,6	
00:12:54,628	819,7	
00:12:54,665	819,7	
00:12:54,702	819,7	
00:12:54,739	819,7	
00:12:54,777	819,7	
00:12:54,814	819,7	
00:12:54,851	819,7	
00:12:54,888	819,7	
00:12:54,925	819,7	
00:12:54,962	819,7	
00:12:54,999	819,7	
00:12:55,036	819,7	
00:12:55,073	819,7	
00:12:55,110	819,7	
00:12:55,147	819,8	
00:12:55,184	819,8	
00:12:55,221	819,8	
00:12:55,258	819,8	
00:12:55,295	819,8	
00:12:55,332	819,8	
00:12:55,369	819,8	
00:12:55,406	819,8	
00:12:55,443	819,8	
00:12:55,480	819,8	
00:12:55,517	819,8	
00:12:55,554	819,8	
00:12:55,591	819,8	
00:12:55,628	819,9	
00:12:55,665	819,9	
00:12:55,702	819,9	
00:12:55,739	819,9	
00:12:55,777	819,9	
00:12:55,814	819,9	
00:12:55,851	819,9	
00:12:55,888	819,9	
00:12:55,925	819,9	
00:12:55,962	819,9	
00:12:55,999	819,9	
00:12:56,036	819,9	
00:12:56,073	819,9	
00:12:56,110	819,9	
00:12:56,147	820,0	
00:12:56,184	820,0	
00:12:56,221	820,0	
00:12:56,258	820,0	
00:12:56,295	820,0	
00:12:56,332	820,0	
00:12:56,369	820,0	
00:12:56,406	820,0	
00:12:56,443	820,0	
00:12:56,480	820,0	
00:12:56,517	820,0	
00:12:56,554	820,0	
00:12:56,591	820,0	
00:12:56,628	820,1	
00:12:56,665	820,1	
00:12:56,702	820,1	
00:12:56,739	820,1	
00:12:56,777	820,1	
00:12:56,814	820,1	
00:12:56,851	820,1	
00:12:56,888	820,1	
00:12:56,925	820,1	
00:12:56,962	820,1	
00:12:56,999	820,1	
00:12:57,036	820,1	
00:12:57,073	820,1	
00:12:57,110	820,1	
00:12:57,147	820,2	
00:12:57,184	820,2	
00:12:57,221	820,2	
00:12:57,258	820,2	
00:12:57,295	820,2	
00:12:57,332	820,2	
00:12:57,369	820,2	
00:12:57,406	820,2	
00:12:57,443	820,2	
00:12:57,480	820,2	
00:12:57,517	820,2	
00:12:57,554	820,2	
00:12:57,591	820,2	
00:12:57,628	820,3	
00:12:57,665	820,3	
00:12:57,702	820,3	
00:12:57,739	820,3	
00:12:57,777	820,3	
00:12:57,814	820,3	
00:12:57,851	820,3	
00:12:57,888	820,3	
00:12:57,925	820,3	
00:12:57,962	820,3	
00:12:57,999	820,3	
00:12:58,036	820,3	
00:12:58,073	820,3	
00:12:58,110	820,3	
00:12:58,147	820,4	
00:12:58,184	820,4	
00:12:58,221	820,4	
00:12:58,258	820,4	
00:12:58,295	820,4	
00:12:58,332	820,4	
00:12:58,369	820,4	
00:12:58,406	820,4	
00:12:58,443	820,4	
00:12:58,480	820,4	
00:12:58,517	820,4	
00:12:58,554	820,4	
00:12:58,591	820,4	
00:12:58,628	820,5	
00:12:58,665	820,5	
00:12:58,702	820,5	
00:12:58,739	820,5	
00:12:58,776	820,5	
00:12:58,814	820,5	
00:12:58,851	820,5	
00:12:58,888	820,5	
00:12:58,925	820,5	
00:12:58,962	820,5	
00:12:58,999	820,5	
00:12:59,036	820,5	
00:12:59,073	820,5	
00:12:59,110	820,5	
00:12:59,147	820,6	
00:12:59,184	820,6	
00:12:59,221	820,6	
00:12:59,258	820,6	
00:12:59,295	820,6	
00:12:59,332	820,6	
00:12:59,369	820,6	
00:12:59,406	820,6	
00:12:59,443	820,6	
00:12:59,480	820,6	
00:12:59,517	820,6	
00:12:59,554	820,6	
00:12:59,591	820,6	
00:12:59,628	820,7	
00:12:59,665	820,7	
00:12:59,702	820,7	
00:12:59,739	820,7	
00:12:59,776	820,7	
00:12:59,814	820,7	
00:12:59,851	820,7	
00:12:59,888	820,7	
00:12:59,925	820,7	
00:12:59,962	820,7	
00:12:59,999	820,7	
00:13:00,036	820,7	
00:13:00,073	820,7	
00:13:00,110	820,7	
00:13:00,147	820,8	
00:13:00,184	820,8	
00:13:00,221	820,8	
00:13:00,258	820,8	
00:13:00,295	820,8	
00:13:00,332	820,8	
00:13:00,369	820,8	
00:13:00,406	820,8	
00:13:00,443	820,8	
00:13:00,480	820,8	
00:13:00,517	820,8	
00:13:00,554	820,8	
00:13:00,591	820,8	
00:13:00,628	820,8	
00:13:00,665	820,9	
00:13:00,702	820,9	
00:13:00,739	820,9	
00:13:00,776	820,9	
00:13:00,814	820,9	
00:13:00,851	820,9	
00:13:00,888	820,9	
00:13:00,925	820,9	
00:13:00,962	820,9	
00:13:00,999	820,9	
00:13:01,036	820,9	
00:13:01,073	820,9	
00:13:01,110	820,9	
00:13:01,147	821,0	
00:13:01,184	821,0	
00:13:01,221	821,0	
00:13:01,258	821,0	
00:13:01,295	821,0	
00:13:01,332	821,0	
00:13:01,369	821,0	
00:13:01,406	821,0	
00:13:01,443	821,0	
00:13:01,480	821,0	
00:13:01,517	821,0	
00:13:01,554	821,0	
00:13:01,591	821,0	
00:13:01,628	821,0	
00:13:01,665	821,1	
00:13:01,702	821,1	
00:13:01,739	821,1	
00:13:01,776	821,1	
00:13:01,814	821,1	
00:13:01,851	821,1	
00:13:01,888	821,1	
00:13:01,925	821,1	
00:13:01,962	821,1	
00:13:01,999	821,1	
00:13:02,036	821,1	
00:13:02,073	821,1	
00:13:02,110	821,1	
00:13:02,147	821,2	
00:13:02,184	821,2	
00:13:02,221	821,2	
00:13:02,258	821,2	
00:13:02,295	821,2	
00:13:02,332	821,2	
00:13:02,369	821,2	
00:13:02,406	821,2	
00:13:02,443	821,2	
00:13:02,480	821,2	
00:13:02,517	821,2	
00:13:02,554	821,2	
00:13:02,591	821,2	
00:13:02,628	821,2	
00:13:02,665	821,3	
00:13:02,702	821,3	
00:13:02,739	821,3	
00:13:02,776	821,3	
00:13:02,814	821,3	
00:13:02,851	821,3	
00:13:02,888	821,3	
00:13:02,925	821,3	
00:13:02,962	821,3	
00:13:02,999	821,3	
00:13:03,036	821,3	
00:13:03,073	821,3	
00:13:03,110	821,3	
00:13:03,147	821,4	
00:13:03,184	821,4	
00:13:03,221	821,4	
00:13:03,258	821,4	
00:13:03,295	821,4	
00:13:03,332	821,4	
00:13:03,369	821,4	
00:13:03,406	821,4	
00:13:03,443	821,4	
00:13:03,480	821,4	
00:13:03,517	821,4	
00:13:03,554	821,4	
00:13:03,591	821,4	
00:13:03,628	821,4	
00:13:03,665	821,5	
00:13:03,702	821,5	
00:13:03,739	821,5	
00:13:03,776	821,5	
00:13:03,814	821,5	
00:13:03,851	821,5	
00:13:03,888	821,5	
00:13:03,925	821,5	
00:13:03,962	821,5	
00:13:03,999	821,5	
00:13:04,036	821,5	
00:13:04,073	821,5	
00:13:04,110	821,5	
00:13:04,147	821,6	
00:13:04,184	821,6	
00:13:04,221	821,6	
00:13:04,258	821,6	
00:13:04,295	821,6	
00:13:04,332	821,6	
00:13:04,369	821,6	
00:13:04,406	821,6	
00:13:04,443	821,6	
00:13:04,480	821,6	
00:13:04,517	821,6	
00:13:04,554	821,6	
00:13:04,591	821,6	
00:13:04,628	821,6	
00:13:04,665	821,7	
00:13:04,702	821,7	
00:13:04,739	821,7	
00:13:04,776	821,7	
00:13:04,814	821,7	
00:13:04,851	821,7	
00:13:04,888	821,7	
00:13:04,925	821,7	
00:13:04,962	821,7	
00:13:04,999	821,7	
00:13:05,036	821,7	
00:13:05,073	821,7	
00:13:05,110	821,7	
00:13:05,147	821,8	
00:13:05,184	821,8	
00:13:05,221	821,8	
00:13:05,258	821,8	
00:13:05,295	821,8	
00:13:05,332	821,8	
00:13:05,369	821,8	
00:13:05,406	821,8	
00:13:05,443	821,8	
00:13:05,480	821,8	
00:13:05,517	821,8	
00:13:05,554	821,8	
00:13:05,591	821,8	
00:13:05,628	821,8	
00:13:05,665	821,9	
00:13:05,702	821,9	
00:13:05,739	821,9	
00:13:05,776	821,9	
00:13:05,814	821,9	
00:13:05,851	821,9	
00:13:05,888	821,9	
00:13:05,925	821,9	
00:13:05,962	821,8	
00:13:05,999	821,8	
00:13:06,036	821,8	
00:13:06,073	821,8	
00:13:06,110	821,7	
00:13:06,147	821,7	
00:13:06,184	821,7	
00:13:06,221	821,7	
00:13:06,258	821,6	
00:13:06,295	821,6	
00:13:06,332	821,6	
00:13:06,369	821,5	
00:13:06,406	821,5	
00:13:06,443	821,5	
00:13:06,480	821,5	
00:13:06,517	821,4	
00:13:06,554	821,4	
00:13:06,591	821,4	
00:13:06,628	821,4	
00:13:06,665	821,3	
00:13:06,702	821,3	
00:13:06,739	821,3	
00:13:06,776	821,3	
00:13:06,814	821,2	
00:13:06,851	821,2	
00:13:06,888	821,2	
00:13:06,925	821,1	
00:13:06,962	821,1	
00:13:06,999	821,1	
00:13:07,036	821,1	
00:13:07,073	821,0	
00:13:07,110	821,0	
00:13:07,147	821,0	
00:13:07,184	821,0	
00:13:07,221	820,9	
00:13:07,258	820,9	
00:13:07,295	820,9	
00:13:07,332	820,8	
00:13:07,369	820,8	
00:13:07,406	820,8	
00:13:07,443	820,8	
00:13:07,480	820,7	
00:13:07,517	820,7	
00:13:07,554	820,7	
00:13:07,591	820,7	
00:13:07,628	820,6	
00:13:07,665	820,6	
00:13:07,702	820,6	
00:13:07,739	820,5	
00:13:07,776	820,5	
00:13:07,814	820,5	
00:13:07,851	820,5	
00:13:07,888	820,4	
00:13:07,925	820,4	
00:13:07,962	820,4	
00:13:07,999	820,4	
00:13:08,036	820,3	
00:13:08,073	820,3	
00:13:08,110	820,3	
00:13:08,147	820,3	
00:13:08,184	820,2	
00:13:08,221	820,2	
00:13:08,258	820,2	
00:13:08,295	820,1	
00:13:08,332	820,1	
00:13:08,369	820,1	
00:13:08,406	820,1	
00:13:08,443	820,0	
00:13:08,480	820,0	
00:13:08,517	820,0	
00:13:08,554	820,0	
00:13:08,591	819,9	
00:13:08,628	819,9	
00:13:08,665	819,9	
00:13:08,702	819,8	
00:13:08,739	819,8	
00:13:08,776	819,8	
00:13:08,814	819,8	
00:13:08,851	819,7	
00:13:08,888	819,7	
00:13:08,925	819,7	
00:13:08,962	819,7	
00:13:08,999	819,6	
00:13:09,036	819,6	
00:13:09,073	819,6	
00:13:09,110	819,5	
00:13:09,147	819,5	
00:13:09,184	819,5	
00:13:09,221	819,5	
00:13:09,258	819,4	
00:13:09,295	819,4	
00:13:09,332	819,4	
00:13:09,369	819,4	
00:13:09,406	819,3	
00:13:09,443	819,3	
00:13:09,480	819,3	
00:13:09,517	819,3	
00:13:09,554	819,2	
00:13:09,591	819,2	
00:13:09,628	819,2	
00:13:09,665	819,1	
00:13:09,702	819,1	
00:13:09,739	819,1	
00:13:09,776	819,1	
00:13:09,814	819,0	
00:13:09,851	819,0	
00:13:09,888	819,0	
00:13:09,925	819,0	
00:13:09,962	818,9	
00:13:09,999	818,9	
00:13:10,036	818,9	
00:13:10,073	818,8	
00:13:10,110	818,8	
00:13:10,147	818,8	
00:13:10,184	818,8	
00:13:10,221	818,7	
00:13:10,258	818,7	
00:13:10,295	818,7	
00:13:10,332	818,7	
00:13:10,369	818,6	
00:13:10,406	818,6	
00:13:10,443	818,6	
00:13:10,480	818,5	
00:13:10,517	818,5	
00:13:10,554	818,5	
00:13:10,591	818,5	
00:13:10,628	818,4	
00:13:10,665	818,4	
00:13:10,702	818,4	
00:13:10,739	818,4	
00:13:10,776	818,3	
00:13:10,814	818,3	
00:13:10,851	818,3	
00:13:10,888	818,2	
00:13:10,925	818,2	
00:13:10,962	818,2	
00:13:10,999	818,2	
00:13:11,036	818,1	
00:13:11,073	818,1	
00:13:11,110	818,1	
00:13:11,147	818,1	
00:13:11,184	818,0	
00:13:11,221	818,0	
00:13:11,258	818,0	
00:13:11,295	818,0	
00:13:11,332	817,9	
00:13:11,369	817,9	
00:13:11,406	817,9	
00:13:11,443	817,8	
00:13:11,480	817,8	
00:13:11,517	817,8	
00:13:11,554	817,8	
00:13:11,591	817,7	
00:13:11,628	817,7	
00:13:11,665	817,7	
00:13:11,702	817,7	
00:13:11,739	817,6	
00:13:11,776	817,6	
00:13:11,814	817,6	
00:13:11,851	817,5	
00:13:11,888	817,5	
00:13:11,925	817,5	
00:13:11,962	817,5	
00:13:11,999	817,4	
00:13:12,036	817,4	
00:13:12,073	817,4	
00:13:12,110	817,4	
00:13:12,147	817,3	
00:13:12,184	817,3	
00:13:12,221	817,3	
00:13:12,258	817,2	
00:13:12,295	817,2	
00:13:12,332	817,2	
00:13:12,369	817,2	
00:13:12,406	817,1	
00:13:12,443	817,1	
00:13:12,480	817,1	
00:13:12,517	817,1	
00:13:12,554	817,0	
00:13:12,591	817,0	
00:13:12,628	817,0	
00:13:12,665	817,0	
00:13:12,702	816,9	
00:13:12,739	816,9	
00:13:12,776	816,9	
00:13:12,814	816,8	
00:13:12,851	816,8	
00:13:12,888	816,8	
00:13:12,925	816,8	
00:13:12,962	816,7	
00:13:12,999	816,7	
00:13:13,036	816,7	
00:13:13,073	816,7	
00:13:13,110	816,6	
00:13:13,147	816,6	
00:13:13,184	816,6	
00:13:13,221	816,5	
00:13:13,258	816,5	
00:13:13,295	816,5	
00:13:13,332	816,5	
00:13:13,369	816,4	
00:13:13,406	816,4	
00:13:13,443	816,4	
00:13:13,480	816,4	
00:13:13,517	816,3	
00:13:13,554	816,3	
00:13:13,591	816,3	
00:13:13,628	816,2	
00:13:13,665	816,2	
00:13:13,702	816,2	
00:13:13,739	816,2	
00:13:13,776	816,1	
00:13:13,814	816,1	
00:13:13,851	816,1	
00:13:13,888	816,1	
00:13:13,925	816,0	
00:13:13,962	816,0	
00:13:13,999	816,0	
00:13:14,036	816,0	
00:13:14,073	815,9	
00:13:14,110	815,9	
00:13:14,147	815,9	
00:13:14,184	815,8	
00:13:14,221	815,8	
00:13:14,258	815,8	
00:13:14,295	815,8	
00:13:14,332	815,7	
00:13:14,369	815,7	
00:13:14,406	815,7	
00:13:14,443	815,7	
00:13:14,480	815,6	
00:13:14,517	815,6	
00:13:14,554	815,6	
00:13:14,591	815,6	
00:13:14,628	815,6	
00:13:14,665	815,5	
00:13:14,702	815,5	
00:13:14,739	815,5	
00:13:14,776	815,5	
00:13:14,814	815,5	
00:13:14,851	815,5	
00:13:14,888	815,5	
00:13:14,925	815,4	
00:13:14,962	815,4	
00:13:14,999	815,4	
00:13:15,036	815,4	
00:13:15,073	815,4	
00:13:15,110	815,4	
00:13:15,147	815,4	
00:13:15,184	815,3	
00:13:15,221	815,3	
00:13:15,258	815,3	
00:13:15,295	815,3	
00:13:15,332	815,3	
00:13:15,369	815,3	
00:13:15,406	815,3	
00:13:15,443	815,3	
00:13:15,480	815,2	
00:13:15,517	815,2	
00:13:15,554	815,2	
00:13:15,591	815,2	
00:13:15,628	815,2	
00:13:15,665	815,2	
00:13:15,702	815,2	
00:13:15,739	815,1	
00:13:15,776	815,1	
00:13:15,814	815,1	
00:13:15,851	815,1	
00:13:15,888	815,1	
00:13:15,925	815,1	
00:13:15,962	815,1	
00:13:15,999	815,0	
00:13:16,036	815,0	
00:13:16,073	815,0	
00:13:16,110	815,0	
00:13:16,147	815,0	
00:13:16,184	815,0	
00:13:16,221	815,0	
00:13:16,258	814,9	
00:13:16,295	814,9	
00:13:16,332	814,9	
00:13:16,369	814,9	
00:13:16,406	814,9	
00:13:16,443	814,9	
00:13:16,480	814,9	
00:13:16,517	814,8	
00:13:16,554	814,8	
00:13:16,591	814,8	
00:13:16,628	814,8	
00:13:16,665	814,8	
00:13:16,702	814,8	
00:13:16,739	814,8	
00:13:16,776	814,7	
00:13:16,814	814,7	
00:13:16,851	814,7	
00:13:16,888	814,7	
00:13:16,925	814,7	
00:13:16,962	814,7	
00:13:16,999	814,7	
00:13:17,036	814,6	
00:13:17,073	814,6	
00:13:17,110	814,6	
00:13:17,147	814,6	
00:13:17,184	814,6	
00:13:17,221	814,6	
00:13:17,258	814,6	
00:13:17,295	814,6	
00:13:17,332	814,5	
00:13:17,369	814,5	
00:13:17,406	814,5	
00:13:17,443	814,5	
00:13:17,480	814,5	
00:13:17,517	814,5	
00:13:17,554	814,5	
00:13:17,591	814,4	
00:13:17,628	814,4	
00:13:17,665	814,4	
00:13:17,702	814,4	
00:13:17,739	814,4	
00:13:17,776	814,4	
00:13:17,814	814,4	
00:13:17,851	814,3	
00:13:17,888	814,3	
00:13:17,925	814,3	
00:13:17,962	814,3	
00:13:17,999	814,3	
00:13:18,036	814,3	
00:13:18,073	814,3	
00:13:18,110	814,2	
00:13:18,147	814,2	
00:13:18,184	814,2	
00:13:18,221	814,2	
00:13:18,258	814,2	
00:13:18,295	814,2	
00:13:18,332	814,2	
00:13:18,369	814,1	
00:13:18,406	814,1	
00:13:18,443	814,1	
00:13:18,480	814,1	
00:13:18,517	814,1	
00:13:18,554	814,1	
00:13:18,591	814,1	
00:13:18,628	814,0	
00:13:18,665	814,0	
00:13:18,702	814,0	
00:13:18,739	814,0	
00:13:18,776	814,0	
00:13:18,814	814,0	
00:13:18,851	814,0	
00:13:18,888	813,9	
00:13:18,925	813,9	
00:13:18,962	813,9	
00:13:18,999	813,9	
00:13:19,036	813,9	
00:13:19,073	813,9	
00:13:19,110	813,9	
00:13:19,147	813,9	
00:13:19,184	813,8	
00:13:19,221	813,8	
00:13:19,258	813,8	
00:13:19,295	813,8	
00:13:19,332	813,8	
00:13:19,369	813,8	
00:13:19,406	813,8	
00:13:19,443	813,7	
00:13:19,480	813,7	
00:13:19,517	813,7	
00:13:19,554	813,7	
00:13:19,591	813,7	
00:13:19,628	813,7	
00:13:19,665	813,7	
00:13:19,702	813,6	
00:13:19,739	813,6	
00:13:19,776	813,6	
00:13:19,814	813,6	
00:13:19,851	813,6	
00:13:19,888	813,6	
00:13:19,925	813,6	
00:13:19,962	813,5	
00:13:19,999	813,5	
00:13:20,036	813,5	
00:13:20,073	813,5	
00:13:20,110	813,5	
00:13:20,147	813,5	
00:13:20,184	813,5	
00:13:20,221	813,4	
00:13:20,258	813,4	
00:13:20,295	813,4	
00:13:20,332	813,4	
00:13:20,369	813,4	
00:13:20,406	813,4	
00:13:20,443	813,4	
00:13:20,480	813,3	
00:13:20,517	813,3	
00:13:20,554	813,3	
00:13:20,591	813,3	
00:13:20,628	813,3	
00:13:20,665	813,3	
00:13:20,702	813,3	
00:13:20,739	813,2	
00:13:20,776	813,2	
00:13:20,814	813,2	
00:13:20,851	813,2	
00:13:20,888	813,2	
00:13:20,925	813,2	
00:13:20,962	813,2	
00:13:20,999	813,2	
00:13:21,036	813,1	
00:13:21,073	813,1	
00:13:21,110	813,1	
00:13:21,147	813,1	
00:13:21,184	813,1	
00:13:21,221	813,1	
00:13:21,258	813,1	
00:13:21,295	813,0	
00:13:21,332	813,0	
00:13:21,369	813,0	
00:13:21,406	813,0	
00:13:21,443	813,0	
00:13:21,480	813,0	
00:13:21,517	813,0	
00:13:21,554	812,9	
00:13:21,591	812,9	
00:13:21,628	812,9	
00:13:21,665	812,9	
00:13:21,702	812,9	
00:13:21,739	812,9	
00:13:21,776	812,9	
00:13:21,814	812,8	
00:13:21,851	812,8	
00:13:21,888	812,8	
00:13:21,925	812,8	
00:13:21,962	812,7	
00:13:21,999	812,7	
00:13:22,036	812,6	
00:13:22,073	812,6	
00:13:22,110	812,5	
00:13:22,147	812,4	
00:13:22,184	812,4	
00:13:22,221	812,3	
00:13:22,258	812,2	
00:13:22,295	812,2	
00:13:22,332	812,1	
00:13:22,369	812,1	
00:13:22,406	812,0	
00:13:22,443	811,9	
00:13:22,480	811,9	
00:13:22,517	811,8	
00:13:22,554	811,7	
00:13:22,591	811,7	
00:13:22,628	811,6	
00:13:22,665	811,6	
00:13:22,702	811,5	
00:13:22,739	811,4	
00:13:22,776	811,4	
00:13:22,814	811,3	
00:13:22,851	811,2	
00:13:22,888	811,2	
00:13:22,925	811,1	
00:13:22,962	811,1	
00:13:22,999	811,0	
00:13:23,036	810,9	
00:13:23,073	810,9	
00:13:23,110	810,8	
00:13:23,147	810,8	
00:13:23,184	810,7	
00:13:23,221	810,6	
00:13:23,258	810,6	
00:13:23,295	810,5	
00:13:23,332	810,4	
00:13:23,369	810,4	
00:13:23,406	810,3	
00:13:23,443	810,3	
00:13:23,480	810,2	
00:13:23,517	810,1	
00:13:23,554	810,1	
00:13:23,591	810,0	
00:13:23,628	809,9	
00:13:23,665	809,9	
00:13:23,702	809,8	
00:13:23,739	809,8	
00:13:23,776	809,7	
00:13:23,814	809,6	
00:13:23,851	809,6	
00:13:23,888	809,5	
00:13:23,925	809,4	
00:13:23,962	809,4	
00:13:23,999	809,3	
00:13:24,036	809,3	
00:13:24,073	809,2	
00:13:24,110	809,1	
00:13:24,147	809,1	
00:13:24,184	809,0	
00:13:24,221	809,0	
00:13:24,258	808,9	
00:13:24,295	808,8	
00:13:24,332	808,8	
00:13:24,369	808,7	
00:13:24,406	808,6	
00:13:24,443	808,6	
00:13:24,480	808,5	
00:13:24,517	808,5	
00:13:24,554	808,4	
00:13:24,591	808,3	
00:13:24,628	808,3	
00:13:24,665	808,2	
00:13:24,702	808,1	
00:13:24,739	808,1	
00:13:24,776	808,0	
00:13:24,814	808,0	
00:13:24,851	807,9	
00:13:24,888	807,8	
00:13:24,925	807,8	
00:13:24,962	807,7	
00:13:24,999	807,7	
00:13:25,036	807,6	
00:13:25,073	807,5	
00:13:25,110	807,5	
00:13:25,147	807,4	
00:13:25,184	807,3	
00:13:25,221	807,3	
00:13:25,258	807,2	
00:13:25,295	807,2	
00:13:25,332	807,1	
00:13:25,369	807,0	
00:13:25,406	807,0	
00:13:25,443	806,9	
00:13:25,480	806,8	
00:13:25,517	806,8	
00:13:25,554	806,7	
00:13:25,591	806,7	
00:13:25,628	806,6	
00:13:25,665	806,5	
00:13:25,702	806,5	
00:13:25,739	806,4	
00:13:25,776	806,3	
00:13:25,814	806,3	
00:13:25,851	806,2	
00:13:25,888	806,2	
00:13:25,925	806,1	
00:13:25,962	806,0	
00:13:25,999	806,0	
00:13:26,036	805,9	
00:13:26,073	805,9	
00:13:26,110	805,8	
00:13:26,147	805,7	
00:13:26,184	805,7	
00:13:26,221	805,6	
00:13:26,258	805,5	
00:13:26,295	805,5	
00:13:26,332	805,4	
00:13:26,369	805,4	
00:13:26,406	805,3	
00:13:26,443	805,2	
00:13:26,480	805,2	
00:13:26,517	805,1	
00:13:26,554	805,0	
00:13:26,591	805,0	
00:13:26,628	804,9	
00:13:26,665	804,9	
00:13:26,702	804,8	
00:13:26,739	804,7	
00:13:26,776	804,7	
00:13:26,814	804,6	
00:13:26,851	804,5	
00:13:26,888	804,5	
00:13:26,925	804,4	
00:13:26,962	804,4	
00:13:26,999	804,3	
00:13:27,036	804,2	
00:13:27,073	804,2	
00:13:27,110	804,1	
00:13:27,147	804,1	
00:13:27,184	804,0	
00:13:27,221	803,9	
00:13:27,258	803,9	
00:13:27,295	803,8	
00:13:27,332	803,7	
00:13:27,369	803,7	
00:13:27,406	803,6	
00:13:27,443	803,6	
00:13:27,480	803,5	
00:13:27,517	803,4	
00:13:27,554	803,4	
00:13:27,591	803,3	
00:13:27,628	803,2	
00:13:27,665	803,2	
00:13:27,702	803,1	
00:13:27,739	803,1	
00:13:27,776	803,0	
00:13:27,814	802,9	
00:13:27,851	802,9	
00:13:27,888	802,8	
00:13:27,925	802,7	
00:13:27,962	802,7	
00:13:27,999	802,6	
00:13:28,036	802,6	
00:13:28,073	802,5	
00:13:28,110	802,4	
00:13:28,147	802,4	
00:13:28,184	802,3	
00:13:28,221	802,2	
00:13:28,258	802,2	
00:13:28,295	802,1	
00:13:28,332	802,0	
00:13:28,369	802,0	
00:13:28,406	801,9	
00:13:28,443	801,9	
00:13:28,480	801,8	
00:13:28,517	801,7	
00:13:28,554	801,7	
00:13:28,591	801,6	
00:13:28,628	801,5	
00:13:28,665	801,5	
00:13:28,702	801,4	
00:13:28,739	801,3	
00:13:28,776	801,3	
00:13:28,814	801,2	
00:13:28,851	801,1	
00:13:28,888	801,1	
00:13:28,925	801,0	
00:13:28,962	800,9	
00:13:28,999	800,9	
00:13:29,036	800,8	
00:13:29,073	800,8	
00:13:29,110	800,7	
00:13:29,147	800,6	
00:13:29,184	800,6	
00:13:29,221	800,5	
00:13:29,258	800,4	
00:13:29,295	800,4	
00:13:29,332	800,3	
00:13:29,369	800,2	
00:13:29,406	800,2	
00:13:29,443	800,1	
00:13:29,480	800,0	
00:13:29,517	800,0	
00:13:29,554	799,9	
00:13:29,591	799,8	
00:13:29,628	799,8	
00:13:29,665	799,7	
00:13:29,702	799,7	
00:13:29,739	799,6	
00:13:29,776	799,5	
00:13:29,814	799,5	
00:13:29,851	799,4	
00:13:29,888	799,3	
00:13:29,925	799,3	
00:13:29,962	799,2	
00:13:29,999	799,1	
00:13:30,036	799,1	
00:13:30,073	799,0	
00:13:30,110	798,9	
00:13:30,147	798,9	
00:13:30,184	798,8	
00:13:30,221	798,7	
00:13:30,258	798,7	
00:13:30,295	798,6	
00:13:30,332	798,6	
00:13:30,369	798,5	
00:13:30,406	798,4	
00:13:30,443	798,4	
00:13:30,480	798,3	
00:13:30,517	798,2	
00:13:30,554	798,2	
00:13:30,591	798,1	
00:13:30,628	798,0	
00:13:30,665	798,0	
00:13:30,702	797,9	
00:13:30,739	797,8	
00:13:30,776	797,8	
00:13:30,814	797,7	
00:13:30,851	797,7	
00:13:30,888	797,6	
00:13:30,925	797,5	
00:13:30,962	797,5	
00:13:30,999	797,4	
00:13:31,036	797,3	
00:13:31,073	797,3	
00:13:31,110	797,2	
00:13:31,147	797,1	
00:13:31,184	797,1	
00:13:31,221	797,0	
00:13:31,258	796,9	
00:13:31,295	796,9	
00:13:31,332	796,8	
00:13:31,369	796,7	
00:13:31,406	796,7	
00:13:31,443	796,6	
00:13:31,480	796,6	
00:13:31,517	796,5	
00:13:31,554	796,4	
00:13:31,591	796,4	
00:13:31,628	796,3	
00:13:31,665	796,2	
00:13:31,702	796,2	
00:13:31,739	796,1	
00:13:31,776	796,0	
00:13:31,814	796,0	
00:13:31,851	795,9	
00:13:31,888	795,8	
00:13:31,925	795,8	
00:13:31,962	795,7	
00:13:31,999	795,6	
00:13:32,036	795,6	
00:13:32,073	795,5	
00:13:32,110	795,5	
00:13:32,147	795,4	
00:13:32,184	795,3	
00:13:32,221	795,3	
00:13:32,258	795,2	
00:13:32,295	795,1	
00:13:32,332	795,1	
00:13:32,369	795,0	
00:13:32,406	794,9	
00:13:32,443	794,9	
00:13:32,480	794,8	
00:13:32,517	794,7	
00:13:32,554	794,7	
00:13:32,591	794,6	
00:13:32,628	794,5	
00:13:32,665	794,5	
00:13:32,702	794,4	
00:13:32,739	794,4	
00:13:32,776	794,3	
00:13:32,814	794,2	
00:13:32,851	794,2	
00:13:32,888	794,1	
00:13:32,925	794,0	
00:13:32,962	794,0	
00:13:32,999	793,9	
00:13:33,036	793,8	
00:13:33,073	793,8	
00:13:33,110	793,7	
00:13:33,147	793,6	
00:13:33,184	793,6	
00:13:33,221	793,5	
00:13:33,258	793,4	
00:13:33,295	793,4	
00:13:33,332	793,3	
00:13:33,369	793,3	
00:13:33,406	793,2	
00:13:33,443	793,1	
00:13:33,480	793,1	
00:13:33,517	793,0	
00:13:33,554	792,9	
00:13:33,591	792,9	
00:13:33,628	792,8	
00:13:33,665	792,7	
00:13:33,702	792,7	
00:13:33,739	792,6	
00:13:33,776	792,5	
00:13:33,814	792,5	
00:13:33,851	792,4	
00:13:33,888	792,3	
00:13:33,925	792,3	
00:13:33,962	792,2	
00:13:33,999	792,2	
00:13:34,036	792,1	
00:13:34,073	792,0	
00:13:34,110	792,0	
00:13:34,147	791,9	
00:13:34,184	791,8	
00:13:34,221	791,8	
00:13:34,258	791,7	
00:13:34,295	791,6	
00:13:34,332	791,6	
00:13:34,369	791,5	
00:13:34,406	791,4	
00:13:34,443	791,4	
00:13:34,480	791,3	
00:13:34,517	791,2	
00:13:34,554	791,2	
00:13:34,591	791,1	
00:13:34,628	791,1	
00:13:34,665	791,0	
00:13:34,702	790,9	
00:13:34,739	790,9	
00:13:34,776	790,8	
00:13:34,814	790,7	
00:13:34,851	790,7	
00:13:34,888	790,6	
00:13:34,925	790,5	
00:13:34,962	790,5	
00:13:34,999	790,4	
00:13:35,036	790,3	
00:13:35,073	790,3	
00:13:35,110	790,2	
00:13:35,147	790,1	
00:13:35,184	790,1	
00:13:35,221	790,0	
00:13:35,258	790,0	
00:13:35,295	789,9	
00:13:35,332	789,8	
00:13:35,369	789,8	
00:13:35,406	789,7	
00:13:35,443	789,6	
00:13:35,480	789,6	
00:13:35,517	789,5	
00:13:35,554	789,4	
00:13:35,591	789,4	
00:13:35,628	789,3	
00:13:35,665	789,2	
00:13:35,702	789,2	
00:13:35,739	789,1	
00:13:35,776	789,0	
00:13:35,813	789,0	
00:13:35,851	788,9	
00:13:35,888	788,9	
00:13:35,925	788,8	
00:13:35,962	788,7	
00:13:35,999	788,7	
00:13:36,036	788,6	
00:13:36,073	788,5	
00:13:36,110	788,5	
00:13:36,147	788,4	
00:13:36,184	788,3	
00:13:36,221	788,3	
00:13:36,258	788,2	
00:13:36,295	788,1	
00:13:36,332	788,1	
00:13:36,369	788,0	
00:13:36,406	788,0	
00:13:36,443	787,9	
00:13:36,480	787,8	
00:13:36,517	787,8	
00:13:36,554	787,7	
00:13:36,591	787,6	
00:13:36,628	787,6	
00:13:36,665	787,5	
00:13:36,702	787,4	
00:13:36,739	787,4	
00:13:36,776	787,3	
00:13:36,813	787,2	
00:13:36,851	787,2	
00:13:36,888	787,1	
00:13:36,925	787,0	
00:13:36,962	787,0	
00:13:36,999	786,9	
00:13:37,036	786,9	
00:13:37,073	786,8	
00:13:37,110	786,7	
00:13:37,147	786,7	
00:13:37,184	786,6	
00:13:37,221	786,5	
00:13:37,258	786,5	
00:13:37,295	786,4	
00:13:37,332	786,3	
00:13:37,369	786,3	
00:13:37,406	786,2	
00:13:37,443	786,1	
00:13:37,480	786,1	
00:13:37,517	786,0	
00:13:37,554	785,9	
00:13:37,591	785,9	
00:13:37,628	785,8	
00:13:37,665	785,8	
00:13:37,702	785,7	
00:13:37,739	785,6	
00:13:37,776	785,6	
00:13:37,813	785,5	
00:13:37,851	785,4	
00:13:37,888	785,4	
00:13:37,925	785,3	
00:13:37,962	785,2	
00:13:37,999	785,2	
00:13:38,036	785,1	
00:13:38,073	785,0	
00:13:38,110	785,0	
00:13:38,147	784,9	
00:13:38,184	784,8	
00:13:38,221	784,8	
00:13:38,258	784,7	
00:13:38,295	784,7	
00:13:38,332	784,6	
00:13:38,369	784,5	
00:13:38,406	784,5	
00:13:38,443	784,4	
00:13:38,480	784,3	
00:13:38,517	784,3	
00:13:38,554	784,2	
00:13:38,591	784,1	
00:13:38,628	784,1	
00:13:38,665	784,0	
00:13:38,702	783,9	
00:13:38,739	783,9	
00:13:38,776	783,8	
00:13:38,813	783,7	
00:13:38,851	783,7	
00:13:38,888	783,6	
00:13:38,925	783,6	
00:13:38,962	783,5	
00:13:38,999	783,4	
00:13:39,036	783,4	
00:13:39,073	783,3	
00:13:39,110	783,2	
00:13:39,147	783,2	
00:13:39,184	783,1	
00:13:39,221	783,0	
00:13:39,258	783,0	
00:13:39,295	782,9	
00:13:39,332	782,8	
00:13:39,369	782,8	
00:13:39,406	782,7	
00:13:39,443	782,6	
00:13:39,480	782,6	
00:13:39,517	782,5	
00:13:39,554	782,5	
00:13:39,591	782,4	
00:13:39,628	782,3	
00:13:39,665	782,3	
00:13:39,702	782,2	
00:13:39,739	782,1	
00:13:39,776	782,1	
00:13:39,813	782,0	
00:13:39,851	781,9	
00:13:39,888	781,9	
00:13:39,925	781,8	
00:13:39,962	781,7	
00:13:39,999	781,7	
00:13:40,036	781,6	
00:13:40,073	781,5	
00:13:40,110	781,5	
00:13:40,147	781,4	
00:13:40,184	781,4	
00:13:40,221	781,3	
00:13:40,258	781,2	
00:13:40,295	781,2	
00:13:40,332	781,1	
00:13:40,369	781,0	
00:13:40,406	781,0	
00:13:40,443	780,9	
00:13:40,480	780,8	
00:13:40,517	780,8	
00:13:40,554	780,7	
00:13:40,591	780,6	
00:13:40,628	780,6	
00:13:40,665	780,5	
00:13:40,702	780,4	
00:13:40,739	780,4	
00:13:40,776	780,3	
00:13:40,813	780,3	
00:13:40,851	780,2	
00:13:40,888	780,1	
00:13:40,925	780,1	
00:13:40,962	780,0	
00:13:40,999	779,9	
00:13:41,036	779,9	
00:13:41,073	779,8	
00:13:41,110	779,7	
00:13:41,147	779,7	
00:13:41,184	779,6	
00:13:41,221	779,5	
00:13:41,258	779,5	
00:13:41,295	779,4	
00:13:41,332	779,3	
00:13:41,369	779,3	
00:13:41,406	779,2	
00:13:41,443	779,2	
00:13:41,480	779,1	
00:13:41,517	779,0	
00:13:41,554	779,0	
00:13:41,591	778,9	
00:13:41,628	778,8	
00:13:41,665	778,8	
00:13:41,702	778,7	
00:13:41,739	778,6	
00:13:41,776	778,6	
00:13:41,813	778,5	
00:13:41,851	778,4	
00:13:41,888	778,4	
00:13:41,925	778,3	
00:13:41,962	778,3	
00:13:41,999	778,2	
00:13:42,036	778,1	
00:13:42,073	778,1	
00:13:42,110	778,0	
00:13:42,147	777,9	
00:13:42,184	777,9	
00:13:42,221	777,8	
00:13:42,258	777,7	
00:13:42,295	777,7	
00:13:42,332	777,6	
00:13:42,369	777,5	
00:13:42,406	777,5	
00:13:42,443	777,4	
00:13:42,480	777,3	
00:13:42,517	777,3	
00:13:42,554	777,2	
00:13:42,591	777,2	
00:13:42,628	777,1	
00:13:42,665	777,0	
00:13:42,702	777,0	
00:13:42,739	776,9	
00:13:42,776	776,8	
00:13:42,813	776,8	
00:13:42,851	776,7	
00:13:42,888	776,6	
00:13:42,925	776,6	
00:13:42,962	776,5	
00:13:42,999	776,4	
00:13:43,036	776,4	
00:13:43,073	776,3	
00:13:43,110	776,2	
00:13:43,147	776,2	
00:13:43,184	776,1	
00:13:43,221	776,1	
00:13:43,258	776,0	
00:13:43,295	775,9	
00:13:43,332	775,9	
00:13:43,369	775,8	
00:13:43,406	775,7	
00:13:43,443	775,7	
00:13:43,480	775,6	
00:13:43,517	775,5	
00:13:43,554	775,5	
00:13:43,591	775,4	
00:13:43,628	775,3	
00:13:43,665	775,3	
00:13:43,702	775,2	
00:13:43,739	775,1	
00:13:43,776	775,1	
00:13:43,813	775,0	
00:13:43,851	775,0	
00:13:43,888	774,9	
00:13:43,925	774,8	
00:13:43,962	774,8	
00:13:43,999	774,7	
00:13:44,036	774,6	
00:13:44,073	774,6	
00:13:44,110	774,5	
00:13:44,147	774,4	
00:13:44,184	774,4	
00:13:44,221	774,3	
00:13:44,258	774,3	
00:13:44,295	774,2	
00:13:44,332	774,2	
00:13:44,369	774,1	
00:13:44,406	774,1	
00:13:44,443	774,0	
00:13:44,480	774,0	
00:13:44,517	773,9	
00:13:44,554	773,9	
00:13:44,591	773,8	
00:13:44,628	773,8	
00:13:44,665	773,7	
00:13:44,702	773,6	
00:13:44,739	773,6	
00:13:44,776	773,5	
00:13:44,813	773,5	
00:13:44,851	773,4	
00:13:44,888	773,4	
00:13:44,925	773,3	
00:13:44,962	773,3	
00:13:44,999	773,2	
00:13:45,036	773,2	
00:13:45,073	773,1	
00:13:45,110	773,1	
00:13:45,147	773,0	
00:13:45,184	773,0	
00:13:45,221	772,9	
00:13:45,258	772,8	
00:13:45,295	772,8	
00:13:45,332	772,7	
00:13:45,369	772,7	
00:13:45,406	772,6	
00:13:45,443	772,6	
00:13:45,480	772,5	
00:13:45,517	772,5	
00:13:45,554	772,4	
00:13:45,591	772,4	
00:13:45,628	772,3	
00:13:45,665	772,3	
00:13:45,702	772,2	
00:13:45,739	772,1	
00:13:45,776	772,1	
00:13:45,813	772,0	
00:13:45,851	772,0	
00:13:45,888	771,9	
00:13:45,925	771,9	
00:13:45,962	771,8	
00:13:45,999	771,8	
00:13:46,036	771,7	
00:13:46,073	771,7	
00:13:46,110	771,6	
00:13:46,147	771,6	
00:13:46,184	771,5	
00:13:46,221	771,5	
00:13:46,258	771,4	
00:13:46,295	771,3	
00:13:46,332	771,3	
00:13:46,369	771,2	
00:13:46,406	771,2	
00:13:46,443	771,1	
00:13:46,480	771,1	
00:13:46,517	771,0	
00:13:46,554	771,0	
00:13:46,591	770,9	
00:13:46,628	770,9	
00:13:46,665	770,8	
00:13:46,702	770,8	
00:13:46,739	770,7	
00:13:46,776	770,7	
00:13:46,813	770,6	
00:13:46,851	770,5	
00:13:46,888	770,5	
00:13:46,925	770,4	
00:13:46,962	770,4	
00:13:46,999	770,3	
00:13:47,036	770,3	
00:13:47,073	770,2	
00:13:47,110	770,2	
00:13:47,147	770,1	
00:13:47,184	770,1	
00:13:47,221	770,0	
00:13:47,258	770,0	
00:13:47,295	769,9	
00:13:47,332	769,9	
00:13:47,369	769,8	
00:13:47,406	769,7	
00:13:47,443	769,7	
00:13:47,480	769,6	
00:13:47,517	769,6	
00:13:47,554	769,5	
00:13:47,591	769,5	
00:13:47,628	769,4	
00:13:47,665	769,4	
00:13:47,702	769,3	
00:13:47,739	769,3	
00:13:47,776	769,2	
00:13:47,813	769,2	
00:13:47,851	769,1	
00:13:47,888	769,1	
00:13:47,925	769,0	
00:13:47,962	768,9	
00:13:47,999	768,9	
00:13:48,036	768,8	
00:13:48,073	768,8	
00:13:48,110	768,7	
00:13:48,147	768,7	
00:13:48,184	768,6	
00:13:48,221	768,6	
00:13:48,258	768,5	
00:13:48,295	768,5	
00:13:48,332	768,4	
00:13:48,369	768,4	
00:13:48,406	768,3	
00:13:48,443	768,3	
00:13:48,480	768,2	
00:13:48,517	768,1	
00:13:48,554	768,1	
00:13:48,591	768,0	
00:13:48,628	768,0	
00:13:48,665	767,9	
00:13:48,702	767,9	
00:13:48,739	767,8	
00:13:48,776	767,8	
00:13:48,813	767,7	
00:13:48,851	767,7	
00:13:48,888	767,6	
00:13:48,925	767,6	
00:13:48,962	767,5	
00:13:48,999	767,4	
00:13:49,036	767,4	
00:13:49,073	767,3	
00:13:49,110	767,3	
00:13:49,147	767,2	
00:13:49,184	767,2	
00:13:49,221	767,1	
00:13:49,258	767,1	
00:13:49,295	767,0	
00:13:49,332	767,0	
00:13:49,369	766,9	
00:13:49,406	766,9	
00:13:49,443	766,8	
00:13:49,480	766,8	
00:13:49,517	766,7	
00:13:49,554	766,6	
00:13:49,591	766,6	
00:13:49,628	766,5	
00:13:49,665	766,5	
00:13:49,702	766,4	
00:13:49,739	766,4	
00:13:49,776	766,3	
00:13:49,813	766,3	
00:13:49,851	766,2	
00:13:49,888	766,2	
00:13:49,925	766,1	
00:13:49,962	766,1	
00:13:49,999	766,0	
00:13:50,036	766,0	
00:13:50,073	765,9	
00:13:50,110	765,8	
00:13:50,147	765,8	
00:13:50,184	765,7	
00:13:50,221	765,7	
00:13:50,258	765,6	
00:13:50,295	765,6	
00:13:50,332	765,5	
00:13:50,369	765,5	
00:13:50,406	765,4	
00:13:50,443	765,4	
00:13:50,480	765,3	
00:13:50,517	765,3	
00:13:50,554	765,2	
00:13:50,591	765,2	
00:13:50,628	765,1	
00:13:50,665	765,0	
00:13:50,702	765,0	
00:13:50,739	764,9	
00:13:50,776	764,9	
00:13:50,813	764,8	
00:13:50,851	764,8	
00:13:50,888	764,7	
00:13:50,925	764,7	
00:13:50,962	764,6	
00:13:50,999	764,6	
00:13:51,036	764,5	
00:13:51,073	764,5	
00:13:51,110	764,4	
00:13:51,147	764,4	
00:13:51,184	764,3	
00:13:51,221	764,2	
00:13:51,258	764,2	
00:13:51,295	764,1	
00:13:51,332	764,1	
00:13:51,369	764,0	
00:13:51,406	764,0	
00:13:51,443	763,9	
00:13:51,480	763,9	
00:13:51,517	763,8	
00:13:51,554	763,8	
00:13:51,591	763,7	
00:13:51,628	763,7	
00:13:51,665	763,6	
00:13:51,702	763,5	
00:13:51,739	763,5	
00:13:51,776	763,4	
00:13:51,813	763,4	
00:13:51,851	763,3	
00:13:51,888	763,3	
00:13:51,925	763,2	
00:13:51,962	763,2	
00:13:51,999	763,1	
00:13:52,036	763,1	
00:13:52,073	763,0	
00:13:52,110	763,0	
00:13:52,147	762,9	
00:13:52,184	762,9	
00:13:52,221	762,8	
00:13:52,258	762,7	
00:13:52,295	762,7	
00:13:52,332	762,6	
00:13:52,369	762,6	
00:13:52,406	762,5	
00:13:52,443	762,5	
00:13:52,480	762,4	
00:13:52,517	762,4	
00:13:52,554	762,3	
00:13:52,591	762,3	
00:13:52,628	762,2	
00:13:52,665	762,2	
00:13:52,702	762,1	
00:13:52,739	762,1	
00:13:52,776	762,0	
00:13:52,813	761,9	
00:13:52,851	761,9	
00:13:52,888	761,8	
00:13:52,925	761,8	
00:13:52,962	761,7	
00:13:52,999	761,7	
00:13:53,036	761,6	
00:13:53,073	761,6	
00:13:53,110	761,5	
00:13:53,147	761,5	
00:13:53,184	761,4	
00:13:53,221	761,4	
00:13:53,258	761,3	
00:13:53,295	761,3	
00:13:53,332	761,2	
00:13:53,369	761,2	
00:13:53,406	761,1	
00:13:53,443	761,1	
00:13:53,480	761,0	
00:13:53,517	761,0	
00:13:53,554	760,9	
00:13:53,591	760,9	
00:13:53,628	760,8	
00:13:53,665	760,8	
00:13:53,702	760,7	
00:13:53,739	760,7	
00:13:53,776	760,6	
00:13:53,813	760,6	
00:13:53,851	760,5	
00:13:53,888	760,5	
00:13:53,925	760,4	
00:13:53,962	760,4	
00:13:53,999	760,3	
00:13:54,036	760,3	
00:13:54,073	760,2	
00:13:54,110	760,2	
00:13:54,147	760,1	
00:13:54,184	760,1	
00:13:54,221	760,0	
00:13:54,258	760,0	
00:13:54,295	759,9	
00:13:54,332	759,9	
00:13:54,369	759,8	
00:13:54,406	759,8	
00:13:54,443	759,7	
00:13:54,480	759,7	
00:13:54,517	759,6	
00:13:54,554	759,5	
00:13:54,591	759,5	
00:13:54,628	759,4	
00:13:54,665	759,4	
00:13:54,702	759,3	
00:13:54,739	759,3	
00:13:54,776	759,2	
00:13:54,813	759,2	
00:13:54,851	759,1	
00:13:54,888	759,1	
00:13:54,925	759,0	
00:13:54,962	759,0	
00:13:54,999	758,9	
00:13:55,036	758,9	
00:13:55,073	758,8	
00:13:55,110	758,8	
00:13:55,147	758,7	
00:13:55,184	758,7	
00:13:55,221	758,6	
00:13:55,258	758,6	
00:13:55,295	758,5	
00:13:55,332	758,5	
00:13:55,369	758,4	
00:13:55,406	758,4	
00:13:55,443	758,3	
00:13:55,480	758,3	
00:13:55,517	758,2	
00:13:55,554	758,2	
00:13:55,591	758,1	
00:13:55,628	758,1	
00:13:55,665	758,0	
00:13:55,702	758,0	
00:13:55,739	757,9	
00:13:55,776	757,9	
00:13:55,813	757,8	
00:13:55,851	757,8	
00:13:55,888	757,7	
00:13:55,925	757,7	
00:13:55,962	757,6	
00:13:55,999	757,6	
00:13:56,036	757,5	
00:13:56,073	757,5	
00:13:56,110	757,4	
00:13:56,147	757,4	
00:13:56,184	757,3	
00:13:56,221	757,3	
00:13:56,258	757,2	
00:13:56,295	757,1	
00:13:56,332	757,1	
00:13:56,369	757,0	
00:13:56,406	757,0	
00:13:56,443	756,9	
00:13:56,480	756,9	
00:13:56,517	756,8	
00:13:56,554	756,8	
00:13:56,591	756,7	
00:13:56,628	756,7	
00:13:56,665	756,6	
00:13:56,702	756,6	
00:13:56,739	756,5	
00:13:56,776	756,5	
00:13:56,813	756,4	
00:13:56,851	756,4	
00:13:56,888	756,3	
00:13:56,925	756,3	
00:13:56,962	756,2	
00:13:56,999	756,2	
00:13:57,036	756,1	
00:13:57,073	756,1	
00:13:57,110	756,0	
00:13:57,147	756,0	
00:13:57,184	755,9	
00:13:57,221	755,9	
00:13:57,258	755,8	
00:13:57,295	755,8	
00:13:57,332	755,7	
00:13:57,369	755,7	
00:13:57,406	755,6	
00:13:57,443	755,6	
00:13:57,480	755,5	
00:13:57,517	755,5	
00:13:57,554	755,4	
00:13:57,591	755,4	
00:13:57,628	755,3	
00:13:57,665	755,3	
00:13:57,702	755,2	
00:13:57,739	755,2	
00:13:57,776	755,1	
00:13:57,813	755,1	
00:13:57,851	755,0	
00:13:57,888	755,0	
00:13:57,925	754,9	
00:13:57,962	754,8	
00:13:57,999	754,8	
00:13:58,036	754,7	
00:13:58,073	754,7	
00:13:58,110	754,6	
00:13:58,147	754,6	
00:13:58,184	754,5	
00:13:58,221	754,5	
00:13:58,258	754,4	
00:13:58,295	754,4	
00:13:58,332	754,3	
00:13:58,369	754,3	
00:13:58,406	754,2	
00:13:58,443	754,2	
00:13:58,480	754,1	
00:13:58,517	754,1	
00:13:58,554	754,0	
00:13:58,591	754,0	
00:13:58,628	753,9	
00:13:58,665	753,9	
00:13:58,702	753,8	
00:13:58,739	753,8	
00:13:58,776	753,7	
00:13:58,813	753,7	
00:13:58,851	753,6	
00:13:58,888	753,6	
00:13:58,925	753,5	
00:13:58,962	753,5	
00:13:58,999	753,4	
00:13:59,036	753,4	
00:13:59,073	753,3	
00:13:59,110	753,3	
00:13:59,147	753,2	
00:13:59,184	753,2	
00:13:59,221	753,1	
00:13:59,258	753,1	
00:13:59,295	753,0	
00:13:59,332	753,0	
00:13:59,369	752,9	
00:13:59,406	752,9	
00:13:59,443	752,8	
00:13:59,480	752,8	
00:13:59,517	752,7	
00:13:59,554	752,7	
00:13:59,591	752,6	
00:13:59,628	752,6	
00:13:59,665	752,5	
00:13:59,702	752,4	
00:13:59,739	752,4	
00:13:59,776	752,3	
00:13:59,813	752,3	
00:13:59,851	752,2	
00:13:59,888	752,2	
00:13:59,925	752,1	
00:13:59,962	752,1	
00:13:59,999	752,0	
00:14:00,036	752,0	
00:14:00,073	751,9	
00:14:00,110	751,9	
00:14:00,147	751,8	
00:14:00,184	751,8	
00:14:00,221	751,7	
00:14:00,258	751,7	
00:14:00,295	751,6	
00:14:00,332	751,6	
00:14:00,369	751,5	
00:14:00,406	751,5	
00:14:00,443	751,4	
00:14:00,480	751,4	
00:14:00,517	751,3	
00:14:00,554	751,3	
00:14:00,591	751,2	
00:14:00,628	751,2	
00:14:00,665	751,1	
00:14:00,702	751,1	
00:14:00,739	751,0	
00:14:00,776	751,0	
00:14:00,813	750,9	
00:14:00,851	750,9	
00:14:00,888	750,8	
00:14:00,925	750,8	
00:14:00,962	750,7	
00:14:00,999	750,7	
00:14:01,036	750,6	
00:14:01,073	750,6	
00:14:01,110	750,5	
00:14:01,147	750,5	
00:14:01,184	750,4	
00:14:01,221	750,4	
00:14:01,258	750,3	
00:14:01,295	750,3	
00:14:01,332	750,2	
00:14:01,369	750,2	
00:14:01,406	750,1	
00:14:01,443	750,1	
00:14:01,480	750,1	
00:14:01,517	750,1	
00:14:01,554	750,1	
00:14:01,591	750,1	
00:14:01,628	750,1	
00:14:01,665	750,1	
00:14:01,702	750,1	
00:14:01,739	750,1	
00:14:01,776	750,2	
00:14:01,813	750,2	
00:14:01,851	750,2	
00:14:01,888	750,2	
00:14:01,925	750,2	
00:14:01,962	750,2	
00:14:01,999	750,2	
00:14:02,036	750,2	
00:14:02,073	750,2	
00:14:02,110	750,2	
00:14:02,147	750,2	
00:14:02,184	750,2	
00:14:02,221	750,2	
00:14:02,258	750,2	
00:14:02,295	750,2	
00:14:02,332	750,2	
00:14:02,369	750,2	
00:14:02,406	750,2	
00:14:02,443	750,3	
00:14:02,480	750,3	
00:14:02,517	750,3	
00:14:02,554	750,3	
00:14:02,591	750,3	
00:14:02,628	750,3	
00:14:02,665	750,3	
00:14:02,702	750,3	
00:14:02,739	750,3	
00:14:02,776	750,3	
00:14:02,813	750,3	
00:14:02,851	750,3	
00:14:02,888	750,3	
00:14:02,925	750,3	
00:14:02,962	750,3	
00:14:02,999	750,3	
00:14:03,036	750,3	
00:14:03,073	750,3	
00:14:03,110	750,3	
00:14:03,147	750,4	
00:14:03,184	750,4	
00:14:03,221	750,4	
00:14:03,258	750,4	
00:14:03,295	750,4	
00:14:03,332	750,4	
00:14:03,369	750,4	
00:14:03,406	750,4	
00:14:03,443	750,4	
00:14:03,480	750,4	
00:14:03,517	750,4	
00:14:03,554	750,4	
00:14:03,591	750,4	
00:14:03,628	750,4	
00:14:03,665	750,4	
00:14:03,702	750,4	
00:14:03,739	750,4	
00:14:03,776	750,4	
00:14:03,813	750,5	
00:14:03,851	750,5	
00:14:03,888	750,5	
00:14:03,925	750,5	
00:14:03,962	750,5	
00:14:03,999	750,5	
00:14:04,036	750,5	
00:14:04,073	750,5	
00:14:04,110	750,5	
00:14:04,147	750,5	
00:14:04,184	750,5	
00:14:04,221	750,5	
00:14:04,258	750,5	
00:14:04,295	750,5	
00:14:04,332	750,5	
00:14:04,369	750,5	
00:14:04,406	750,5	
00:14:04,443	750,5	
00:14:04,480	750,5	
00:14:04,517	750,6	
00:14:04,554	750,6	
00:14:04,591	750,6	
00:14:04,628	750,6	
00:14:04,665	750,6	
00:14:04,702	750,6	
00:14:04,739	750,6	
00:14:04,776	750,6	
00:14:04,813	750,6	
00:14:04,851	750,6	
00:14:04,888	750,6	
00:14:04,925	750,6	
00:14:04,962	750,6	
00:14:04,999	750,6	
00:14:05,036	750,6	
00:14:05,073	750,6	
00:14:05,110	750,6	
00:14:05,147	750,6	
00:14:05,184	750,7	
00:14:05,221	750,7	
00:14:05,258	750,7	
00:14:05,295	750,7	
00:14:05,332	750,7	
00:14:05,369	750,7	
00:14:05,406	750,7	
00:14:05,443	750,7	
00:14:05,480	750,7	
00:14:05,517	750,7	
00:14:05,554	750,7	
00:14:05,591	750,7	
00:14:05,628	750,7	
00:14:05,665	750,7	
00:14:05,702	750,7	
00:14:05,739	750,7	
00:14:05,776	750,7	
00:14:05,813	750,7	
00:14:05,851	750,7	
00:14:05,888	750,8	
00:14:05,925	750,8	
00:14:05,962	750,8	
00:14:05,999	750,8	
00:14:06,036	750,8	
00:14:06,073	750,8	
00:14:06,110	750,8	
00:14:06,147	750,8	
00:14:06,184	750,8	
00:14:06,221	750,8	
00:14:06,258	750,8	
00:14:06,295	750,8	
00:14:06,332	750,8	
00:14:06,369	750,8	
00:14:06,406	750,8	
00:14:06,443	750,8	
00:14:06,480	750,8	
00:14:06,517	750,8	
00:14:06,554	750,9	
00:14:06,591	750,9	
00:14:06,628	750,9	
00:14:06,665	750,9	
00:14:06,702	750,9	
00:14:06,739	750,9	
00:14:06,776	750,9	
00:14:06,813	750,9	
00:14:06,851	750,9	
00:14:06,888	750,9	
00:14:06,925	750,9	
00:14:06,962	750,9	
00:14:06,999	750,9	
00:14:07,036	750,9	
00:14:07,073	750,9	
00:14:07,110	750,9	
00:14:07,147	750,9	
00:14:07,184	750,9	
00:14:07,221	750,9	
00:14:07,258	751,0	
00:14:07,295	751,0	
00:14:07,332	751,0	
00:14:07,369	751,0	
00:14:07,406	751,0	
00:14:07,443	751,0	
00:14:07,480	751,0	
00:14:07,517	751,0	
00:14:07,554	751,0	
00:14:07,591	751,0	
00:14:07,628	751,0	
00:14:07,665	751,0	
00:14:07,702	751,0	
00:14:07,739	751,0	
00:14:07,776	751,0	
00:14:07,813	751,0	
00:14:07,851	751,0	
00:14:07,888	751,0	
00:14:07,925	751,1	
00:14:07,962	751,1	
00:14:07,999	751,1	
00:14:08,036	751,1	
00:14:08,073	751,1	
00:14:08,110	751,1	
00:14:08,147	751,1	
00:14:08,184	751,1	
00:14:08,221	751,1	
00:14:08,258	751,1	
00:14:08,295	751,1	
00:14:08,332	751,1	
00:14:08,369	751,1	
00:14:08,406	751,1	
00:14:08,443	751,1	
00:14:08,480	751,1	
00:14:08,517	751,1	
00:14:08,554	751,1	
00:14:08,591	751,1	
00:14:08,628	751,2	
00:14:08,665	751,2	
00:14:08,702	751,2	
00:14:08,739	751,2	
00:14:08,776	751,2	
00:14:08,813	751,2	
00:14:08,851	751,2	
00:14:08,888	751,2	
00:14:08,925	751,2	
00:14:08,962	751,2	
00:14:08,999	751,2	
00:14:09,036	751,2	
00:14:09,073	751,2	
00:14:09,110	751,2	
00:14:09,147	751,2	
00:14:09,184	751,2	
00:14:09,221	751,2	
00:14:09,258	751,2	
00:14:09,295	751,3	
00:14:09,332	751,3	
00:14:09,369	751,3	
00:14:09,406	751,3	
00:14:09,443	751,3	
00:14:09,480	751,3	
00:14:09,517	751,3	
00:14:09,554	751,3	
00:14:09,591	751,3	
00:14:09,628	751,3	
00:14:09,665	751,3	
00:14:09,702	751,3	
00:14:09,739	751,3	
00:14:09,776	751,3	
00:14:09,813	751,3	
00:14:09,851	751,3	
00:14:09,888	751,3	
00:14:09,925	751,3	
00:14:09,962	751,3	
00:14:09,999	751,4	
00:14:10,036	751,4	
00:14:10,073	751,4	
00:14:10,110	751,4	
00:14:10,147	751,4	
00:14:10,184	751,4	
00:14:10,221	751,4	
00:14:10,258	751,4	
00:14:10,295	751,4	
00:14:10,332	751,4	
00:14:10,369	751,4	
00:14:10,406	751,4	
00:14:10,443	751,4	
00:14:10,480	751,4	
00:14:10,517	751,4	
00:14:10,554	751,4	
00:14:10,591	751,4	
00:14:10,628	751,4	
00:14:10,665	751,5	
00:14:10,702	751,5	
00:14:10,739	751,5	
00:14:10,776	751,5	
00:14:10,813	751,5	
00:14:10,851	751,5	
00:14:10,888	751,5	
00:14:10,925	751,5	
00:14:10,962	751,5	
00:14:10,999	751,5	
00:14:11,036	751,5	
00:14:11,073	751,5	
00:14:11,110	751,5	
00:14:11,147	751,5	
00:14:11,184	751,5	
00:14:11,221	751,5	
00:14:11,258	751,5	
00:14:11,295	751,5	
00:14:11,332	751,5	
00:14:11,369	751,6	
00:14:11,406	751,6	
00:14:11,443	751,6	
00:14:11,480	751,6	
00:14:11,517	751,6	
00:14:11,554	751,6	
00:14:11,591	751,6	
00:14:11,628	751,6	
00:14:11,665	751,6	
00:14:11,702	751,6	
00:14:11,739	751,6	
00:14:11,776	751,6	
00:14:11,813	751,6	
00:14:11,851	751,6	
00:14:11,888	751,6	
00:14:11,925	751,6	
00:14:11,962	751,6	
00:14:11,999	751,6	
00:14:12,036	751,7	
00:14:12,073	751,7	
00:14:12,110	751,7	
00:14:12,147	751,7	
00:14:12,184	751,7	
00:14:12,221	751,7	
00:14:12,258	751,7	
00:14:12,295	751,7	
00:14:12,332	751,7	
00:14:12,369	751,7	
00:14:12,406	751,7	
00:14:12,443	751,7	
00:14:12,480	751,7	
00:14:12,517	751,7	
00:14:12,554	751,7	
00:14:12,591	751,7	
00:14:12,628	751,7	
00:14:12,665	751,7	
00:14:12,702	751,7	
00:14:12,739	751,8	
00:14:12,776	751,8	
00:14:12,813	751,8	
00:14:12,850	751,8	
00:14:12,888	751,8	
00:14:12,925	751,8	
00:14:12,962	751,8	
00:14:12,999	751,8	
00:14:13,036	751,8	
00:14:13,073	751,8	
00:14:13,110	751,8	
00:14:13,147	751,8	
00:14:13,184	751,8	
00:14:13,221	751,8	
00:14:13,258	751,8	
00:14:13,295	751,8	
00:14:13,332	751,8	
00:14:13,369	751,8	
00:14:13,406	751,9	
00:14:13,443	751,9	
00:14:13,480	751,9	
00:14:13,517	751,9	
00:14:13,554	751,9	
00:14:13,591	751,9	
00:14:13,628	751,9	
00:14:13,665	751,9	
00:14:13,702	751,9	
00:14:13,739	751,9	
00:14:13,776	751,9	
00:14:13,813	751,9	
00:14:13,850	751,9	
00:14:13,888	751,9	
00:14:13,925	751,9	
00:14:13,962	751,9	
00:14:13,999	751,9	
00:14:14,036	751,9	
00:14:14,073	751,9	
00:14:14,110	752,0	
00:14:14,147	752,0	
00:14:14,184	752,0	
00:14:14,221	752,0	
00:14:14,258	752,0	
00:14:14,295	752,0	
00:14:14,332	752,0	
00:14:14,369	752,0	
00:14:14,406	752,0	
00:14:14,443	752,0	
00:14:14,480	752,0	
00:14:14,517	752,0	
00:14:14,554	752,0	
00:14:14,591	752,0	
00:14:14,628	752,0	
00:14:14,665	752,0	
00:14:14,702	752,0	
00:14:14,739	752,0	
00:14:14,776	752,1	
00:14:14,813	752,1	
00:14:14,850	752,1	
00:14:14,888	752,1	
00:14:14,925	752,1	
00:14:14,962	752,1	
00:14:14,999	752,1	
00:14:15,036	752,1	
00:14:15,073	752,1	
00:14:15,110	752,1	
00:14:15,147	752,1	
00:14:15,184	752,1	
00:14:15,221	752,1	
00:14:15,258	752,1	
00:14:15,295	752,1	
00:14:15,332	752,1	
00:14:15,369	752,1	
00:14:15,406	752,1	
00:14:15,443	752,1	
00:14:15,480	752,2	
00:14:15,517	752,2	
00:14:15,554	752,2	
00:14:15,591	752,2	
00:14:15,628	752,2	
00:14:15,665	752,2	
00:14:15,702	752,2	
00:14:15,739	752,2	
00:14:15,776	752,2	
00:14:15,813	752,2	
00:14:15,850	752,2	
00:14:15,888	752,2	
00:14:15,925	752,2	
00:14:15,962	752,2	
00:14:15,999	752,2	
00:14:16,036	752,2	
00:14:16,073	752,2	
00:14:16,110	752,2	
00:14:16,147	752,3	
00:14:16,184	752,3	
00:14:16,221	752,3	
00:14:16,258	752,3	
00:14:16,295	752,3	
00:14:16,332	752,3	
00:14:16,369	752,3	
00:14:16,406	752,3	
00:14:16,443	752,3	
00:14:16,480	752,3	
00:14:16,517	752,3	
00:14:16,554	752,3	
00:14:16,591	752,3	
00:14:16,628	752,3	
00:14:16,665	752,3	
00:14:16,702	752,3	
00:14:16,739	752,3	
00:14:16,776	752,3	
00:14:16,813	752,3	
00:14:16,850	752,4	
00:14:16,888	752,4	
00:14:16,925	752,4	
00:14:16,962	752,4	
00:14:16,999	752,4	
00:14:17,036	752,4	
00:14:17,073	752,4	
00:14:17,110	752,4	
00:14:17,147	752,4	
00:14:17,184	752,4	
00:14:17,221	752,4	
00:14:17,258	752,4	
00:14:17,295	752,4	
00:14:17,332	752,4	
00:14:17,369	752,4	
00:14:17,406	752,4	
00:14:17,443	752,4	
00:14:17,480	752,4	
00:14:17,517	752,5	
00:14:17,554	752,5	
00:14:17,591	752,5	
00:14:17,628	752,5	
00:14:17,665	752,5	
00:14:17,702	752,5	
00:14:17,739	752,5	
00:14:17,776	752,5	
00:14:17,813	752,5	
00:14:17,850	752,5	
00:14:17,888	752,5	
00:14:17,925	752,5	
00:14:17,962	752,5	
00:14:17,999	752,5	
00:14:18,036	752,5	
00:14:18,073	752,5	
00:14:18,110	752,5	
00:14:18,147	752,5	
00:14:18,184	752,5	
00:14:18,221	752,6	
00:14:18,258	752,6	
00:14:18,295	752,6	
00:14:18,332	752,6	
00:14:18,369	752,6	
00:14:18,406	752,6	
00:14:18,443	752,6	
00:14:18,480	752,6	
00:14:18,517	752,6	
00:14:18,554	752,6	
00:14:18,591	752,6	
00:14:18,628	752,6	
00:14:18,665	752,6	
00:14:18,702	752,6	
00:14:18,739	752,6	
00:14:18,776	752,6	
00:14:18,813	752,6	
00:14:18,850	752,6	
00:14:18,888	752,7	
00:14:18,925	752,7	
00:14:18,962	752,7	
00:14:18,999	752,7	
00:14:19,036	752,7	
00:14:19,073	752,7	
00:14:19,110	752,7	
00:14:19,147	752,7	
00:14:19,184	752,7	
00:14:19,221	752,7	
00:14:19,258	752,7	
00:14:19,295	752,7	
00:14:19,332	752,7	
00:14:19,369	752,7	
00:14:19,406	752,7	
00:14:19,443	752,7	
00:14:19,480	752,7	
00:14:19,517	752,7	
00:14:19,554	752,7	
00:14:19,591	752,8	
00:14:19,628	752,8	
00:14:19,665	752,8	
00:14:19,702	752,8	
00:14:19,739	752,8	
00:14:19,776	752,8	
00:14:19,813	752,8	
00:14:19,850	752,8	
00:14:19,888	752,8	
00:14:19,925	752,8	
00:14:19,962	752,8	
00:14:19,999	752,8	
00:14:20,036	752,8	
00:14:20,073	752,8	
00:14:20,110	752,8	
00:14:20,147	752,8	
00:14:20,184	752,8	
00:14:20,221	752,8	
00:14:20,258	752,9	
00:14:20,295	752,9	
00:14:20,332	752,9	
00:14:20,369	752,9	
00:14:20,406	752,9	
00:14:20,443	752,9	
00:14:20,480	752,9	
00:14:20,517	752,9	
00:14:20,554	752,9	
00:14:20,591	752,9	
00:14:20,628	752,9	
00:14:20,665	752,9	
00:14:20,702	752,9	
00:14:20,739	752,9	
00:14:20,776	752,9	
00:14:20,813	752,9	
00:14:20,850	752,9	
00:14:20,888	752,9	
00:14:20,925	752,9	
00:14:20,962	753,0	
00:14:20,999	753,0	
00:14:21,036	753,0	
00:14:21,073	753,0	
00:14:21,110	753,0	
00:14:21,147	753,0	
00:14:21,184	753,0	
00:14:21,221	753,0	
00:14:21,258	753,0	
00:14:21,295	753,0	
00:14:21,332	753,0	
00:14:21,369	753,0	
00:14:21,406	753,0	
00:14:21,443	753,0	
00:14:21,480	753,0	
00:14:21,517	753,0	
00:14:21,554	753,0	
00:14:21,591	753,0	
00:14:21,628	753,1	
00:14:21,665	753,1	
00:14:21,702	753,1	
00:14:21,739	753,1	
00:14:21,776	753,1	
00:14:21,813	753,1	
00:14:21,850	753,1	
00:14:21,888	753,1	
00:14:21,925	753,1	
00:14:21,962	753,1	
00:14:21,999	753,1	
00:14:22,036	753,1	
00:14:22,073	753,1	
00:14:22,110	753,1	
00:14:22,147	753,1	
00:14:22,184	753,1	
00:14:22,221	753,1	
00:14:22,258	753,1	
00:14:22,295	753,1	
00:14:22,332	753,2	
00:14:22,369	753,2	
00:14:22,406	753,2	
00:14:22,443	753,2	
00:14:22,480	753,2	
00:14:22,517	753,2	
00:14:22,554	753,2	
00:14:22,591	753,2	
00:14:22,628	753,2	
00:14:22,665	753,2	
00:14:22,702	753,2	
00:14:22,739	753,2	
00:14:22,776	753,2	
00:14:22,813	753,2	
00:14:22,850	753,2	
00:14:22,888	753,2	
00:14:22,925	753,2	
00:14:22,962	753,2	
00:14:22,999	753,3	
00:14:23,036	753,3	
00:14:23,073	753,3	
00:14:23,110	753,3	
00:14:23,147	753,3	
00:14:23,184	753,3	
00:14:23,221	753,3	
00:14:23,258	753,3	
00:14:23,295	753,3	
00:14:23,332	753,3	
00:14:23,369	753,3	
00:14:23,406	753,3	
00:14:23,443	753,3	
00:14:23,480	753,3	
00:14:23,517	753,3	
00:14:23,554	753,3	
00:14:23,591	753,3	
00:14:23,628	753,3	
00:14:23,665	753,3	
00:14:23,702	753,4	
00:14:23,739	753,4	
00:14:23,776	753,4	
00:14:23,813	753,4	
00:14:23,850	753,4	
00:14:23,888	753,4	
00:14:23,925	753,4	
00:14:23,962	753,4	
00:14:23,999	753,4	
00:14:24,036	753,4	
00:14:24,073	753,4	
00:14:24,110	753,4	
00:14:24,147	753,4	
00:14:24,184	753,4	
00:14:24,221	753,4	
00:14:24,258	753,4	
00:14:24,295	753,4	
00:14:24,332	753,4	
00:14:24,369	753,5	
00:14:24,406	753,5	
00:14:24,443	753,5	
00:14:24,480	753,5	
00:14:24,517	753,5	
00:14:24,554	753,5	
00:14:24,591	753,5	
00:14:24,628	753,5	
00:14:24,665	753,5	
00:14:24,702	753,5	
00:14:24,739	753,5	
00:14:24,776	753,5	
00:14:24,813	753,5	
00:14:24,850	753,5	
00:14:24,888	753,5	
00:14:24,925	753,5	
00:14:24,962	753,5	
00:14:24,999	753,5	
00:14:25,036	753,5	
00:14:25,073	753,6	
00:14:25,110	753,6	
00:14:25,147	753,6	
00:14:25,184	753,6	
00:14:25,221	753,6	
00:14:25,258	753,6	
00:14:25,295	753,6	
00:14:25,332	753,6	
00:14:25,369	753,6	
00:14:25,406	753,6	
00:14:25,443	753,6	
00:14:25,480	753,6	
00:14:25,517	753,6	
00:14:25,554	753,6	
00:14:25,591	753,6	
00:14:25,628	753,6	
00:14:25,665	753,6	
00:14:25,702	753,6	
00:14:25,739	753,7	
00:14:25,776	753,7	
00:14:25,813	753,7	
00:14:25,850	753,7	
00:14:25,888	753,7	
00:14:25,925	753,7	
00:14:25,962	753,7	
00:14:25,999	753,7	
00:14:26,036	753,7	
00:14:26,073	753,7	
00:14:26,110	753,8	
00:14:26,147	753,9	
00:14:26,184	754,0	
00:14:26,221	754,1	
00:14:26,258	754,2	
00:14:26,295	754,3	
00:14:26,332	754,4	
00:14:26,369	754,5	
00:14:26,406	754,6	
00:14:26,443	754,7	
00:14:26,480	754,8	
00:14:26,517	754,9	
00:14:26,554	755,0	
00:14:26,591	755,1	
00:14:26,628	755,2	
00:14:26,665	755,3	
00:14:26,702	755,4	
00:14:26,739	755,5	
00:14:26,776	755,6	
00:14:26,813	755,7	
00:14:26,850	755,8	
00:14:26,888	755,9	
00:14:26,925	756,0	
00:14:26,962	756,1	
00:14:26,999	756,2	
00:14:27,036	756,3	
00:14:27,073	756,4	
00:14:27,110	756,5	
00:14:27,147	756,6	
00:14:27,184	756,7	
00:14:27,221	756,8	
00:14:27,258	756,9	
00:14:27,295	757,0	
00:14:27,332	757,1	
00:14:27,369	757,2	
00:14:27,406	757,3	
00:14:27,443	757,4	
00:14:27,480	757,5	
00:14:27,517	757,6	
00:14:27,554	757,7	
00:14:27,591	757,8	
00:14:27,628	757,9	
00:14:27,665	758,0	
00:14:27,702	758,1	
00:14:27,739	758,2	
00:14:27,776	758,3	
00:14:27,813	758,4	
00:14:27,850	758,5	
00:14:27,888	758,6	
00:14:27,925	758,7	
00:14:27,962	758,8	
00:14:27,999	758,9	
00:14:28,036	759,0	
00:14:28,073	759,1	
00:14:28,110	759,2	
00:14:28,147	759,3	
00:14:28,184	759,4	
00:14:28,221	759,5	
00:14:28,258	759,6	
00:14:28,295	759,7	
00:14:28,332	759,8	
00:14:28,369	759,9	
00:14:28,406	760,0	
00:14:28,443	760,1	
00:14:28,480	760,2	
00:14:28,517	760,3	
00:14:28,554	760,4	
00:14:28,591	760,5	
00:14:28,628	760,6	
00:14:28,665	760,7	
00:14:28,702	760,8	
00:14:28,739	760,9	
00:14:28,776	761,0	
00:14:28,813	761,1	
00:14:28,850	761,2	
00:14:28,888	761,3	
00:14:28,925	761,4	
00:14:28,962	761,5	
00:14:28,999	761,6	
00:14:29,036	761,7	
00:14:29,073	761,8	
00:14:29,110	761,9	
00:14:29,147	762,0	
00:14:29,184	762,1	
00:14:29,221	762,2	
00:14:29,258	762,3	
00:14:29,295	762,4	
00:14:29,332	762,5	
00:14:29,369	762,6	
00:14:29,406	762,7	
00:14:29,443	762,8	
00:14:29,480	762,9	
00:14:29,517	763,0	
00:14:29,554	763,1	
00:14:29,591	763,2	
00:14:29,628	763,3	
00:14:29,665	763,4	
00:14:29,702	763,5	
00:14:29,739	763,6	
00:14:29,776	763,7	
00:14:29,813	763,8	
00:14:29,850	763,9	
00:14:29,888	764,0	
00:14:29,925	764,1	
00:14:29,962	764,2	
00:14:29,999	764,3	
00:14:30,036	764,4	
00:14:30,073	764,5	
00:14:30,110	764,6	
00:14:30,147	764,7	
00:14:30,184	764,8	
00:14:30,221	764,9	
00:14:30,258	765,0	
00:14:30,295	765,1	
00:14:30,332	765,2	
00:14:30,369	765,3	
00:14:30,406	765,4	
00:14:30,443	765,5	
00:14:30,480	765,6	
00:14:30,517	765,7	
00:14:30,554	765,8	
00:14:30,591	765,9	
00:14:30,628	766,0	
00:14:30,665	766,1	
00:14:30,702	766,2	
00:14:30,739	766,3	
00:14:30,776	766,4	
00:14:30,813	766,5	
00:14:30,850	766,6	
00:14:30,888	766,7	
00:14:30,925	766,8	
00:14:30,962	766,9	
00:14:30,999	767,0	
00:14:31,036	767,1	
00:14:31,073	767,2	
00:14:31,110	767,3	
00:14:31,147	767,4	
00:14:31,184	767,5	
00:14:31,221	767,6	
00:14:31,258	767,7	
00:14:31,295	767,8	
00:14:31,332	767,9	
00:14:31,369	768,0	
00:14:31,406	768,1	
00:14:31,443	768,2	
00:14:31,480	768,3	
00:14:31,517	768,4	
00:14:31,554	768,5	
00:14:31,591	768,6	
00:14:31,628	768,7	
00:14:31,665	768,8	
00:14:31,702	768,9	
00:14:31,739	769,0	
00:14:31,776	769,1	
00:14:31,813	769,2	
00:14:31,850	769,3	
00:14:31,888	769,4	
00:14:31,925	769,5	
00:14:31,962	769,6	
00:14:31,999	769,7	
00:14:32,036	769,8	
00:14:32,073	769,9	
00:14:32,110	770,0	
00:14:32,147	770,1	
00:14:32,184	770,2	
00:14:32,221	770,3	
00:14:32,258	770,4	
00:14:32,295	770,5	
00:14:32,332	770,6	
00:14:32,369	770,7	
00:14:32,406	770,8	
00:14:32,443	770,9	
00:14:32,480	771,0	
00:14:32,517	771,1	
00:14:32,554	771,2	
00:14:32,591	771,3	
00:14:32,628	771,4	
00:14:32,665	771,5	
00:14:32,702	771,6	
00:14:32,739	771,7	
00:14:32,776	771,8	
00:14:32,813	771,9	
00:14:32,850	772,0	
00:14:32,888	772,1	
00:14:32,925	772,2	
00:14:32,962	772,3	
00:14:32,999	772,4	
00:14:33,036	772,5	
00:14:33,073	772,6	
00:14:33,110	772,7	
00:14:33,147	772,8	
00:14:33,184	772,9	
00:14:33,221	773,0	
00:14:33,258	773,1	
00:14:33,295	773,2	
00:14:33,332	773,3	
00:14:33,369	773,4	
00:14:33,406	773,5	
00:14:33,443	773,6	
00:14:33,480	773,7	
00:14:33,517	773,8	
00:14:33,554	773,9	
00:14:33,591	774,0	
00:14:33,628	774,1	
00:14:33,665	774,2	
00:14:33,702	774,3	
00:14:33,739	774,4	
00:14:33,776	774,5	
00:14:33,813	774,6	
00:14:33,850	774,7	
00:14:33,888	774,8	
00:14:33,925	774,9	
00:14:33,962	775,0	
00:14:33,999	775,1	
00:14:34,036	775,2	
00:14:34,073	775,3	
00:14:34,110	775,4	
00:14:34,147	775,5	
00:14:34,184	775,6	
00:14:34,221	775,7	
00:14:34,258	775,8	
00:14:34,295	775,9	
00:14:34,332	776,0	
00:14:34,369	776,1	
00:14:34,406	776,2	
00:14:34,443	776,3	
00:14:34,480	776,4	
00:14:34,517	776,5	
00:14:34,554	776,6	
00:14:34,591	776,7	
00:14:34,628	776,8	
00:14:34,665	776,9	
00:14:34,702	777,0	
00:14:34,739	777,1	
00:14:34,776	777,2	
00:14:34,813	777,3	
00:14:34,850	777,4	
00:14:34,888	777,5	
00:14:34,925	777,6	
00:14:34,962	777,7	
00:14:34,999	777,8	
00:14:35,036	777,9	
00:14:35,073	778,0	
00:14:35,110	778,1	
00:14:35,147	778,2	
00:14:35,184	778,3	
00:14:35,221	778,4	
00:14:35,258	778,5	
00:14:35,295	778,6	
00:14:35,332	778,7	
00:14:35,369	778,8	
00:14:35,406	778,9	
00:14:35,443	779,0	
00:14:35,480	779,1	
00:14:35,517	779,2	
00:14:35,554	779,3	
00:14:35,591	779,4	
00:14:35,628	779,5	
00:14:35,665	779,6	
00:14:35,702	779,7	
00:14:35,739	779,8	
00:14:35,776	779,9	
00:14:35,813	780,0	
00:14:35,850	780,1	
00:14:35,888	780,2	
00:14:35,925	780,3	
00:14:35,962	780,3	
00:14:35,999	780,4	
00:14:36,036	780,4	
00:14:36,073	780,4	
00:14:36,110	780,5	
00:14:36,147	780,5	
00:14:36,184	780,6	
00:14:36,221	780,6	
00:14:36,258	780,6	
00:14:36,295	780,7	
00:14:36,332	780,7	
00:14:36,369	780,7	
00:14:36,406	780,8	
00:14:36,443	780,8	
00:14:36,480	780,9	
00:14:36,517	780,9	
00:14:36,554	780,9	
00:14:36,591	781,0	
00:14:36,628	781,0	
00:14:36,665	781,0	
00:14:36,702	781,1	
00:14:36,739	781,1	
00:14:36,776	781,2	
00:14:36,813	781,2	
00:14:36,850	781,2	
00:14:36,888	781,3	
00:14:36,925	781,3	
00:14:36,962	781,3	
00:14:36,999	781,4	
00:14:37,036	781,4	
00:14:37,073	781,4	
00:14:37,110	781,5	
00:14:37,147	781,5	
00:14:37,184	781,6	
00:14:37,221	781,6	
00:14:37,258	781,6	
00:14:37,295	781,7	
00:14:37,332	781,7	
00:14:37,369	781,7	
00:14:37,406	781,8	
00:14:37,443	781,8	
00:14:37,480	781,9	
00:14:37,517	781,9	
00:14:37,554	781,9	
00:14:37,591	782,0	
00:14:37,628	782,0	
00:14:37,665	782,0	
00:14:37,702	782,1	
00:14:37,739	782,1	
00:14:37,776	782,2	
00:14:37,813	782,2	
00:14:37,850	782,2	
00:14:37,888	782,3	
00:14:37,925	782,3	
00:14:37,962	782,3	
00:14:37,999	782,4	
00:14:38,036	782,4	
00:14:38,073	782,4	
00:14:38,110	782,5	
00:14:38,147	782,5	
00:14:38,184	782,6	
00:14:38,221	782,6	
00:14:38,258	782,6	
00:14:38,295	782,7	
00:14:38,332	782,7	
00:14:38,369	782,7	
00:14:38,406	782,8	
00:14:38,443	782,8	
00:14:38,480	782,9	
00:14:38,517	782,9	
00:14:38,554	782,9	
00:14:38,591	783,0	
00:14:38,628	783,0	
00:14:38,665	783,0	
00:14:38,702	783,1	
00:14:38,739	783,1	
00:14:38,776	783,1	
00:14:38,813	783,2	
00:14:38,850	783,2	
00:14:38,888	783,3	
00:14:38,925	783,3	
00:14:38,962	783,3	
00:14:38,999	783,4	
00:14:39,036	783,4	
00:14:39,073	783,4	
00:14:39,110	783,5	
00:14:39,147	783,5	
00:14:39,184	783,6	
00:14:39,221	783,6	
00:14:39,258	783,6	
00:14:39,295	783,7	
00:14:39,332	783,7	
00:14:39,369	783,7	
00:14:39,406	783,8	
00:14:39,443	783,8	
00:14:39,480	783,9	
00:14:39,517	783,9	
00:14:39,554	783,9	
00:14:39,591	784,0	
00:14:39,628	784,0	
00:14:39,665	784,0	
00:14:39,702	784,1	
00:14:39,739	784,1	
00:14:39,776	784,1	
00:14:39,813	784,2	
00:14:39,850	784,2	
00:14:39,888	784,3	
00:14:39,925	784,3	
00:14:39,962	784,3	
00:14:39,999	784,4	
00:14:40,036	784,4	
00:14:40,073	784,4	
00:14:40,110	784,5	
00:14:40,147	784,5	
00:14:40,184	784,6	
00:14:40,221	784,6	
00:14:40,258	784,6	
00:14:40,295	784,7	
00:14:40,332	784,7	
00:14:40,369	784,7	
00:14:40,406	784,8	
00:14:40,443	784,8	
00:14:40,480	784,9	
00:14:40,517	784,9	
00:14:40,554	784,9	
00:14:40,591	785,0	
00:14:40,628	785,0	
00:14:40,665	785,0	
00:14:40,702	785,1	
00:14:40,739	785,1	
00:14:40,776	785,1	
00:14:40,813	785,2	
00:14:40,850	785,2	
00:14:40,888	785,3	
00:14:40,925	785,3	
00:14:40,962	785,3	
00:14:40,999	785,4	
00:14:41,036	785,4	
00:14:41,073	785,4	
00:14:41,110	785,5	
00:14:41,147	785,5	
00:14:41,184	785,6	
00:14:41,221	785,6	
00:14:41,258	785,6	
00:14:41,295	785,7	
00:14:41,332	785,7	
00:14:41,369	785,7	
00:14:41,406	785,8	
00:14:41,443	785,8	
00:14:41,480	785,9	
00:14:41,517	785,9	
00:14:41,554	785,9	
00:14:41,591	786,0	
00:14:41,628	786,0	
00:14:41,665	786,0	
00:14:41,702	786,1	
00:14:41,739	786,1	
00:14:41,776	786,1	
00:14:41,813	786,2	
00:14:41,850	786,2	
00:14:41,888	786,3	
00:14:41,925	786,3	
00:14:41,962	786,3	
00:14:41,999	786,4	
00:14:42,036	786,4	
00:14:42,073	786,4	
00:14:42,110	786,5	
00:14:42,147	786,5	
00:14:42,184	786,6	
00:14:42,221	786,6	
00:14:42,258	786,6	
00:14:42,295	786,7	
00:14:42,332	786,7	
00:14:42,369	786,7	
00:14:42,406	786,8	
00:14:42,443	786,8	
00:14:42,480	786,8	
00:14:42,517	786,9	
00:14:42,554	786,9	
00:14:42,591	787,0	
00:14:42,628	787,0	
00:14:42,665	787,0	
00:14:42,702	787,1	
00:14:42,739	787,1	
00:14:42,776	787,1	
00:14:42,813	787,2	
00:14:42,850	787,2	
00:14:42,888	787,3	
00:14:42,925	787,3	
00:14:42,962	787,3	
00:14:42,999	787,4	
00:14:43,036	787,4	
00:14:43,073	787,4	
00:14:43,110	787,5	
00:14:43,147	787,5	
00:14:43,184	787,6	
00:14:43,221	787,6	
00:14:43,258	787,6	
00:14:43,295	787,7	
00:14:43,332	787,7	
00:14:43,369	787,7	
00:14:43,406	787,8	
00:14:43,443	787,8	
00:14:43,480	787,8	
00:14:43,517	787,9	
00:14:43,554	787,9	
00:14:43,591	788,0	
00:14:43,628	788,0	
00:14:43,665	788,0	
00:14:43,702	788,1	
00:14:43,739	788,1	
00:14:43,776	788,1	
00:14:43,813	788,2	
00:14:43,850	788,2	
00:14:43,888	788,3	
00:14:43,925	788,3	
00:14:43,962	788,3	
00:14:43,999	788,4	
00:14:44,036	788,4	
00:14:44,073	788,4	
00:14:44,110	788,5	
00:14:44,147	788,5	
00:14:44,184	788,6	
00:14:44,221	788,6	
00:14:44,258	788,6	
00:14:44,295	788,7	
00:14:44,332	788,7	
00:14:44,369	788,7	
00:14:44,406	788,8	
00:14:44,443	788,8	
00:14:44,480	788,8	
00:14:44,517	788,9	
00:14:44,554	788,9	
00:14:44,591	789,0	
00:14:44,628	789,0	
00:14:44,665	789,0	
00:14:44,702	789,1	
00:14:44,739	789,1	
00:14:44,776	789,1	
00:14:44,813	789,2	
00:14:44,850	789,2	
00:14:44,888	789,3	
00:14:44,925	789,3	
00:14:44,962	789,3	
00:14:44,999	789,4	
00:14:45,036	789,4	
00:14:45,073	789,4	
00:14:45,110	789,5	
00:14:45,147	789,5	
00:14:45,184	789,6	
00:14:45,221	789,6	
00:14:45,258	789,6	
00:14:45,295	789,7	
00:14:45,332	789,7	
00:14:45,369	789,7	
00:14:45,406	789,8	
00:14:45,443	789,8	
00:14:45,480	789,8	
00:14:45,517	789,9	
00:14:45,554	789,9	
00:14:45,591	790,0	
00:14:45,628	790,0	
00:14:45,665	790,0	
00:14:45,702	790,1	
00:14:45,739	790,1	
00:14:45,776	790,1	
00:14:45,813	790,2	
00:14:45,850	790,2	
00:14:45,888	790,3	
00:14:45,925	790,3	
00:14:45,962	790,3	
00:14:45,999	790,4	
00:14:46,036	790,4	
00:14:46,073	790,4	
00:14:46,110	790,5	
00:14:46,147	790,5	
00:14:46,184	790,5	
00:14:46,221	790,6	
00:14:46,258	790,6	
00:14:46,295	790,7	
00:14:46,332	790,7	
00:14:46,369	790,7	
00:14:46,406	790,8	
00:14:46,443	790,8	
00:14:46,480	790,8	
00:14:46,517	790,9	
00:14:46,554	790,9	
00:14:46,591	791,0	
00:14:46,628	791,0	
00:14:46,665	791,0	
00:14:46,702	791,1	
00:14:46,739	791,1	
00:14:46,776	791,1	
00:14:46,813	791,2	
00:14:46,850	791,2	
00:14:46,888	791,3	
00:14:46,925	791,3	
00:14:46,962	791,3	
00:14:46,999	791,4	
00:14:47,036	791,4	
00:14:47,073	791,4	
00:14:47,110	791,5	
00:14:47,147	791,5	
00:14:47,184	791,5	
00:14:47,221	791,6	
00:14:47,258	791,6	
00:14:47,295	791,7	
00:14:47,332	791,7	
00:14:47,369	791,7	
00:14:47,406	791,8	
00:14:47,443	791,8	
00:14:47,480	791,8	
00:14:47,517	791,9	
00:14:47,554	791,9	
00:14:47,591	792,0	
00:14:47,628	792,0	
00:14:47,665	792,0	
00:14:47,702	792,1	
00:14:47,739	792,1	
00:14:47,776	792,1	
00:14:47,813	792,2	
00:14:47,850	792,2	
00:14:47,888	792,3	
00:14:47,925	792,3	
00:14:47,962	792,3	
00:14:47,999	792,4	
00:14:48,036	792,4	
00:14:48,073	792,4	
00:14:48,110	792,5	
00:14:48,147	792,5	
00:14:48,184	792,5	
00:14:48,221	792,6	
00:14:48,258	792,6	
00:14:48,295	792,7	
00:14:48,332	792,7	
00:14:48,369	792,7	
00:14:48,406	792,8	
00:14:48,443	792,8	
00:14:48,480	792,8	
00:14:48,517	792,9	
00:14:48,554	792,9	
00:14:48,591	793,0	
00:14:48,628	793,0	
00:14:48,665	793,0	
00:14:48,702	793,1	
00:14:48,739	793,1	
00:14:48,776	793,1	
00:14:48,813	793,2	
00:14:48,850	793,2	
00:14:48,888	793,3	
00:14:48,925	793,3	
00:14:48,962	793,3	
00:14:48,999	793,4	
00:14:49,036	793,4	
00:14:49,073	793,4	
00:14:49,110	793,5	
00:14:49,147	793,5	
00:14:49,184	793,5	
00:14:49,221	793,6	
00:14:49,258	793,6	
00:14:49,295	793,7	
00:14:49,332	793,7	
00:14:49,369	793,7	
00:14:49,406	793,8	
00:14:49,443	793,8	
00:14:49,480	793,8	
00:14:49,517	793,9	
00:14:49,554	793,9	
00:14:49,591	794,0	
00:14:49,628	794,0	
00:14:49,665	794,0	
00:14:49,702	794,1	
00:14:49,739	794,1	
00:14:49,776	794,1	
00:14:49,813	794,2	
00:14:49,850	794,2	
00:14:49,887	794,2	
00:14:49,925	794,3	
00:14:49,962	794,3	
00:14:49,999	794,4	
00:14:50,036	794,4	
00:14:50,073	794,4	
00:14:50,110	794,5	
00:14:50,147	794,5	
00:14:50,184	794,5	
00:14:50,221	794,6	
00:14:50,258	794,6	
00:14:50,295	794,7	
00:14:50,332	794,7	
00:14:50,369	794,7	
00:14:50,406	794,8	
00:14:50,443	794,8	
00:14:50,480	794,8	
00:14:50,517	794,9	
00:14:50,554	794,9	
00:14:50,591	795,0	
00:14:50,628	795,0	
00:14:50,665	795,0	
00:14:50,702	795,1	
00:14:50,739	795,1	
00:14:50,776	795,1	
00:14:50,813	795,2	
00:14:50,850	795,2	
00:14:50,887	795,2	
00:14:50,925	795,3	
00:14:50,962	795,3	
00:14:50,999	795,4	
00:14:51,036	795,4	
00:14:51,073	795,4	
00:14:51,110	795,5	
00:14:51,147	795,5	
00:14:51,184	795,5	
00:14:51,221	795,6	
00:14:51,258	795,6	
00:14:51,295	795,7	
00:14:51,332	795,7	
00:14:51,369	795,7	
00:14:51,406	795,8	
00:14:51,443	795,8	
00:14:51,480	795,8	
00:14:51,517	795,9	
00:14:51,554	795,9	
00:14:51,591	796,0	
00:14:51,628	796,0	
00:14:51,665	796,0	
00:14:51,702	796,1	
00:14:51,739	796,1	
00:14:51,776	796,1	
00:14:51,813	796,2	
00:14:51,850	796,2	
00:14:51,887	796,2	
00:14:51,925	796,3	
00:14:51,962	796,3	
00:14:51,999	796,4	
00:14:52,036	796,4	
00:14:52,073	796,4	
00:14:52,110	796,5	
00:14:52,147	796,5	
00:14:52,184	796,5	
00:14:52,221	796,6	
00:14:52,258	796,6	
00:14:52,295	796,7	
00:14:52,332	796,7	
00:14:52,369	796,7	
00:14:52,406	796,8	
00:14:52,443	796,8	
00:14:52,480	796,8	
00:14:52,517	796,9	
00:14:52,554	796,9	
00:14:52,591	797,0	
00:14:52,628	797,0	
00:14:52,665	797,0	
00:14:52,702	797,1	
00:14:52,739	797,1	
00:14:52,776	797,1	
00:14:52,813	797,2	
00:14:52,850	797,2	
00:14:52,887	797,2	
00:14:52,925	797,3	
00:14:52,962	797,3	
00:14:52,999	797,4	
00:14:53,036	797,4	
00:14:53,073	797,4	
00:14:53,110	797,5	
00:14:53,147	797,5	
00:14:53,184	797,5	
00:14:53,221	797,6	
00:14:53,258	797,6	
00:14:53,295	797,7	
00:14:53,332	797,7	
00:14:53,369	797,7	
00:14:53,406	797,8	
00:14:53,443	797,8	
00:14:53,480	797,8	
00:14:53,517	797,9	
00:14:53,554	797,9	
00:14:53,591	797,9	
00:14:53,628	798,0	
00:14:53,665	798,0	
00:14:53,702	798,1	
00:14:53,739	798,1	
00:14:53,776	798,1	
00:14:53,813	798,2	
00:14:53,850	798,2	
00:14:53,887	798,2	
00:14:53,925	798,3	
00:14:53,962	798,3	
00:14:53,999	798,4	
00:14:54,036	798,4	
00:14:54,073	798,4	
00:14:54,110	798,5	
00:14:54,147	798,5	
00:14:54,184	798,5	
00:14:54,221	798,6	
00:14:54,258	798,6	
00:14:54,295	798,7	
00:14:54,332	798,7	
00:14:54,369	798,7	
00:14:54,406	798,8	
00:14:54,443	798,8	
00:14:54,480	798,8	
00:14:54,517	798,9	
00:14:54,554	798,9	
00:14:54,591	798,9	
00:14:54,628	799,0	
00:14:54,665	799,0	
00:14:54,702	799,0	
00:14:54,739	799,1	
00:14:54,776	799,1	
00:14:54,813	799,2	
00:14:54,850	799,2	
00:14:54,887	799,2	
00:14:54,925	799,3	
00:14:54,962	799,3	
00:14:54,999	799,3	
00:14:55,036	799,4	
00:14:55,073	799,4	
00:14:55,110	799,4	
00:14:55,147	799,5	
00:14:55,184	799,5	
00:14:55,221	799,5	
00:14:55,258	799,6	
00:14:55,295	799,6	
00:14:55,332	799,7	
00:14:55,369	799,7	
00:14:55,406	799,7	
00:14:55,443	799,8	
00:14:55,480	799,8	
00:14:55,517	799,8	
00:14:55,554	799,9	
00:14:55,591	799,9	
00:14:55,628	799,9	
00:14:55,665	800,0	
00:14:55,702	800,0	
00:14:55,739	800,0	
00:14:55,776	800,1	
00:14:55,813	800,1	
00:14:55,850	800,2	
00:14:55,887	800,2	
00:14:55,925	800,2	
00:14:55,962	800,3	
00:14:55,999	800,3	
00:14:56,036	800,3	
00:14:56,073	800,4	
00:14:56,110	800,4	
00:14:56,147	800,4	
00:14:56,184	800,5	
00:14:56,221	800,5	
00:14:56,258	800,5	
00:14:56,295	800,6	
00:14:56,332	800,6	
00:14:56,369	800,7	
00:14:56,406	800,7	
00:14:56,443	800,7	
00:14:56,480	800,8	
00:14:56,517	800,8	
00:14:56,554	800,8	
00:14:56,591	800,9	
00:14:56,628	800,9	
00:14:56,665	800,9	
00:14:56,702	801,0	
00:14:56,739	801,0	
00:14:56,776	801,0	
00:14:56,813	801,1	
00:14:56,850	801,1	
00:14:56,887	801,1	
00:14:56,925	801,2	
00:14:56,962	801,2	
00:14:56,999	801,3	
00:14:57,036	801,3	
00:14:57,073	801,3	
00:14:57,110	801,4	
00:14:57,147	801,4	
00:14:57,184	801,4	
00:14:57,221	801,5	
00:14:57,258	801,5	
00:14:57,295	801,5	
00:14:57,332	801,6	
00:14:57,369	801,6	
00:14:57,406	801,6	
00:14:57,443	801,7	
00:14:57,480	801,7	
00:14:57,517	801,8	
00:14:57,554	801,8	
00:14:57,591	801,8	
00:14:57,628	801,9	
00:14:57,665	801,9	
00:14:57,702	801,9	
00:14:57,739	802,0	
00:14:57,776	802,0	
00:14:57,813	802,0	
00:14:57,850	802,1	
00:14:57,887	802,1	
00:14:57,925	802,1	
00:14:57,962	802,2	
00:14:57,999	802,2	
00:14:58,036	802,3	
00:14:58,073	802,3	
00:14:58,110	802,3	
00:14:58,147	802,4	
00:14:58,184	802,4	
00:14:58,221	802,4	
00:14:58,258	802,5	
00:14:58,295	802,5	
00:14:58,332	802,5	
00:14:58,369	802,6	
00:14:58,406	802,6	
00:14:58,443	802,6	
00:14:58,480	802,7	
00:14:58,517	802,7	
00:14:58,554	802,8	
00:14:58,591	802,8	
00:14:58,628	802,8	
00:14:58,665	802,9	
00:14:58,702	802,9	
00:14:58,739	802,9	
00:14:58,776	803,0	
00:14:58,813	803,0	
00:14:58,850	803,0	
00:14:58,887	803,1	
00:14:58,925	803,1	
00:14:58,962	803,1	
00:14:58,999	803,2	
00:14:59,036	803,2	
00:14:59,073	803,3	
00:14:59,110	803,3	
00:14:59,147	803,3	
00:14:59,184	803,4	
00:14:59,221	803,4	
00:14:59,258	803,4	
00:14:59,295	803,5	
00:14:59,332	803,5	
00:14:59,369	803,5	
00:14:59,406	803,6	
00:14:59,443	803,6	
00:14:59,480	803,6	
00:14:59,517	803,7	
00:14:59,554	803,7	
00:14:59,591	803,7	
00:14:59,628	803,8	
00:14:59,665	803,8	
00:14:59,702	803,9	
00:14:59,739	803,9	
00:14:59,776	803,9	
00:14:59,813	804,0	
00:14:59,850	804,0	
00:14:59,887	804,0	
00:14:59,925	804,1	
00:14:59,962	804,1	
00:14:59,999	804,1	
00:15:00,036	804,2	
00:15:00,073	804,2	
00:15:00,110	804,2	
00:15:00,147	804,3	
00:15:00,184	804,3	
00:15:00,221	804,4	
00:15:00,258	804,4	
00:15:00,295	804,4	
00:15:00,332	804,5	
00:15:00,369	804,5	
00:15:00,406	804,5	
00:15:00,443	804,6	
00:15:00,480	804,6	
00:15:00,517	804,6	
00:15:00,554	804,7	
00:15:00,591	804,7	
00:15:00,628	804,7	
00:15:00,665	804,8	
00:15:00,702	804,8	
00:15:00,739	804,9	
00:15:00,776	804,9	
00:15:00,813	804,9	
00:15:00,850	805,0	
00:15:00,887	805,0	
00:15:00,925	805,0	
00:15:00,962	805,1	
00:15:00,999	805,1	
00:15:01,036	805,1	
00:15:01,073	805,2	
00:15:01,110	805,2	
00:15:01,147	805,2	
00:15:01,184	805,3	
00:15:01,221	805,3	
00:15:01,258	805,4	
00:15:01,295	805,4	
00:15:01,332	805,4	
00:15:01,369	805,5	
00:15:01,406	805,5	
00:15:01,443	805,5	
00:15:01,480	805,6	
00:15:01,517	805,6	
00:15:01,554	805,6	
00:15:01,591	805,7	
00:15:01,628	805,7	
00:15:01,665	805,7	
00:15:01,702	805,8	
00:15:01,739	805,8	
00:15:01,776	805,8	
00:15:01,813	805,9	
00:15:01,850	805,9	
00:15:01,887	806,0	
00:15:01,925	806,0	
00:15:01,962	806,0	
00:15:01,999	806,1	
00:15:02,036	806,1	
00:15:02,073	806,1	
00:15:02,110	806,2	
00:15:02,147	806,2	
00:15:02,184	806,2	
00:15:02,221	806,3	
00:15:02,258	806,3	
00:15:02,295	806,3	
00:15:02,332	806,4	
00:15:02,369	806,4	
00:15:02,406	806,5	
00:15:02,443	806,5	
00:15:02,480	806,5	
00:15:02,517	806,6	
00:15:02,554	806,6	
00:15:02,591	806,6	
00:15:02,628	806,7	
00:15:02,665	806,7	
00:15:02,702	806,7	
00:15:02,739	806,8	
00:15:02,776	806,8	
00:15:02,813	806,8	
00:15:02,850	806,9	
00:15:02,887	806,9	
00:15:02,925	807,0	
00:15:02,962	807,0	
00:15:02,999	807,0	
00:15:03,036	807,1	
00:15:03,073	807,1	
00:15:03,110	807,1	
00:15:03,147	807,2	
00:15:03,184	807,2	
00:15:03,221	807,2	
00:15:03,258	807,3	
00:15:03,295	807,3	
00:15:03,332	807,3	
00:15:03,369	807,4	
00:15:03,406	807,4	
00:15:03,443	807,5	
00:15:03,480	807,5	
00:15:03,517	807,5	
00:15:03,554	807,6	
00:15:03,591	807,6	
00:15:03,628	807,6	
00:15:03,665	807,7	
00:15:03,702	807,7	
00:15:03,739	807,7	
00:15:03,776	807,8	
00:15:03,813	807,8	
00:15:03,850	807,8	
00:15:03,887	807,9	
00:15:03,925	807,9	
00:15:03,962	807,9	
00:15:03,999	808,0	
00:15:04,036	808,0	
00:15:04,073	808,1	
00:15:04,110	808,1	
00:15:04,147	808,1	
00:15:04,184	808,2	
00:15:04,221	808,2	
00:15:04,258	808,2	
00:15:04,295	808,3	
00:15:04,332	808,3	
00:15:04,369	808,3	
00:15:04,406	808,4	
00:15:04,443	808,4	
00:15:04,480	808,4	
00:15:04,517	808,5	
00:15:04,554	808,5	
00:15:04,591	808,6	
00:15:04,628	808,6	
00:15:04,665	808,6	
00:15:04,702	808,7	
00:15:04,739	808,7	
00:15:04,776	808,7	
00:15:04,813	808,8	
00:15:04,850	808,8	
00:15:04,887	808,8	
00:15:04,925	808,9	
00:15:04,962	808,9	
00:15:04,999	808,9	
00:15:05,036	809,0	
00:15:05,073	809,0	
00:15:05,110	809,1	
00:15:05,147	809,1	
00:15:05,184	809,1	
00:15:05,221	809,2	
00:15:05,258	809,2	
00:15:05,295	809,2	
00:15:05,332	809,3	
00:15:05,369	809,3	
00:15:05,406	809,3	
00:15:05,443	809,4	
00:15:05,480	809,4	
00:15:05,517	809,4	
00:15:05,554	809,5	
00:15:05,591	809,5	
00:15:05,628	809,6	
00:15:05,665	809,6	
00:15:05,702	809,6	
00:15:05,739	809,7	
00:15:05,776	809,7	
00:15:05,813	809,7	
00:15:05,850	809,8	
00:15:05,887	809,8	
00:15:05,925	809,8	
00:15:05,962	809,9	
00:15:05,999	809,9	
00:15:06,036	809,9	
00:15:06,073	810,0	
00:15:06,110	810,0	
00:15:06,147	810,0	
00:15:06,184	810,1	
00:15:06,221	810,1	
00:15:06,258	810,2	
00:15:06,295	810,2	
00:15:06,332	810,2	
00:15:06,369	810,3	
00:15:06,406	810,3	
00:15:06,443	810,3	
00:15:06,480	810,4	
00:15:06,517	810,4	
00:15:06,554	810,4	
00:15:06,591	810,5	
00:15:06,628	810,5	
00:15:06,665	810,5	
00:15:06,702	810,6	
00:15:06,739	810,6	
00:15:06,776	810,7	
00:15:06,813	810,7	
00:15:06,850	810,7	
00:15:06,887	810,8	
00:15:06,925	810,8	
00:15:06,962	810,8	
00:15:06,999	810,9	
00:15:07,036	810,9	
00:15:07,073	810,9	
00:15:07,110	811,0	
00:15:07,147	811,0	
00:15:07,184	811,0	
00:15:07,221	811,1	
00:15:07,258	811,1	
00:15:07,295	811,2	
00:15:07,332	811,2	
00:15:07,369	811,2	
00:15:07,406	811,3	
00:15:07,443	811,3	
00:15:07,480	811,3	
00:15:07,517	811,4	
00:15:07,554	811,4	
00:15:07,591	811,4	
00:15:07,628	811,5	
00:15:07,665	811,5	
00:15:07,702	811,5	
00:15:07,739	811,6	
00:15:07,776	811,6	
00:15:07,813	811,7	
00:15:07,850	811,7	
00:15:07,887	811,7	
00:15:07,925	811,8	
00:15:07,962	811,8	
00:15:07,999	811,8	
00:15:08,036	811,9	
00:15:08,073	811,9	
00:15:08,110	811,9	
00:15:08,147	812,0	
00:15:08,184	812,0	
00:15:08,221	812,0	
00:15:08,258	812,1	
00:15:08,295	812,1	
00:15:08,332	812,2	
00:15:08,369	812,2	
00:15:08,406	812,2	
00:15:08,443	812,3	
00:15:08,480	812,3	
00:15:08,517	812,3	
00:15:08,554	812,4	
00:15:08,591	812,4	
00:15:08,628	812,4	
00:15:08,665	812,5	
00:15:08,702	812,5	
00:15:08,739	812,5	
00:15:08,776	812,6	
00:15:08,813	812,6	
00:15:08,850	812,6	
00:15:08,887	812,7	
00:15:08,925	812,7	
00:15:08,962	812,8	
00:15:08,999	812,8	
00:15:09,036	812,8	
00:15:09,073	812,9	
00:15:09,110	812,9	
00:15:09,147	812,9	
00:15:09,184	813,0	
00:15:09,221	813,0	
00:15:09,258	813,0	
00:15:09,295	813,1	
00:15:09,332	813,1	
00:15:09,369	813,1	
00:15:09,406	813,2	
00:15:09,443	813,2	
00:15:09,480	813,3	
00:15:09,517	813,3	
00:15:09,554	813,3	
00:15:09,591	813,4	
00:15:09,628	813,4	
00:15:09,665	813,4	
00:15:09,702	813,5	
00:15:09,739	813,5	
00:15:09,776	813,5	
00:15:09,813	813,6	
00:15:09,850	813,6	
00:15:09,887	813,6	
00:15:09,925	813,7	
00:15:09,962	813,7	
00:15:09,999	813,8	
00:15:10,036	813,8	
00:15:10,073	813,8	
00:15:10,110	813,9	
00:15:10,147	813,9	
00:15:10,184	813,9	
00:15:10,221	814,0	
00:15:10,258	814,0	
00:15:10,295	814,0	
00:15:10,332	814,1	
00:15:10,369	814,1	
00:15:10,406	814,1	
00:15:10,443	814,2	
00:15:10,480	814,2	
00:15:10,517	814,3	
00:15:10,554	814,3	
00:15:10,591	814,3	
00:15:10,628	814,4	
00:15:10,665	814,4	
00:15:10,702	814,4	
00:15:10,739	814,5	
00:15:10,776	814,5	
00:15:10,813	814,5	
00:15:10,850	814,6	
00:15:10,887	814,6	
00:15:10,925	814,6	
00:15:10,962	814,7	
00:15:10,999	814,7	
00:15:11,036	814,7	
00:15:11,073	814,8	
00:15:11,110	814,8	
00:15:11,147	814,9	
00:15:11,184	814,9	
00:15:11,221	814,9	
00:15:11,258	815,0	
00:15:11,295	815,0	
00:15:11,332	815,0	
00:15:11,369	815,1	
00:15:11,406	815,1	
00:15:11,443	815,1	
00:15:11,480	815,2	
00:15:11,517	815,2	
00:15:11,554	815,2	
00:15:11,591	815,3	
00:15:11,628	815,3	
00:15:11,665	815,4	
00:15:11,702	815,4	
00:15:11,739	815,4	
00:15:11,776	815,5	
00:15:11,813	815,5	
00:15:11,850	815,5	
00:15:11,887	815,6	
00:15:11,925	815,6	
00:15:11,962	815,6	
00:15:11,999	815,7	
00:15:12,036	815,7	
00:15:12,073	815,7	
00:15:12,110	815,8	
00:15:12,147	815,8	
00:15:12,184	815,9	
00:15:12,221	815,9	
00:15:12,258	815,9	
00:15:12,295	816,0	
00:15:12,332	816,0	
00:15:12,369	816,0	
00:15:12,406	816,1	
00:15:12,443	816,1	
00:15:12,480	816,1	
00:15:12,517	816,2	
00:15:12,554	816,2	
00:15:12,591	816,2	
00:15:12,628	816,3	
00:15:12,665	816,3	
00:15:12,702	816,4	
00:15:12,739	816,4	
00:15:12,776	816,4	
00:15:12,813	816,5	
00:15:12,850	816,5	
00:15:12,887	816,5	
00:15:12,925	816,6	
00:15:12,962	816,6	
00:15:12,999	816,6	
00:15:13,036	816,6	
00:15:13,073	816,7	
00:15:13,110	816,7	
00:15:13,147	816,7	
00:15:13,184	816,7	
00:15:13,221	816,7	
00:15:13,258	816,8	
00:15:13,295	816,8	
00:15:13,332	816,8	
00:15:13,369	816,8	
00:15:13,406	816,8	
00:15:13,443	816,9	
00:15:13,480	816,9	
00:15:13,517	816,9	
00:15:13,554	816,9	
00:15:13,591	817,0	
00:15:13,628	817,0	
00:15:13,665	817,0	
00:15:13,702	817,0	
00:15:13,739	817,0	
00:15:13,776	817,1	
00:15:13,813	817,1	
00:15:13,850	817,1	
00:15:13,887	817,1	
00:15:13,925	817,1	
00:15:13,962	817,2	
00:15:13,999	817,2	
00:15:14,036	817,2	
00:15:14,073	817,2	
00:15:14,110	817,2	
00:15:14,147	817,3	
00:15:14,184	817,3	
00:15:14,221	817,3	
00:15:14,258	817,3	
00:15:14,295	817,3	
00:15:14,332	817,4	
00:15:14,369	817,4	
00:15:14,406	817,4	
00:15:14,443	817,4	
00:15:14,480	817,4	
00:15:14,517	817,5	
00:15:14,554	817,5	
00:15:14,591	817,5	
00:15:14,628	817,5	
00:15:14,665	817,6	
00:15:14,702	817,6	
00:15:14,739	817,6	
00:15:14,776	817,6	
00:15:14,813	817,6	
00:15:14,850	817,7	
00:15:14,887	817,7	
00:15:14,925	817,7	
00:15:14,962	817,7	
00:15:14,999	817,7	
00:15:15,036	817,8	
00:15:15,073	817,8	
00:15:15,110	817,8	
00:15:15,147	817,8	
00:15:15,184	817,8	
00:15:15,221	817,9	
00:15:15,258	817,9	
00:15:15,295	817,9	
00:15:15,332	817,9	
00:15:15,369	817,9	
00:15:15,406	818,0	
00:15:15,443	818,0	
00:15:15,480	818,0	
00:15:15,517	818,0	
00:15:15,554	818,0	
00:15:15,591	818,1	
00:15:15,628	818,1	
00:15:15,665	818,1	
00:15:15,702	818,1	
00:15:15,739	818,2	
00:15:15,776	818,2	
00:15:15,813	818,2	
00:15:15,850	818,2	
00:15:15,887	818,2	
00:15:15,925	818,3	
00:15:15,962	818,3	
00:15:15,999	818,3	
00:15:16,036	818,3	
00:15:16,073	818,3	
00:15:16,110	818,4	
00:15:16,147	818,4	
00:15:16,184	818,4	
00:15:16,221	818,4	
00:15:16,258	818,4	
00:15:16,295	818,5	
00:15:16,332	818,5	
00:15:16,369	818,5	
00:15:16,406	818,5	
00:15:16,443	818,5	
00:15:16,480	818,6	
00:15:16,517	818,6	
00:15:16,554	818,6	
00:15:16,591	818,6	
00:15:16,628	818,6	
00:15:16,665	818,7	
00:15:16,702	818,7	
00:15:16,739	818,7	
00:15:16,776	818,7	
00:15:16,813	818,8	
00:15:16,850	818,8	
00:15:16,887	818,8	
00:15:16,925	818,8	
00:15:16,962	818,8	
00:15:16,999	818,9	
00:15:17,036	818,9	
00:15:17,073	818,9	
00:15:17,110	818,9	
00:15:17,147	818,9	
00:15:17,184	819,0	
00:15:17,221	819,0	
00:15:17,258	819,0	
00:15:17,295	819,0	
00:15:17,332	819,0	
00:15:17,369	819,1	
00:15:17,406	819,1	
00:15:17,443	819,1	
00:15:17,480	819,1	
00:15:17,517	819,1	
00:15:17,554	819,2	
00:15:17,591	819,2	
00:15:17,628	819,2	
00:15:17,665	819,2	
00:15:17,702	819,2	
00:15:17,739	819,3	
00:15:17,776	819,3	
00:15:17,813	819,3	
00:15:17,850	819,3	
00:15:17,887	819,4	
00:15:17,925	819,4	
00:15:17,962	819,4	
00:15:17,999	819,4	
00:15:18,036	819,4	
00:15:18,073	819,5	
00:15:18,110	819,5	
00:15:18,147	819,5	
00:15:18,184	819,5	
00:15:18,221	819,5	
00:15:18,258	819,6	
00:15:18,295	819,6	
00:15:18,332	819,6	
00:15:18,369	819,6	
00:15:18,406	819,6	
00:15:18,443	819,7	
00:15:18,480	819,7	
00:15:18,517	819,7	
00:15:18,554	819,7	
00:15:18,591	819,7	
00:15:18,628	819,8	
00:15:18,665	819,8	
00:15:18,702	819,8	
00:15:18,739	819,8	
00:15:18,776	819,8	
00:15:18,813	819,9	
00:15:18,850	819,9	
00:15:18,887	819,9	
00:15:18,925	819,9	
00:15:18,962	819,9	
00:15:18,999	820,0	
00:15:19,036	820,0	
00:15:19,073	820,0	
00:15:19,110	820,0	
00:15:19,147	820,1	
00:15:19,184	820,1	
00:15:19,221	820,1	
00:15:19,258	820,1	
00:15:19,295	820,1	
00:15:19,332	820,2	
00:15:19,369	820,2	
00:15:19,406	820,2	
00:15:19,443	820,2	
00:15:19,480	820,2	
00:15:19,517	820,3	
00:15:19,554	820,3	
00:15:19,591	820,3	
00:15:19,628	820,3	
00:15:19,665	820,3	
00:15:19,702	820,4	
00:15:19,739	820,4	
00:15:19,776	820,4	
00:15:19,813	820,4	
00:15:19,850	820,4	
00:15:19,887	820,5	
00:15:19,925	820,5	
00:15:19,962	820,5	
00:15:19,999	820,5	
00:15:20,036	820,5	
00:15:20,073	820,6	
00:15:20,110	820,6	
00:15:20,147	820,6	
00:15:20,184	820,6	
00:15:20,221	820,7	
00:15:20,258	820,7	
00:15:20,295	820,7	
00:15:20,332	820,7	
00:15:20,369	820,7	
00:15:20,406	820,8	
00:15:20,443	820,8	
00:15:20,480	820,8	
00:15:20,517	820,8	
00:15:20,554	820,8	
00:15:20,591	820,9	
00:15:20,628	820,9	
00:15:20,665	820,9	
00:15:20,702	820,9	
00:15:20,739	820,9	
00:15:20,776	821,0	
00:15:20,813	821,0	
00:15:20,850	821,0	
00:15:20,887	821,0	
00:15:20,925	821,0	
00:15:20,962	821,1	
00:15:20,999	821,1	
00:15:21,036	821,1	
00:15:21,073	821,1	
00:15:21,110	821,1	
00:15:21,147	821,2	
00:15:21,184	821,2	
00:15:21,221	821,2	
00:15:21,258	821,2	
00:15:21,295	821,3	
00:15:21,332	821,3	
00:15:21,369	821,3	
00:15:21,406	821,3	
00:15:21,443	821,3	
00:15:21,480	821,4	
00:15:21,517	821,4	
00:15:21,554	821,4	
00:15:21,591	821,4	
00:15:21,628	821,4	
00:15:21,665	821,5	
00:15:21,702	821,5	
00:15:21,739	821,5	
00:15:21,776	821,5	
00:15:21,813	821,5	
00:15:21,850	821,6	
00:15:21,887	821,6	
00:15:21,925	821,6	
00:15:21,962	821,6	
00:15:21,999	821,6	
00:15:22,036	821,7	
00:15:22,073	821,7	
00:15:22,110	821,7	
00:15:22,147	821,7	
00:15:22,184	821,7	
00:15:22,221	821,8	
00:15:22,258	821,8	
00:15:22,295	821,8	
00:15:22,332	821,8	
00:15:22,369	821,9	
00:15:22,406	821,9	
00:15:22,443	821,9	
00:15:22,480	821,9	
00:15:22,517	821,9	
00:15:22,554	822,0	
00:15:22,591	822,0	
00:15:22,628	822,0	
00:15:22,665	822,0	
00:15:22,702	822,0	
00:15:22,739	822,1	
00:15:22,776	822,1	
00:15:22,813	822,1	
00:15:22,850	822,1	
00:15:22,887	822,0	
00:15:22,925	822,0	
00:15:22,962	822,0	
00:15:22,999	821,9	
00:15:23,036	821,9	
00:15:23,073	821,9	
00:15:23,110	821,8	
00:15:23,147	821,8	
00:15:23,184	821,8	
00:15:23,221	821,7	
00:15:23,258	821,7	
00:15:23,295	821,7	
00:15:23,332	821,6	
00:15:23,369	821,6	
00:15:23,406	821,6	
00:15:23,443	821,5	
00:15:23,480	821,5	
00:15:23,517	821,5	
00:15:23,554	821,4	
00:15:23,591	821,4	
00:15:23,628	821,4	
00:15:23,665	821,4	
00:15:23,702	821,3	
00:15:23,739	821,3	
00:15:23,776	821,3	
00:15:23,813	821,2	
00:15:23,850	821,2	
00:15:23,887	821,2	
00:15:23,925	821,1	
00:15:23,962	821,1	
00:15:23,999	821,1	
00:15:24,036	821,0	
00:15:24,073	821,0	
00:15:24,110	821,0	
00:15:24,147	820,9	
00:15:24,184	820,9	
00:15:24,221	820,9	
00:15:24,258	820,8	
00:15:24,295	820,8	
00:15:24,332	820,8	
00:15:24,369	820,7	
00:15:24,406	820,7	
00:15:24,443	820,7	
00:15:24,480	820,6	
00:15:24,517	820,6	
00:15:24,554	820,6	
00:15:24,591	820,5	
00:15:24,628	820,5	
00:15:24,665	820,5	
00:15:24,702	820,4	
00:15:24,739	820,4	
00:15:24,776	820,4	
00:15:24,813	820,3	
00:15:24,850	820,3	
00:15:24,887	820,3	
00:15:24,925	820,2	
00:15:24,962	820,2	
00:15:24,999	820,2	
00:15:25,036	820,1	
00:15:25,073	820,1	
00:15:25,110	820,1	
00:15:25,147	820,0	
00:15:25,184	820,0	
00:15:25,221	820,0	
00:15:25,258	819,9	
00:15:25,295	819,9	
00:15:25,332	819,9	
00:15:25,369	819,9	
00:15:25,406	819,8	
00:15:25,443	819,8	
00:15:25,480	819,8	
00:15:25,517	819,7	
00:15:25,554	819,7	
00:15:25,591	819,7	
00:15:25,628	819,6	
00:15:25,665	819,6	
00:15:25,702	819,6	
00:15:25,739	819,5	
00:15:25,776	819,5	
00:15:25,813	819,5	
00:15:25,850	819,4	
00:15:25,887	819,4	
00:15:25,925	819,4	
00:15:25,962	819,3	
00:15:25,999	819,3	
00:15:26,036	819,3	
00:15:26,073	819,2	
00:15:26,110	819,2	
00:15:26,147	819,2	
00:15:26,184	819,1	
00:15:26,221	819,1	
00:15:26,258	819,1	
00:15:26,295	819,0	
00:15:26,332	819,0	
00:15:26,369	819,0	
00:15:26,406	818,9	
00:15:26,443	818,9	
00:15:26,480	818,9	
00:15:26,517	818,8	
00:15:26,554	818,8	
00:15:26,591	818,8	
00:15:26,628	818,7	
00:15:26,665	818,7	
00:15:26,702	818,7	
00:15:26,739	818,6	
00:15:26,776	818,6	
00:15:26,813	818,6	
00:15:26,850	818,5	
00:15:26,887	818,5	
00:15:26,924	818,5	
00:15:26,962	818,5	
00:15:26,999	818,4	
00:15:27,036	818,4	
00:15:27,073	818,4	
00:15:27,110	818,3	
00:15:27,147	818,3	
00:15:27,184	818,3	
00:15:27,221	818,2	
00:15:27,258	818,2	
00:15:27,295	818,2	
00:15:27,332	818,1	
00:15:27,369	818,1	
00:15:27,406	818,1	
00:15:27,443	818,0	
00:15:27,480	818,0	
00:15:27,517	818,0	
00:15:27,554	817,9	
00:15:27,591	817,9	
00:15:27,628	817,9	
00:15:27,665	817,8	
00:15:27,702	817,8	
00:15:27,739	817,8	
00:15:27,776	817,7	
00:15:27,813	817,7	
00:15:27,850	817,7	
00:15:27,887	817,6	
00:15:27,924	817,6	
00:15:27,962	817,6	
00:15:27,999	817,5	
00:15:28,036	817,5	
00:15:28,073	817,5	
00:15:28,110	817,4	
00:15:28,147	817,4	
00:15:28,184	817,4	
00:15:28,221	817,3	
00:15:28,258	817,3	
00:15:28,295	817,3	
00:15:28,332	817,2	
00:15:28,369	817,2	
00:15:28,406	817,2	
00:15:28,443	817,1	
00:15:28,480	817,1	
00:15:28,517	817,1	
00:15:28,554	817,0	
00:15:28,591	817,0	
00:15:28,628	817,0	
00:15:28,665	817,0	
00:15:28,702	816,9	
00:15:28,739	816,9	
00:15:28,776	816,9	
00:15:28,813	816,8	
00:15:28,850	816,8	
00:15:28,887	816,8	
00:15:28,924	816,7	
00:15:28,962	816,7	
00:15:28,999	816,7	
00:15:29,036	816,6	
00:15:29,073	816,6	
00:15:29,110	816,6	
00:15:29,147	816,5	
00:15:29,184	816,5	
00:15:29,221	816,5	
00:15:29,258	816,4	
00:15:29,295	816,4	
00:15:29,332	816,4	
00:15:29,369	816,3	
00:15:29,406	816,3	
00:15:29,443	816,3	
00:15:29,480	816,2	
00:15:29,517	816,2	
00:15:29,554	816,2	
00:15:29,591	816,1	
00:15:29,628	816,1	
00:15:29,665	816,1	
00:15:29,702	816,0	
00:15:29,739	816,0	
00:15:29,776	816,0	
00:15:29,813	815,9	
00:15:29,850	815,9	
00:15:29,887	815,9	
00:15:29,924	815,8	
00:15:29,962	815,8	
00:15:29,999	815,8	
00:15:30,036	815,7	
00:15:30,073	815,7	
00:15:30,110	815,7	
00:15:30,147	815,6	
00:15:30,184	815,6	
00:15:30,221	815,6	
00:15:30,258	815,6	
00:15:30,295	815,5	
00:15:30,332	815,5	
00:15:30,369	815,5	
00:15:30,406	815,4	
00:15:30,443	815,4	
00:15:30,480	815,4	
00:15:30,517	815,3	
00:15:30,554	815,3	
00:15:30,591	815,3	
00:15:30,628	815,2	
00:15:30,665	815,2	
00:15:30,702	815,2	
00:15:30,739	815,1	
00:15:30,776	815,1	
00:15:30,813	815,1	
00:15:30,850	815,0	
00:15:30,887	815,0	
00:15:30,924	815,0	
00:15:30,962	814,9	
00:15:30,999	814,9	
00:15:31,036	814,9	
00:15:31,073	814,8	
00:15:31,110	814,8	
00:15:31,147	814,8	
00:15:31,184	814,7	
00:15:31,221	814,7	
00:15:31,258	814,7	
00:15:31,295	814,6	
00:15:31,332	814,6	
00:15:31,369	814,6	
00:15:31,406	814,5	
00:15:31,443	814,5	
00:15:31,480	814,5	
00:15:31,517	814,4	
00:15:31,554	814,4	
00:15:31,591	814,4	
00:15:31,628	814,3	
00:15:31,665	814,3	
00:15:31,702	814,3	
00:15:31,739	814,2	
00:15:31,776	814,2	
00:15:31,813	814,2	
00:15:31,850	814,1	
00:15:31,887	814,1	
00:15:31,924	814,1	
00:15:31,962	814,1	
00:15:31,999	814,0	
00:15:32,036	814,0	
00:15:32,073	814,0	
00:15:32,110	813,9	
00:15:32,147	813,9	
00:15:32,184	813,9	
00:15:32,221	813,8	
00:15:32,258	813,8	
00:15:32,295	813,8	
00:15:32,332	813,7	
00:15:32,369	813,7	
00:15:32,406	813,7	
00:15:32,443	813,6	
00:15:32,480	813,6	
00:15:32,517	813,6	
00:15:32,554	813,5	
00:15:32,591	813,5	
00:15:32,628	813,5	
00:15:32,665	813,4	
00:15:32,702	813,4	
00:15:32,739	813,4	
00:15:32,776	813,5	
00:15:32,813	813,5	
00:15:32,850	813,5	
00:15:32,887	813,6	
00:15:32,924	813,6	
00:15:32,962	813,6	
00:15:32,999	813,7	
00:15:33,036	813,7	
00:15:33,073	813,7	
00:15:33,110	813,8	
00:15:33,147	813,8	
00:15:33,184	813,8	
00:15:33,221	813,9	
00:15:33,258	813,9	
00:15:33,295	813,9	
00:15:33,332	813,9	
00:15:33,369	814,0	
00:15:33,406	814,0	
00:15:33,443	814,0	
00:15:33,480	814,1	
00:15:33,517	814,1	
00:15:33,554	814,1	
00:15:33,591	814,2	
00:15:33,628	814,2	
00:15:33,665	814,2	
00:15:33,702	814,3	
00:15:33,739	814,3	
00:15:33,776	814,3	
00:15:33,813	814,4	
00:15:33,850	814,4	
00:15:33,887	814,4	
00:15:33,924	814,5	
00:15:33,962	814,5	
00:15:33,999	814,5	
00:15:34,036	814,6	
00:15:34,073	814,6	
00:15:34,110	814,6	
00:15:34,147	814,7	
00:15:34,184	814,7	
00:15:34,221	814,7	
00:15:34,258	814,8	
00:15:34,295	814,8	
00:15:34,332	814,8	
00:15:34,369	814,9	
00:15:34,406	814,9	
00:15:34,443	814,9	
00:15:34,480	815,0	
00:15:34,517	815,0	
00:15:34,554	815,0	
00:15:34,591	815,0	
00:15:34,628	815,1	
00:15:34,665	815,1	
00:15:34,702	815,1	
00:15:34,739	815,2	
00:15:34,776	815,2	
00:15:34,813	815,2	
00:15:34,850	815,3	
00:15:34,887	815,3	
00:15:34,924	815,3	
00:15:34,962	815,4	
00:15:34,999	815,4	
00:15:35,036	815,4	
00:15:35,073	815,5	
00:15:35,110	815,5	
00:15:35,147	815,5	
00:15:35,184	815,6	
00:15:35,221	815,6	
00:15:35,258	815,6	
00:15:35,295	815,7	
00:15:35,332	815,7	
00:15:35,369	815,7	
00:15:35,406	815,8	
00:15:35,443	815,8	
00:15:35,480	815,8	
00:15:35,517	815,9	
00:15:35,554	815,9	
00:15:35,591	815,9	
00:15:35,628	816,0	
00:15:35,665	816,0	
00:15:35,702	816,0	
00:15:35,739	816,1	
00:15:35,776	816,1	
00:15:35,813	816,1	
00:15:35,850	816,1	
00:15:35,887	816,2	
00:15:35,924	816,2	
00:15:35,962	816,2	
00:15:35,999	816,3	
00:15:36,036	816,3	
00:15:36,073	816,3	
00:15:36,110	816,4	
00:15:36,147	816,4	
00:15:36,184	816,4	
00:15:36,221	816,5	
00:15:36,258	816,5	
00:15:36,295	816,5	
00:15:36,332	816,6	
00:15:36,369	816,6	
00:15:36,406	816,6	
00:15:36,443	816,7	
00:15:36,480	816,7	
00:15:36,517	816,7	
00:15:36,554	816,8	
00:15:36,591	816,8	
00:15:36,628	816,8	
00:15:36,665	816,9	
00:15:36,702	816,9	
00:15:36,739	816,9	
00:15:36,776	817,0	
00:15:36,813	817,0	
00:15:36,850	817,0	
00:15:36,887	817,1	
00:15:36,924	817,1	
00:15:36,962	817,1	
00:15:36,999	817,2	
00:15:37,036	817,2	
00:15:37,073	817,2	
00:15:37,110	817,2	
00:15:37,147	817,3	
00:15:37,184	817,3	
00:15:37,221	817,3	
00:15:37,258	817,4	
00:15:37,295	817,4	
00:15:37,332	817,4	
00:15:37,369	817,5	
00:15:37,406	817,5	
00:15:37,443	817,5	
00:15:37,480	817,6	
00:15:37,517	817,6	
00:15:37,554	817,6	
00:15:37,591	817,7	
00:15:37,628	817,7	
00:15:37,665	817,7	
00:15:37,702	817,8	
00:15:37,739	817,8	
00:15:37,776	817,8	
00:15:37,813	817,9	
00:15:37,850	817,9	
00:15:37,887	817,9	
00:15:37,924	818,0	
00:15:37,962	818,0	
00:15:37,999	818,0	
00:15:38,036	818,1	
00:15:38,073	818,1	
00:15:38,110	818,1	
00:15:38,147	818,2	
00:15:38,184	818,2	
00:15:38,221	818,2	
00:15:38,258	818,2	
00:15:38,295	818,3	
00:15:38,332	818,3	
00:15:38,369	818,3	
00:15:38,406	818,4	
00:15:38,443	818,4	
00:15:38,480	818,4	
00:15:38,517	818,5	
00:15:38,554	818,5	
00:15:38,591	818,5	
00:15:38,628	818,6	
00:15:38,665	818,6	
00:15:38,702	818,6	
00:15:38,739	818,7	
00:15:38,776	818,7	
00:15:38,813	818,7	
00:15:38,850	818,8	
00:15:38,887	818,8	
00:15:38,924	818,8	
00:15:38,962	818,9	
00:15:38,999	818,9	
00:15:39,036	818,9	
00:15:39,073	819,0	
00:15:39,110	819,0	
00:15:39,147	819,0	
00:15:39,184	819,1	
00:15:39,221	819,1	
00:15:39,258	819,1	
00:15:39,295	819,2	
00:15:39,332	819,2	
00:15:39,369	819,2	
00:15:39,406	819,3	
00:15:39,443	819,3	
00:15:39,480	819,3	
00:15:39,517	819,3	
00:15:39,554	819,4	
00:15:39,591	819,4	
00:15:39,628	819,4	
00:15:39,665	819,5	
00:15:39,702	819,5	
00:15:39,739	819,5	
00:15:39,776	819,6	
00:15:39,813	819,6	
00:15:39,850	819,6	
00:15:39,887	819,7	
00:15:39,924	819,7	
00:15:39,962	819,7	
00:15:39,999	819,8	
00:15:40,036	819,8	
00:15:40,073	819,8	
00:15:40,110	819,9	
00:15:40,147	819,9	
00:15:40,184	819,9	
00:15:40,221	820,0	
00:15:40,258	820,0	
00:15:40,295	820,0	
00:15:40,332	820,1	
00:15:40,369	820,1	
00:15:40,406	820,1	
00:15:40,443	820,2	
00:15:40,480	820,2	
00:15:40,517	820,2	
00:15:40,554	820,3	
00:15:40,591	820,3	
00:15:40,628	820,3	
00:15:40,665	820,4	
00:15:40,702	820,4	
00:15:40,739	820,4	
00:15:40,776	820,4	
00:15:40,813	820,5	
00:15:40,850	820,5	
00:15:40,887	820,5	
00:15:40,924	820,6	
00:15:40,962	820,6	
00:15:40,999	820,6	
00:15:41,036	820,7	
00:15:41,073	820,7	
00:15:41,110	820,7	
00:15:41,147	820,8	
00:15:41,184	820,8	
00:15:41,221	820,8	
00:15:41,258	820,9	
00:15:41,295	820,9	
00:15:41,332	820,9	
00:15:41,369	821,0	
00:15:41,406	821,0	
00:15:41,443	821,0	
00:15:41,480	821,1	
00:15:41,517	821,1	
00:15:41,554	821,1	
00:15:41,591	821,2	
00:15:41,628	821,2	
00:15:41,665	821,2	
00:15:41,702	821,3	
00:15:41,739	821,3	
00:15:41,776	821,3	
00:15:41,813	821,4	
00:15:41,850	821,4	
00:15:41,887	821,4	
00:15:41,924	821,5	
00:15:41,962	821,5	
00:15:41,999	821,5	
00:15:42,036	821,5	
00:15:42,073	821,6	
00:15:42,110	821,6	
00:15:42,147	821,6	
00:15:42,184	821,7	
00:15:42,221	821,7	
00:15:42,258	821,7	
00:15:42,295	821,8	
00:15:42,332	821,8	
00:15:42,369	821,8	
00:15:42,406	821,9	
00:15:42,443	821,9	
00:15:42,480	821,9	
00:15:42,517	822,0	
00:15:42,554	822,0	
00:15:42,591	822,0	
00:15:42,628	822,0	
00:15:42,665	822,0	
00:15:42,702	822,0	
00:15:42,739	822,1	
00:15:42,776	822,1	
00:15:42,813	822,1	
00:15:42,850	822,1	
00:15:42,887	822,1	
00:15:42,924	822,1	
00:15:42,962	822,1	
00:15:42,999	822,1	
00:15:43,036	822,1	
00:15:43,073	822,1	
00:15:43,110	822,2	
00:15:43,147	822,2	
00:15:43,184	822,2	
00:15:43,221	822,2	
00:15:43,258	822,2	
00:15:43,295	822,2	
00:15:43,332	822,2	
00:15:43,369	822,2	
00:15:43,406	822,2	
00:15:43,443	822,3	
00:15:43,480	822,3	
00:15:43,517	822,3	
00:15:43,554	822,3	
00:15:43,591	822,3	
00:15:43,628	822,3	
00:15:43,665	822,3	
00:15:43,702	822,3	
00:15:43,739	822,3	
00:15:43,776	822,3	
00:15:43,813	822,4	
00:15:43,850	822,4	
00:15:43,887	822,4	
00:15:43,924	822,4	
00:15:43,962	822,4	
00:15:43,999	822,4	
00:15:44,036	822,4	
00:15:44,073	822,4	
00:15:44,110	822,4	
00:15:44,147	822,5	
00:15:44,184	822,5	
00:15:44,221	822,5	
00:15:44,258	822,5	
00:15:44,295	822,5	
00:15:44,332	822,5	
00:15:44,369	822,5	
00:15:44,406	822,5	
00:15:44,443	822,5	
00:15:44,480	822,5	
00:15:44,517	822,6	
00:15:44,554	822,6	
00:15:44,591	822,6	
00:15:44,628	822,6	
00:15:44,665	822,6	
00:15:44,702	822,6	
00:15:44,739	822,6	
00:15:44,776	822,6	
00:15:44,813	822,6	
00:15:44,850	822,7	
00:15:44,887	822,7	
00:15:44,924	822,7	
00:15:44,962	822,7	
00:15:44,999	822,7	
00:15:45,036	822,7	
00:15:45,073	822,7	
00:15:45,110	822,7	
00:15:45,147	822,7	
00:15:45,184	822,7	
00:15:45,221	822,8	
00:15:45,258	822,8	
00:15:45,295	822,8	
00:15:45,332	822,8	
00:15:45,369	822,8	
00:15:45,406	822,8	
00:15:45,443	822,8	
00:15:45,480	822,8	
00:15:45,517	822,8	
00:15:45,554	822,9	
00:15:45,591	822,9	
00:15:45,628	822,9	
00:15:45,665	822,9	
00:15:45,702	822,9	
00:15:45,739	822,9	
00:15:45,776	822,9	
00:15:45,813	822,9	
00:15:45,850	822,9	
00:15:45,887	822,9	
00:15:45,924	823,0	
00:15:45,962	823,0	
00:15:45,999	823,0	
00:15:46,036	823,0	
00:15:46,073	823,0	
00:15:46,110	823,0	
00:15:46,147	823,0	
00:15:46,184	823,0	
00:15:46,221	823,0	
00:15:46,258	823,1	
00:15:46,295	823,1	
00:15:46,332	823,1	
00:15:46,369	823,1	
00:15:46,406	823,1	
00:15:46,443	823,1	
00:15:46,480	823,1	
00:15:46,517	823,1	
00:15:46,554	823,1	
00:15:46,591	823,1	
00:15:46,628	823,2	
00:15:46,665	823,2	
00:15:46,702	823,2	
00:15:46,739	823,2	
00:15:46,776	823,2	
00:15:46,813	823,2	
00:15:46,850	823,2	
00:15:46,887	823,2	
00:15:46,924	823,2	
00:15:46,962	823,2	
00:15:46,999	823,3	
00:15:47,036	823,3	
00:15:47,073	823,3	
00:15:47,110	823,3	
00:15:47,147	823,3	
00:15:47,184	823,3	
00:15:47,221	823,3	
00:15:47,258	823,3	
00:15:47,295	823,3	
00:15:47,332	823,4	
00:15:47,369	823,4	
00:15:47,406	823,4	
00:15:47,443	823,4	
00:15:47,480	823,4	
00:15:47,517	823,4	
00:15:47,554	823,4	
00:15:47,591	823,4	
00:15:47,628	823,4	
00:15:47,665	823,4	
00:15:47,702	823,5	
00:15:47,739	823,5	
00:15:47,776	823,5	
00:15:47,813	823,5	
00:15:47,850	823,5	
00:15:47,887	823,5	
00:15:47,924	823,5	
00:15:47,962	823,5	
00:15:47,999	823,5	
00:15:48,036	823,6	
00:15:48,073	823,6	
00:15:48,110	823,6	
00:15:48,147	823,6	
00:15:48,184	823,6	
00:15:48,221	823,6	
00:15:48,258	823,6	
00:15:48,295	823,6	
00:15:48,332	823,6	
00:15:48,369	823,6	
00:15:48,406	823,7	
00:15:48,443	823,7	
00:15:48,480	823,7	
00:15:48,517	823,7	
00:15:48,554	823,7	
00:15:48,591	823,7	
00:15:48,628	823,7	
00:15:48,665	823,7	
00:15:48,702	823,7	
00:15:48,739	823,8	
00:15:48,776	823,8	
00:15:48,813	823,8	
00:15:48,850	823,8	
00:15:48,887	823,8	
00:15:48,924	823,8	
00:15:48,962	823,8	
00:15:48,999	823,8	
00:15:49,036	823,8	
00:15:49,073	823,8	
00:15:49,110	823,9	
00:15:49,147	823,9	
00:15:49,184	823,9	
00:15:49,221	823,9	
00:15:49,258	823,9	
00:15:49,295	823,9	
00:15:49,332	823,9	
00:15:49,369	823,9	
00:15:49,406	823,9	
00:15:49,443	824,0	
00:15:49,480	824,0	
00:15:49,517	824,0	
00:15:49,554	824,0	
00:15:49,591	824,0	
00:15:49,628	824,0	
00:15:49,665	824,0	
00:15:49,702	824,0	
00:15:49,739	824,0	
00:15:49,776	824,0	
00:15:49,813	824,1	
00:15:49,850	824,1	
00:15:49,887	824,1	
00:15:49,924	824,1	
00:15:49,962	824,1	
00:15:49,999	824,1	
00:15:50,036	824,1	
00:15:50,073	824,1	
00:15:50,110	824,1	
00:15:50,147	824,1	
00:15:50,184	824,1	
00:15:50,221	824,2	
00:15:50,258	824,2	
00:15:50,295	824,2	
00:15:50,332	824,2	
00:15:50,369	824,2	
00:15:50,406	824,2	
00:15:50,443	824,2	
00:15:50,480	824,2	
00:15:50,517	824,2	
00:15:50,554	824,2	
00:15:50,591	824,2	
00:15:50,628	824,2	
00:15:50,665	824,2	
00:15:50,702	824,3	
00:15:50,739	824,3	
00:15:50,776	824,3	
00:15:50,813	824,3	
00:15:50,850	824,3	
00:15:50,887	824,3	
00:15:50,924	824,3	
00:15:50,962	824,3	
00:15:50,999	824,3	
00:15:51,036	824,3	
00:15:51,073	824,3	
00:15:51,110	824,3	
00:15:51,147	824,3	
00:15:51,184	824,4	
00:15:51,221	824,4	
00:15:51,258	824,4	
00:15:51,295	824,4	
00:15:51,332	824,4	
00:15:51,369	824,4	
00:15:51,406	824,4	
00:15:51,443	824,4	
00:15:51,480	824,4	
00:15:51,517	824,4	
00:15:51,554	824,4	
00:15:51,591	824,4	
00:15:51,628	824,4	
00:15:51,665	824,5	
00:15:51,702	824,5	
00:15:51,739	824,5	
00:15:51,776	824,5	
00:15:51,813	824,5	
00:15:51,850	824,5	
00:15:51,887	824,5	
00:15:51,924	824,5	
00:15:51,962	824,5	
00:15:51,999	824,5	
00:15:52,036	824,5	
00:15:52,073	824,5	
00:15:52,110	824,5	
00:15:52,147	824,6	
00:15:52,184	824,6	
00:15:52,221	824,6	
00:15:52,258	824,6	
00:15:52,295	824,6	
00:15:52,332	824,6	
00:15:52,369	824,6	
00:15:52,406	824,6	
00:15:52,443	824,6	
00:15:52,480	824,6	
00:15:52,517	824,6	
00:15:52,554	824,6	
00:15:52,591	824,6	
00:15:52,628	824,7	
00:15:52,665	824,7	
00:15:52,702	824,7	
00:15:52,739	824,7	
00:15:52,776	824,7	
00:15:52,813	824,7	
00:15:52,850	824,7	
00:15:52,887	824,7	
00:15:52,924	824,7	
00:15:52,962	824,7	
00:15:52,999	824,7	
00:15:53,036	824,7	
00:15:53,073	824,7	
00:15:53,110	824,8	
00:15:53,147	824,8	
00:15:53,184	824,8	
00:15:53,221	824,8	
00:15:53,258	824,8	
00:15:53,295	824,8	
00:15:53,332	824,8	
00:15:53,369	824,8	
00:15:53,406	824,8	
00:15:53,443	824,8	
00:15:53,480	824,8	
00:15:53,517	824,8	
00:15:53,554	824,8	
00:15:53,591	824,9	
00:15:53,628	824,9	
00:15:53,665	824,9	
00:15:53,702	824,9	
00:15:53,739	824,9	
00:15:53,776	824,9	
00:15:53,813	824,9	
00:15:53,850	824,9	
00:15:53,887	824,9	
00:15:53,924	824,9	
00:15:53,962	824,9	
00:15:53,999	824,9	
00:15:54,036	824,9	
00:15:54,073	825,0	
00:15:54,110	825,0	
00:15:54,147	825,0	
00:15:54,184	825,0	
00:15:54,221	825,0	
00:15:54,258	825,0	
00:15:54,295	825,0	
00:15:54,332	825,0	
00:15:54,369	825,0	
00:15:54,406	825,0	
00:15:54,443	825,0	
00:15:54,480	825,0	
00:15:54,517	825,1	
00:15:54,554	825,1	
00:15:54,591	825,1	
00:15:54,628	825,1	
00:15:54,665	825,1	
00:15:54,702	825,1	
00:15:54,739	825,1	
00:15:54,776	825,1	
00:15:54,813	825,1	
00:15:54,850	825,1	
00:15:54,887	825,1	
00:15:54,924	825,1	
00:15:54,962	825,1	
00:15:54,999	825,2	
00:15:55,036	825,2	
00:15:55,073	825,2	
00:15:55,110	825,2	
00:15:55,147	825,2	
00:15:55,184	825,2	
00:15:55,221	825,2	
00:15:55,258	825,2	
00:15:55,295	825,2	
00:15:55,332	825,2	
00:15:55,369	825,2	
00:15:55,406	825,2	
00:15:55,443	825,2	
00:15:55,480	825,3	
00:15:55,517	825,3	
00:15:55,554	825,3	
00:15:55,591	825,3	
00:15:55,628	825,3	
00:15:55,665	825,3	
00:15:55,702	825,3	
00:15:55,739	825,3	
00:15:55,776	825,3	
00:15:55,813	825,3	
00:15:55,850	825,3	
00:15:55,887	825,3	
00:15:55,924	825,3	
00:15:55,962	825,4	
00:15:55,999	825,4	
00:15:56,036	825,4	
00:15:56,073	825,4	
00:15:56,110	825,4	
00:15:56,147	825,4	
00:15:56,184	825,4	
00:15:56,221	825,4	
00:15:56,258	825,4	
00:15:56,295	825,4	
00:15:56,332	825,4	
00:15:56,369	825,4	
00:15:56,406	825,4	
00:15:56,443	825,5	
00:15:56,480	825,5	
00:15:56,517	825,5	
00:15:56,554	825,5	
00:15:56,591	825,5	
00:15:56,628	825,5	
00:15:56,665	825,5	
00:15:56,702	825,5	
00:15:56,739	825,5	
00:15:56,776	825,5	
00:15:56,813	825,5	
00:15:56,850	825,5	
00:15:56,887	825,5	
00:15:56,924	825,6	
00:15:56,962	825,6	
00:15:56,999	825,6	
00:15:57,036	825,6	
00:15:57,073	825,6	
00:15:57,110	825,6	
00:15:57,147	825,6	
00:15:57,184	825,6	
00:15:57,221	825,6	
00:15:57,258	825,6	
00:15:57,295	825,6	
00:15:57,332	825,6	
00:15:57,369	825,6	
00:15:57,406	825,7	
00:15:57,443	825,7	
00:15:57,480	825,7	
00:15:57,517	825,7	
00:15:57,554	825,7	
00:15:57,591	825,7	
00:15:57,628	825,7	
00:15:57,665	825,7	
00:15:57,702	825,7	
00:15:57,739	825,7	
00:15:57,776	825,7	
00:15:57,813	825,7	
00:15:57,850	825,7	
00:15:57,887	825,8	
00:15:57,924	825,8	
00:15:57,962	825,8	
00:15:57,999	825,8	
00:15:58,036	825,8	
00:15:58,073	825,8	
00:15:58,110	825,8	
00:15:58,147	825,8	
00:15:58,184	825,8	
00:15:58,221	825,8	
00:15:58,258	825,8	
00:15:58,295	825,8	
00:15:58,332	825,8	
00:15:58,369	825,9	
00:15:58,406	825,9	
00:15:58,443	825,9	
00:15:58,480	825,9	
00:15:58,517	825,9	
00:15:58,554	825,9	
00:15:58,591	825,9	
00:15:58,628	825,8	
00:15:58,665	825,8	
00:15:58,702	825,7	
00:15:58,739	825,6	
00:15:58,776	825,6	
00:15:58,813	825,5	
00:15:58,850	825,5	
00:15:58,887	825,4	
00:15:58,924	825,3	
00:15:58,962	825,3	
00:15:58,999	825,2	
00:15:59,036	825,1	
00:15:59,073	825,1	
00:15:59,110	825,0	
00:15:59,147	825,0	
00:15:59,184	824,9	
00:15:59,221	824,8	
00:15:59,258	824,8	
00:15:59,295	824,7	
00:15:59,332	824,6	
00:15:59,369	824,6	
00:15:59,406	824,5	
00:15:59,443	824,4	
00:15:59,480	824,4	
00:15:59,517	824,3	
00:15:59,554	824,3	
00:15:59,591	824,2	
00:15:59,628	824,1	
00:15:59,665	824,1	
00:15:59,702	824,0	
00:15:59,739	823,9	
00:15:59,776	823,9	
00:15:59,813	823,8	
00:15:59,850	823,8	
00:15:59,887	823,7	
00:15:59,924	823,6	
00:15:59,962	823,6	
00:15:59,999	823,5	
00:16:00,036	823,4	
00:16:00,073	823,4	
00:16:00,110	823,3	
00:16:00,147	823,3	
00:16:00,184	823,2	
00:16:00,221	823,1	
00:16:00,258	823,1	
00:16:00,295	823,0	
00:16:00,332	822,9	
00:16:00,369	822,9	
00:16:00,406	822,8	
00:16:00,443	822,7	
00:16:00,480	822,7	
00:16:00,517	822,6	
00:16:00,554	822,6	
00:16:00,591	822,5	
00:16:00,628	822,4	
00:16:00,665	822,4	
00:16:00,702	822,3	
00:16:00,739	822,2	
00:16:00,776	822,2	
00:16:00,813	822,1	
00:16:00,850	822,1	
00:16:00,887	822,0	
00:16:00,924	821,9	
00:16:00,962	821,9	
00:16:00,999	821,8	
00:16:01,036	821,7	
00:16:01,073	821,7	
00:16:01,110	821,6	
00:16:01,147	821,5	
00:16:01,184	821,5	
00:16:01,221	821,4	
00:16:01,258	821,4	
00:16:01,295	821,3	
00:16:01,332	821,2	
00:16:01,369	821,2	
00:16:01,406	821,1	
00:16:01,443	821,0	
00:16:01,480	821,0	
00:16:01,517	820,9	
00:16:01,554	820,9	
00:16:01,591	820,8	
00:16:01,628	820,7	
00:16:01,665	820,7	
00:16:01,702	820,6	
00:16:01,739	820,5	
00:16:01,776	820,5	
00:16:01,813	820,4	
00:16:01,850	820,3	
00:16:01,887	820,3	
00:16:01,924	820,2	
00:16:01,962	820,2	
00:16:01,999	820,1	
00:16:02,036	820,0	
00:16:02,073	820,0	
00:16:02,110	819,9	
00:16:02,147	819,8	
00:16:02,184	819,8	
00:16:02,221	819,7	
00:16:02,258	819,7	
00:16:02,295	819,6	
00:16:02,332	819,5	
00:16:02,369	819,5	
00:16:02,406	819,4	
00:16:02,443	819,3	
00:16:02,480	819,3	
00:16:02,517	819,2	
00:16:02,554	819,1	
00:16:02,591	819,1	
00:16:02,628	819,0	
00:16:02,665	819,0	
00:16:02,702	818,9	
00:16:02,739	818,8	
00:16:02,776	818,8	
00:16:02,813	818,7	
00:16:02,850	818,6	
00:16:02,887	818,6	
00:16:02,924	818,5	
00:16:02,962	818,5	
00:16:02,999	818,4	
00:16:03,036	818,3	
00:16:03,073	818,3	
00:16:03,110	818,2	
00:16:03,147	818,1	
00:16:03,184	818,1	
00:16:03,221	818,0	
00:16:03,258	818,0	
00:16:03,295	817,9	
00:16:03,332	817,8	
00:16:03,369	817,8	
00:16:03,406	817,7	
00:16:03,443	817,6	
00:16:03,480	817,6	
00:16:03,517	817,5	
00:16:03,554	817,4	
00:16:03,591	817,4	
00:16:03,628	817,3	
00:16:03,665	817,3	
00:16:03,702	817,2	
00:16:03,739	817,1	
00:16:03,776	817,1	
00:16:03,813	817,0	
00:16:03,850	816,9	
00:16:03,887	816,9	
00:16:03,924	816,8	
00:16:03,961	816,8	
00:16:03,999	816,7	
00:16:04,036	816,6	
00:16:04,073	816,6	
00:16:04,110	816,5	
00:16:04,147	816,4	
00:16:04,184	816,4	
00:16:04,221	816,3	
00:16:04,258	816,2	
00:16:04,295	816,2	
00:16:04,332	816,1	
00:16:04,369	816,1	
00:16:04,406	816,0	
00:16:04,443	815,9	
00:16:04,480	815,9	
00:16:04,517	815,8	
00:16:04,554	815,7	
00:16:04,591	815,7	
00:16:04,628	815,6	
00:16:04,665	815,6	
00:16:04,702	815,5	
00:16:04,739	815,4	
00:16:04,776	815,4	
00:16:04,813	815,3	
00:16:04,850	815,2	
00:16:04,887	815,2	
00:16:04,924	815,1	
00:16:04,961	815,0	
00:16:04,999	815,0	
00:16:05,036	814,9	
00:16:05,073	814,9	
00:16:05,110	814,8	
00:16:05,147	814,7	
00:16:05,184	814,7	
00:16:05,221	814,6	
00:16:05,258	814,5	
00:16:05,295	814,5	
00:16:05,332	814,4	
00:16:05,369	814,4	
00:16:05,406	814,3	
00:16:05,443	814,2	
00:16:05,480	814,2	
00:16:05,517	814,1	
00:16:05,554	814,0	
00:16:05,591	814,0	
00:16:05,628	813,9	
00:16:05,665	813,8	
00:16:05,702	813,8	
00:16:05,739	813,7	
00:16:05,776	813,7	
00:16:05,813	813,6	
00:16:05,850	813,5	
00:16:05,887	813,5	
00:16:05,924	813,4	
00:16:05,961	813,3	
00:16:05,999	813,3	
00:16:06,036	813,2	
00:16:06,073	813,2	
00:16:06,110	813,1	
00:16:06,147	813,0	
00:16:06,184	813,0	
00:16:06,221	812,9	
00:16:06,258	812,8	
00:16:06,295	812,8	
00:16:06,332	812,7	
00:16:06,369	812,7	
00:16:06,406	812,6	
00:16:06,443	812,5	
00:16:06,480	812,5	
00:16:06,517	812,4	
00:16:06,554	812,3	
00:16:06,591	812,3	
00:16:06,628	812,2	
00:16:06,665	812,1	
00:16:06,702	812,1	
00:16:06,739	812,0	
00:16:06,776	812,0	
00:16:06,813	811,9	
00:16:06,850	811,8	
00:16:06,887	811,8	
00:16:06,924	811,7	
00:16:06,961	811,6	
00:16:06,999	811,6	
00:16:07,036	811,5	
00:16:07,073	811,5	
00:16:07,110	811,4	
00:16:07,147	811,3	
00:16:07,184	811,3	
00:16:07,221	811,2	
00:16:07,258	811,2	
00:16:07,295	811,1	
00:16:07,332	811,1	
00:16:07,369	811,1	
00:16:07,406	811,1	
00:16:07,443	811,0	
00:16:07,480	811,0	
00:16:07,517	811,0	
00:16:07,554	811,0	
00:16:07,591	810,9	
00:16:07,628	810,9	
00:16:07,665	810,9	
00:16:07,702	810,8	
00:16:07,739	810,8	
00:16:07,776	810,8	
00:16:07,813	810,8	
00:16:07,850	810,7	
00:16:07,887	810,7	
00:16:07,924	810,7	
00:16:07,961	810,6	
00:16:07,999	810,6	
00:16:08,036	810,6	
00:16:08,073	810,6	
00:16:08,110	810,5	
00:16:08,147	810,5	
00:16:08,184	810,5	
00:16:08,221	810,5	
00:16:08,258	810,4	
00:16:08,295	810,4	
00:16:08,332	810,4	
00:16:08,369	810,3	
00:16:08,406	810,3	
00:16:08,443	810,3	
00:16:08,480	810,3	
00:16:08,517	810,2	
00:16:08,554	810,2	
00:16:08,591	810,2	
00:16:08,628	810,2	
00:16:08,665	810,1	
00:16:08,702	810,1	
00:16:08,739	810,1	
00:16:08,776	810,0	
00:16:08,813	810,0	
00:16:08,850	810,0	
00:16:08,887	810,0	
00:16:08,924	809,9	
00:16:08,961	809,9	
00:16:08,999	809,9	
00:16:09,036	809,9	
00:16:09,073	809,8	
00:16:09,110	809,8	
00:16:09,147	809,8	
00:16:09,184	809,7	
00:16:09,221	809,7	
00:16:09,258	809,7	
00:16:09,295	809,7	
00:16:09,332	809,6	
00:16:09,369	809,6	
00:16:09,406	809,6	
00:16:09,443	809,5	
00:16:09,480	809,5	
00:16:09,517	809,5	
00:16:09,554	809,5	
00:16:09,591	809,4	
00:16:09,628	809,4	
00:16:09,665	809,4	
00:16:09,702	809,4	
00:16:09,739	809,3	
00:16:09,776	809,3	
00:16:09,813	809,3	
00:16:09,850	809,2	
00:16:09,887	809,2	
00:16:09,924	809,2	
00:16:09,961	809,2	
00:16:09,999	809,1	
00:16:10,036	809,1	
00:16:10,073	809,1	
00:16:10,110	809,1	
00:16:10,147	809,0	
00:16:10,184	809,0	
00:16:10,221	809,0	
00:16:10,258	808,9	
00:16:10,295	808,9	
00:16:10,332	808,9	
00:16:10,369	808,9	
00:16:10,406	808,8	
00:16:10,443	808,8	
00:16:10,480	808,8	
00:16:10,517	808,7	
00:16:10,554	808,7	
00:16:10,591	808,7	
00:16:10,628	808,7	
00:16:10,665	808,6	
00:16:10,702	808,6	
00:16:10,739	808,6	
00:16:10,776	808,6	
00:16:10,813	808,5	
00:16:10,850	808,5	
00:16:10,887	808,5	
00:16:10,924	808,4	
00:16:10,961	808,4	
00:16:10,999	808,4	
00:16:11,036	808,4	
00:16:11,073	808,3	
00:16:11,110	808,3	
00:16:11,147	808,3	
00:16:11,184	808,3	
00:16:11,221	808,2	
00:16:11,258	808,2	
00:16:11,295	808,2	
00:16:11,332	808,1	
00:16:11,369	808,1	
00:16:11,406	808,1	
00:16:11,443	808,1	
00:16:11,480	808,0	
00:16:11,517	808,0	
00:16:11,554	808,0	
00:16:11,591	807,9	
00:16:11,628	807,9	
00:16:11,665	807,9	
00:16:11,702	807,9	
00:16:11,739	807,8	
00:16:11,776	807,8	
00:16:11,813	807,8	
00:16:11,850	807,8	
00:16:11,887	807,7	
00:16:11,924	807,7	
00:16:11,961	807,7	
00:16:11,999	807,6	
00:16:12,036	807,6	
00:16:12,073	807,6	
00:16:12,110	807,6	
00:16:12,147	807,5	
00:16:12,184	807,5	
00:16:12,221	807,5	
00:16:12,258	807,5	
00:16:12,295	807,4	
00:16:12,332	807,4	
00:16:12,369	807,4	
00:16:12,406	807,3	
00:16:12,443	807,3	
00:16:12,480	807,3	
00:16:12,517	807,3	
00:16:12,554	807,2	
00:16:12,591	807,2	
00:16:12,628	807,2	
00:16:12,665	807,2	
00:16:12,702	807,1	
00:16:12,739	807,1	
00:16:12,776	807,1	
00:16:12,813	807,0	
00:16:12,850	807,0	
00:16:12,887	807,0	
00:16:12,924	807,0	
00:16:12,961	806,9	
00:16:12,999	806,9	
00:16:13,036	806,9	
00:16:13,073	806,8	
00:16:13,110	806,8	
00:16:13,147	806,8	
00:16:13,184	806,8	
00:16:13,221	806,7	
00:16:13,258	806,7	
00:16:13,295	806,7	
00:16:13,332	806,7	
00:16:13,369	806,6	
00:16:13,406	806,6	
00:16:13,443	806,6	
00:16:13,480	806,5	
00:16:13,517	806,5	
00:16:13,554	806,5	
00:16:13,591	806,5	
00:16:13,628	806,4	
00:16:13,665	806,4	
00:16:13,702	806,4	
00:16:13,739	806,4	
00:16:13,776	806,3	
00:16:13,813	806,3	
00:16:13,850	806,3	
00:16:13,887	806,2	
00:16:13,924	806,2	
00:16:13,961	806,2	
00:16:13,999	806,2	
00:16:14,036	806,1	
00:16:14,073	806,1	
00:16:14,110	806,1	
00:16:14,147	806,0	
00:16:14,184	806,0	
00:16:14,221	806,0	
00:16:14,258	806,0	
00:16:14,295	805,9	
00:16:14,332	805,9	
00:16:14,369	805,9	
00:16:14,406	805,9	
00:16:14,443	805,8	
00:16:14,480	805,8	
00:16:14,517	805,8	
00:16:14,554	805,7	
00:16:14,591	805,7	
00:16:14,628	805,7	
00:16:14,665	805,7	
00:16:14,702	805,6	
00:16:14,739	805,6	
00:16:14,776	805,6	
00:16:14,813	805,6	
00:16:14,850	805,5	
00:16:14,887	805,5	
00:16:14,924	805,5	
00:16:14,961	805,4	
00:16:14,999	805,4	
00:16:15,036	805,4	
00:16:15,073	805,4	
00:16:15,110	805,3	
00:16:15,147	805,3	
00:16:15,184	805,3	
00:16:15,221	805,3	
00:16:15,258	805,2	
00:16:15,295	805,2	
00:16:15,332	805,2	
00:16:15,369	805,1	
00:16:15,406	805,1	
00:16:15,443	805,1	
00:16:15,480	805,1	
00:16:15,517	805,0	
00:16:15,554	805,0	
00:16:15,591	805,0	
00:16:15,628	804,9	
00:16:15,665	804,9	
00:16:15,702	804,9	
00:16:15,739	804,9	
00:16:15,776	804,8	
00:16:15,813	804,8	
00:16:15,850	804,8	
00:16:15,887	804,8	
00:16:15,924	804,7	
00:16:15,961	804,7	
00:16:15,999	804,7	
00:16:16,036	804,6	
00:16:16,073	804,6	
00:16:16,110	804,6	
00:16:16,147	804,6	
00:16:16,184	804,5	
00:16:16,221	804,5	
00:16:16,258	804,5	
00:16:16,295	804,5	
00:16:16,332	804,4	
00:16:16,369	804,4	
00:16:16,406	804,4	
00:16:16,443	804,3	
00:16:16,480	804,3	
00:16:16,517	804,3	
00:16:16,554	804,3	
00:16:16,591	804,2	
00:16:16,628	804,2	
00:16:16,665	804,2	
00:16:16,702	804,1	
00:16:16,739	804,1	
00:16:16,776	804,1	
00:16:16,813	804,1	
00:16:16,850	804,0	
00:16:16,887	804,0	
00:16:16,924	804,0	
00:16:16,961	804,0	
00:16:16,999	803,9	
00:16:17,036	803,9	
00:16:17,073	803,9	
00:16:17,110	803,8	
00:16:17,147	803,8	
00:16:17,184	803,8	
00:16:17,221	803,8	
00:16:17,258	803,7	
00:16:17,295	803,7	
00:16:17,332	803,7	
00:16:17,369	803,7	
00:16:17,406	803,6	
00:16:17,443	803,6	
00:16:17,480	803,6	
00:16:17,517	803,5	
00:16:17,554	803,5	
00:16:17,591	803,5	
00:16:17,628	803,5	
00:16:17,665	803,4	
00:16:17,702	803,4	
00:16:17,739	803,4	
00:16:17,776	803,3	
00:16:17,813	803,3	
00:16:17,850	803,3	
00:16:17,887	803,3	
00:16:17,924	803,2	
00:16:17,961	803,2	
00:16:17,999	803,2	
00:16:18,036	803,2	
00:16:18,073	803,1	
00:16:18,110	803,1	
00:16:18,147	803,1	
00:16:18,184	803,0	
00:16:18,221	803,0	
00:16:18,258	803,0	
00:16:18,295	803,0	
00:16:18,332	802,9	
00:16:18,369	802,9	
00:16:18,406	802,9	
00:16:18,443	802,9	
00:16:18,480	802,8	
00:16:18,517	802,8	
00:16:18,554	802,8	
00:16:18,591	802,7	
00:16:18,628	802,7	
00:16:18,665	802,7	
00:16:18,702	802,7	
00:16:18,739	802,6	
00:16:18,776	802,6	
00:16:18,813	802,6	
00:16:18,850	802,6	
00:16:18,887	802,5	
00:16:18,924	802,5	
00:16:18,961	802,5	
00:16:18,999	802,4	
00:16:19,036	802,4	
00:16:19,073	802,4	
00:16:19,110	802,4	
00:16:19,147	802,3	
00:16:19,184	802,3	
00:16:19,221	802,3	
00:16:19,258	802,2	
00:16:19,295	802,2	
00:16:19,332	802,2	
00:16:19,369	802,2	
00:16:19,406	802,1	
00:16:19,443	802,1	
00:16:19,480	802,1	
00:16:19,517	802,1	
00:16:19,554	802,0	
00:16:19,591	802,0	
00:16:19,628	802,0	
00:16:19,665	801,9	
00:16:19,702	801,9	
00:16:19,739	801,9	
00:16:19,776	801,9	
00:16:19,813	801,8	
00:16:19,850	801,8	
00:16:19,887	801,8	
00:16:19,924	801,8	
00:16:19,961	801,7	
00:16:19,999	801,7	
00:16:20,036	801,7	
00:16:20,073	801,6	
00:16:20,110	801,6	
00:16:20,147	801,6	
00:16:20,184	801,6	
00:16:20,221	801,5	
00:16:20,258	801,5	
00:16:20,295	801,5	
00:16:20,332	801,4	
00:16:20,369	801,4	
00:16:20,406	801,4	
00:16:20,443	801,4	
00:16:20,480	801,3	
00:16:20,517	801,3	
00:16:20,554	801,3	
00:16:20,591	801,3	
00:16:20,628	801,2	
00:16:20,665	801,2	
00:16:20,702	801,2	
00:16:20,739	801,1	
00:16:20,776	801,1	
00:16:20,813	801,1	
00:16:20,850	801,1	
00:16:20,887	801,0	
00:16:20,924	801,0	
00:16:20,961	801,0	
00:16:20,999	801,0	
00:16:21,036	800,9	
00:16:21,073	800,9	
00:16:21,110	800,9	
00:16:21,147	800,8	
00:16:21,184	800,8	
00:16:21,221	800,8	
00:16:21,258	800,8	
00:16:21,295	800,7	
00:16:21,332	800,7	
00:16:21,369	800,7	
00:16:21,406	800,7	
00:16:21,443	800,6	
00:16:21,480	800,6	
00:16:21,517	800,6	
00:16:21,554	800,5	
00:16:21,591	800,5	
00:16:21,628	800,5	
00:16:21,665	800,5	
00:16:21,702	800,4	
00:16:21,739	800,4	
00:16:21,776	800,4	
00:16:21,813	800,3	
00:16:21,850	800,3	
00:16:21,887	800,3	
00:16:21,924	800,3	
00:16:21,961	800,2	
00:16:21,999	800,2	
00:16:22,036	800,2	
00:16:22,073	800,2	
00:16:22,110	800,1	
00:16:22,147	800,1	
00:16:22,184	800,1	
00:16:22,221	800,0	
00:16:22,258	800,0	
00:16:22,295	800,0	
00:16:22,332	800,0	
00:16:22,369	799,9	
00:16:22,406	799,9	
00:16:22,443	799,9	
00:16:22,480	799,9	
00:16:22,517	799,8	
00:16:22,554	799,8	
00:16:22,591	799,8	
00:16:22,628	799,7	
00:16:22,665	799,7	
00:16:22,702	799,7	
00:16:22,739	799,7	
00:16:22,776	799,6	
00:16:22,813	799,6	
00:16:22,850	799,6	
00:16:22,887	799,5	
00:16:22,924	799,5	
00:16:22,961	799,5	
00:16:22,999	799,5	
00:16:23,036	799,4	
00:16:23,073	799,4	
00:16:23,110	799,4	
00:16:23,147	799,4	
00:16:23,184	799,3	
00:16:23,221	799,3	
00:16:23,258	799,3	
00:16:23,295	799,2	
00:16:23,332	799,2	
00:16:23,369	799,2	
00:16:23,406	799,2	
00:16:23,443	799,1	
00:16:23,480	799,1	
00:16:23,517	799,1	
00:16:23,554	799,1	
00:16:23,591	799,0	
00:16:23,628	799,0	
00:16:23,665	799,0	
00:16:23,702	798,9	
00:16:23,739	798,9	
00:16:23,776	798,9	
00:16:23,813	798,9	
00:16:23,850	798,8	
00:16:23,887	798,8	
00:16:23,924	798,8	
00:16:23,961	798,7	
00:16:23,999	798,7	
00:16:24,036	798,7	
00:16:24,073	798,7	
00:16:24,110	798,6	
00:16:24,147	798,6	
00:16:24,184	798,6	
00:16:24,221	798,6	
00:16:24,258	798,5	
00:16:24,295	798,5	
00:16:24,332	798,5	
00:16:24,369	798,4	
00:16:24,406	798,4	
00:16:24,443	798,4	
00:16:24,480	798,4	
00:16:24,517	798,3	
00:16:24,554	798,3	
00:16:24,591	798,3	
00:16:24,628	798,3	
00:16:24,665	798,2	
00:16:24,702	798,2	
00:16:24,739	798,2	
00:16:24,776	798,1	
00:16:24,813	798,1	
00:16:24,850	798,1	
00:16:24,887	798,1	
00:16:24,924	798,0	
00:16:24,961	798,0	
00:16:24,999	798,0	
00:16:25,036	798,0	
00:16:25,073	797,9	
00:16:25,110	797,9	
00:16:25,147	797,9	
00:16:25,184	797,8	
00:16:25,221	797,8	
00:16:25,258	797,8	
00:16:25,295	797,8	
00:16:25,332	797,7	
00:16:25,369	797,7	
00:16:25,406	797,7	
00:16:25,443	797,6	
00:16:25,480	797,6	
00:16:25,517	797,6	
00:16:25,554	797,6	
00:16:25,591	797,5	
00:16:25,628	797,5	
00:16:25,665	797,5	
00:16:25,702	797,5	
00:16:25,739	797,4	
00:16:25,776	797,4	
00:16:25,813	797,4	
00:16:25,850	797,3	
00:16:25,887	797,3	
00:16:25,924	797,3	
00:16:25,961	797,3	
00:16:25,999	797,2	
00:16:26,036	797,2	
00:16:26,073	797,2	
00:16:26,110	797,2	
00:16:26,147	797,1	
00:16:26,184	797,1	
00:16:26,221	797,1	
00:16:26,258	797,0	
00:16:26,295	797,0	
00:16:26,332	797,0	
00:16:26,369	797,0	
00:16:26,406	796,9	
00:16:26,443	796,9	
00:16:26,480	796,9	
00:16:26,517	796,8	
00:16:26,554	796,8	
00:16:26,591	796,8	
00:16:26,628	796,8	
00:16:26,665	796,7	
00:16:26,702	796,7	
00:16:26,739	796,7	
00:16:26,776	796,7	
00:16:26,813	796,6	
00:16:26,850	796,6	
00:16:26,887	796,6	
00:16:26,924	796,5	
00:16:26,961	796,5	
00:16:26,999	796,5	
00:16:27,036	796,5	
00:16:27,073	796,4	
00:16:27,110	796,4	
00:16:27,147	796,4	
00:16:27,184	796,4	
00:16:27,221	796,3	
00:16:27,258	796,3	
00:16:27,295	796,3	
00:16:27,332	796,2	
00:16:27,369	796,2	
00:16:27,406	796,2	
00:16:27,443	796,2	
00:16:27,480	796,1	
00:16:27,517	796,1	
00:16:27,554	796,1	
00:16:27,591	796,0	
00:16:27,628	796,0	
00:16:27,665	796,0	
00:16:27,702	796,0	
00:16:27,739	795,9	
00:16:27,776	795,9	
00:16:27,813	795,9	
00:16:27,850	795,9	
00:16:27,887	795,8	
00:16:27,924	795,8	
00:16:27,961	795,8	
00:16:27,999	795,7	
00:16:28,036	795,7	
00:16:28,073	795,7	
00:16:28,110	795,7	
00:16:28,147	795,6	
00:16:28,184	795,6	
00:16:28,221	795,6	
00:16:28,258	795,6	
00:16:28,295	795,5	
00:16:28,332	795,5	
00:16:28,369	795,5	
00:16:28,406	795,4	
00:16:28,443	795,4	
00:16:28,480	795,4	
00:16:28,517	795,4	
00:16:28,554	795,3	
00:16:28,591	795,3	
00:16:28,628	795,3	
00:16:28,665	795,3	
00:16:28,702	795,2	
00:16:28,739	795,2	
00:16:28,776	795,2	
00:16:28,813	795,1	
00:16:28,850	795,1	
00:16:28,887	795,1	
00:16:28,924	795,1	
00:16:28,961	795,0	
00:16:28,999	795,0	
00:16:29,036	795,0	
00:16:29,073	794,9	
00:16:29,110	794,9	
00:16:29,147	794,9	
00:16:29,184	794,9	
00:16:29,221	794,8	
00:16:29,258	794,8	
00:16:29,295	794,8	
00:16:29,332	794,8	
00:16:29,369	794,7	
00:16:29,406	794,7	
00:16:29,443	794,7	
00:16:29,480	794,6	
00:16:29,517	794,6	
00:16:29,554	794,6	
00:16:29,591	794,6	
00:16:29,628	794,5	
00:16:29,665	794,5	
00:16:29,702	794,5	
00:16:29,739	794,5	
00:16:29,776	794,4	
00:16:29,813	794,4	
00:16:29,850	794,4	
00:16:29,887	794,3	
00:16:29,924	794,3	
00:16:29,961	794,3	
00:16:29,999	794,3	
00:16:30,036	794,2	
00:16:30,073	794,2	
00:16:30,110	794,2	
00:16:30,147	794,1	
00:16:30,184	794,1	
00:16:30,221	794,1	
00:16:30,258	794,1	
00:16:30,295	794,0	
00:16:30,332	794,0	
00:16:30,369	794,0	
00:16:30,406	794,0	
00:16:30,443	793,9	
00:16:30,480	793,9	
00:16:30,517	793,9	
00:16:30,554	793,8	
00:16:30,591	793,8	
00:16:30,628	793,8	
00:16:30,665	793,8	
00:16:30,702	793,7	
00:16:30,739	793,7	
00:16:30,776	793,7	
00:16:30,813	793,7	
00:16:30,850	793,6	
00:16:30,887	793,6	
00:16:30,924	793,6	
00:16:30,961	793,5	
00:16:30,999	793,5	
00:16:31,036	793,5	
00:16:31,073	793,5	
00:16:31,110	793,4	
00:16:31,147	793,4	
00:16:31,184	793,4	
00:16:31,221	793,4	
00:16:31,258	793,3	
00:16:31,295	793,3	
00:16:31,332	793,3	
00:16:31,369	793,2	
00:16:31,406	793,2	
00:16:31,443	793,2	
00:16:31,480	793,2	
00:16:31,517	793,1	
00:16:31,554	793,1	
00:16:31,591	793,1	
00:16:31,628	793,0	
00:16:31,665	793,0	
00:16:31,702	793,0	
00:16:31,739	793,0	
00:16:31,776	792,9	
00:16:31,813	792,9	
00:16:31,850	792,9	
00:16:31,887	792,9	
00:16:31,924	792,8	
00:16:31,961	792,8	
00:16:31,999	792,8	
00:16:32,036	792,7	
00:16:32,073	792,7	
00:16:32,110	792,7	
00:16:32,147	792,7	
00:16:32,184	792,6	
00:16:32,221	792,6	
00:16:32,258	792,6	
00:16:32,295	792,6	
00:16:32,332	792,5	
00:16:32,369	792,5	
00:16:32,406	792,5	
00:16:32,443	792,4	
00:16:32,480	792,4	
00:16:32,517	792,4	
00:16:32,554	792,4	
00:16:32,591	792,3	
00:16:32,628	792,3	
00:16:32,665	792,3	
00:16:32,702	792,2	
00:16:32,739	792,2	
00:16:32,776	792,2	
00:16:32,813	792,2	
00:16:32,850	792,1	
00:16:32,887	792,1	
00:16:32,924	792,1	
00:16:32,961	792,1	
00:16:32,999	792,0	
00:16:33,036	792,0	
00:16:33,073	792,0	
00:16:33,110	791,9	
00:16:33,147	791,9	
00:16:33,184	791,9	
00:16:33,221	791,9	
00:16:33,258	791,8	
00:16:33,295	791,8	
00:16:33,332	791,8	
00:16:33,369	791,8	
00:16:33,406	791,7	
00:16:33,443	791,7	
00:16:33,480	791,7	
00:16:33,517	791,6	
00:16:33,554	791,6	
00:16:33,591	791,6	
00:16:33,628	791,6	
00:16:33,665	791,5	
00:16:33,702	791,5	
00:16:33,739	791,5	
00:16:33,776	791,4	
00:16:33,813	791,4	
00:16:33,850	791,4	
00:16:33,887	791,4	
00:16:33,924	791,3	
00:16:33,961	791,3	
00:16:33,999	791,3	
00:16:34,036	791,3	
00:16:34,073	791,2	
00:16:34,110	791,2	
00:16:34,147	791,2	
00:16:34,184	791,1	
00:16:34,221	791,1	
00:16:34,258	791,1	
00:16:34,295	791,1	
00:16:34,332	791,0	
00:16:34,369	791,0	
00:16:34,406	791,0	
00:16:34,443	791,0	
00:16:34,480	790,9	
00:16:34,517	790,9	
00:16:34,554	790,9	
00:16:34,591	790,8	
00:16:34,628	790,8	
00:16:34,665	790,8	
00:16:34,702	790,8	
00:16:34,739	790,7	
00:16:34,776	790,7	
00:16:34,813	790,7	
00:16:34,850	790,7	
00:16:34,887	790,6	
00:16:34,924	790,6	
00:16:34,961	790,6	
00:16:34,999	790,5	
00:16:35,036	790,5	
00:16:35,073	790,5	
00:16:35,110	790,5	
00:16:35,147	790,4	
00:16:35,184	790,4	
00:16:35,221	790,4	
00:16:35,258	790,3	
00:16:35,295	790,3	
00:16:35,332	790,3	
00:16:35,369	790,3	
00:16:35,406	790,2	
00:16:35,443	790,2	
00:16:35,480	790,2	
00:16:35,517	790,2	
00:16:35,554	790,1	
00:16:35,591	790,1	
00:16:35,628	790,1	
00:16:35,665	790,0	
00:16:35,702	790,0	
00:16:35,739	790,0	
00:16:35,776	790,0	
00:16:35,813	789,9	
00:16:35,850	789,9	
00:16:35,887	789,9	
00:16:35,924	789,9	
00:16:35,961	789,8	
00:16:35,999	789,8	
00:16:36,036	789,8	
00:16:36,073	789,7	
00:16:36,110	789,7	
00:16:36,147	789,7	
00:16:36,184	789,7	
00:16:36,221	789,6	
00:16:36,258	789,6	
00:16:36,295	789,6	
00:16:36,332	789,5	
00:16:36,369	789,5	
00:16:36,406	789,5	
00:16:36,443	789,5	
00:16:36,480	789,4	
00:16:36,517	789,4	
00:16:36,554	789,4	
00:16:36,591	789,4	
00:16:36,628	789,3	
00:16:36,665	789,3	
00:16:36,702	789,3	
00:16:36,739	789,2	
00:16:36,776	789,2	
00:16:36,813	789,2	
00:16:36,850	789,2	
00:16:36,887	789,1	
00:16:36,924	789,1	
00:16:36,961	789,1	
00:16:36,999	789,1	
00:16:37,036	789,0	
00:16:37,073	789,0	
00:16:37,110	789,0	
00:16:37,147	788,9	
00:16:37,184	788,9	
00:16:37,221	788,9	
00:16:37,258	788,9	
00:16:37,295	788,8	
00:16:37,332	788,8	
00:16:37,369	788,8	
00:16:37,406	788,8	
00:16:37,443	788,7	
00:16:37,480	788,7	
00:16:37,517	788,7	
00:16:37,554	788,6	
00:16:37,591	788,6	
00:16:37,628	788,6	
00:16:37,665	788,6	
00:16:37,702	788,5	
00:16:37,739	788,5	
00:16:37,776	788,5	
00:16:37,813	788,4	
00:16:37,850	788,4	
00:16:37,887	788,4	
00:16:37,924	788,4	
00:16:37,961	788,3	
00:16:37,999	788,3	
00:16:38,036	788,3	
00:16:38,073	788,3	
00:16:38,110	788,2	
00:16:38,147	788,2	
00:16:38,184	788,2	
00:16:38,221	788,1	
00:16:38,258	788,1	
00:16:38,295	788,1	
00:16:38,332	788,1	
00:16:38,369	788,0	
00:16:38,406	788,0	
00:16:38,443	788,0	
00:16:38,480	788,0	
00:16:38,517	787,9	
00:16:38,554	787,9	
00:16:38,591	787,9	
00:16:38,628	787,8	
00:16:38,665	787,8	
00:16:38,702	787,8	
00:16:38,739	787,8	
00:16:38,776	787,7	
00:16:38,813	787,7	
00:16:38,850	787,7	
00:16:38,887	787,6	
00:16:38,924	787,6	
00:16:38,961	787,6	
00:16:38,999	787,6	
00:16:39,036	787,5	
00:16:39,073	787,5	
00:16:39,110	787,5	
00:16:39,147	787,5	
00:16:39,184	787,4	
00:16:39,221	787,4	
00:16:39,258	787,4	
00:16:39,295	787,3	
00:16:39,332	787,3	
00:16:39,369	787,3	
00:16:39,406	787,3	
00:16:39,443	787,2	
00:16:39,480	787,2	
00:16:39,517	787,2	
00:16:39,554	787,2	
00:16:39,591	787,1	
00:16:39,628	787,1	
00:16:39,665	787,1	
00:16:39,702	787,0	
00:16:39,739	787,0	
00:16:39,776	787,0	
00:16:39,813	787,0	
00:16:39,850	786,9	
00:16:39,887	786,9	
00:16:39,924	786,9	
00:16:39,961	786,8	
00:16:39,999	786,8	
00:16:40,036	786,8	
00:16:40,073	786,8	
00:16:40,110	786,7	
00:16:40,147	786,7	
00:16:40,184	786,7	
00:16:40,221	786,7	
00:16:40,258	786,6	
00:16:40,295	786,6	
00:16:40,332	786,6	
00:16:40,369	786,5	
00:16:40,406	786,5	
00:16:40,443	786,5	
00:16:40,480	786,5	
00:16:40,517	786,4	
00:16:40,554	786,4	
00:16:40,591	786,4	
00:16:40,628	786,4	
00:16:40,665	786,3	
00:16:40,702	786,3	
00:16:40,739	786,3	
00:16:40,776	786,2	
00:16:40,813	786,2	
00:16:40,850	786,2	
00:16:40,887	786,2	
00:16:40,924	786,1	
00:16:40,961	786,1	
00:16:40,998	786,1	
00:16:41,036	786,1	
00:16:41,073	786,0	
00:16:41,110	786,0	
00:16:41,147	786,0	
00:16:41,184	785,9	
00:16:41,221	785,9	
00:16:41,258	785,9	
00:16:41,295	785,9	
00:16:41,332	785,8	
00:16:41,369	785,8	
00:16:41,406	785,8	
00:16:41,443	785,7	
00:16:41,480	785,7	
00:16:41,517	785,7	
00:16:41,554	785,7	
00:16:41,591	785,6	
00:16:41,628	785,6	
00:16:41,665	785,6	
00:16:41,702	785,6	
00:16:41,739	785,5	
00:16:41,776	785,5	
00:16:41,813	785,4	
00:16:41,850	785,4	
00:16:41,887	785,3	
00:16:41,924	785,2	
00:16:41,961	785,1	
00:16:41,998	785,1	
00:16:42,036	785,0	
00:16:42,073	784,9	
00:16:42,110	784,8	
00:16:42,147	784,8	
00:16:42,184	784,7	
00:16:42,221	784,6	
00:16:42,258	784,5	
00:16:42,295	784,5	
00:16:42,332	784,4	
00:16:42,369	784,3	
00:16:42,406	784,2	
00:16:42,443	784,2	
00:16:42,480	784,1	
00:16:42,517	784,0	
00:16:42,554	783,9	
00:16:42,591	783,9	
00:16:42,628	783,8	
00:16:42,665	783,7	
00:16:42,702	783,7	
00:16:42,739	783,6	
00:16:42,776	783,5	
00:16:42,813	783,4	
00:16:42,850	783,4	
00:16:42,887	783,3	
00:16:42,924	783,2	
00:16:42,961	783,1	
00:16:42,998	783,1	
00:16:43,036	783,0	
00:16:43,073	782,9	
00:16:43,110	782,8	
00:16:43,147	782,8	
00:16:43,184	782,7	
00:16:43,221	782,6	
00:16:43,258	782,5	
00:16:43,295	782,5	
00:16:43,332	782,4	
00:16:43,369	782,3	
00:16:43,406	782,2	
00:16:43,443	782,2	
00:16:43,480	782,1	
00:16:43,517	782,0	
00:16:43,554	782,0	
00:16:43,591	781,9	
00:16:43,628	781,8	
00:16:43,665	781,7	
00:16:43,702	781,7	
00:16:43,739	781,6	
00:16:43,776	781,5	
00:16:43,813	781,4	
00:16:43,850	781,4	
00:16:43,887	781,3	
00:16:43,924	781,2	
00:16:43,961	781,1	
00:16:43,998	781,1	
00:16:44,036	781,0	
00:16:44,073	780,9	
00:16:44,110	780,8	
00:16:44,147	780,8	
00:16:44,184	780,7	
00:16:44,221	780,6	
00:16:44,258	780,5	
00:16:44,295	780,5	
00:16:44,332	780,4	
00:16:44,369	780,3	
00:16:44,406	780,3	
00:16:44,443	780,2	
00:16:44,480	780,1	
00:16:44,517	780,0	
00:16:44,554	780,0	
00:16:44,591	779,9	
00:16:44,628	779,8	
00:16:44,665	779,7	
00:16:44,702	779,7	
00:16:44,739	779,6	
00:16:44,776	779,5	
00:16:44,813	779,4	
00:16:44,850	779,4	
00:16:44,887	779,3	
00:16:44,924	779,2	
00:16:44,961	779,1	
00:16:44,998	779,1	
00:16:45,036	779,0	
00:16:45,073	778,9	
00:16:45,110	778,8	
00:16:45,147	778,8	
00:16:45,184	778,7	
00:16:45,221	778,6	
00:16:45,258	778,6	
00:16:45,295	778,5	
00:16:45,332	778,4	
00:16:45,369	778,3	
00:16:45,406	778,3	
00:16:45,443	778,2	
00:16:45,480	778,1	
00:16:45,517	778,0	
00:16:45,554	778,0	
00:16:45,591	777,9	
00:16:45,628	777,8	
00:16:45,665	777,7	
00:16:45,702	777,7	
00:16:45,739	777,6	
00:16:45,776	777,5	
00:16:45,813	777,4	
00:16:45,850	777,4	
00:16:45,887	777,3	
00:16:45,924	777,2	
00:16:45,961	777,1	
00:16:45,998	777,1	
00:16:46,036	777,0	
00:16:46,073	776,9	
00:16:46,110	776,9	
00:16:46,147	776,8	
00:16:46,184	776,7	
00:16:46,221	776,6	
00:16:46,258	776,6	
00:16:46,295	776,5	
00:16:46,332	776,4	
00:16:46,369	776,3	
00:16:46,406	776,3	
00:16:46,443	776,2	
00:16:46,480	776,1	
00:16:46,517	776,0	
00:16:46,554	776,0	
00:16:46,591	775,9	
00:16:46,628	775,8	
00:16:46,665	775,7	
00:16:46,702	775,7	
00:16:46,739	775,6	
00:16:46,776	775,5	
00:16:46,813	775,4	
00:16:46,850	775,4	
00:16:46,887	775,3	
00:16:46,924	775,2	
00:16:46,961	775,2	
00:16:46,998	775,1	
00:16:47,036	775,0	
00:16:47,073	774,9	
00:16:47,110	774,9	
00:16:47,147	774,8	
00:16:47,184	774,7	
00:16:47,221	774,6	
00:16:47,258	774,6	
00:16:47,295	774,5	
00:16:47,332	774,4	
00:16:47,369	774,3	
00:16:47,406	774,3	
00:16:47,443	774,2	
00:16:47,480	774,1	
00:16:47,517	774,0	
00:16:47,554	774,0	
00:16:47,591	773,9	
00:16:47,628	773,8	
00:16:47,665	773,7	
00:16:47,702	773,7	
00:16:47,739	773,6	
00:16:47,776	773,5	
00:16:47,813	773,5	
00:16:47,850	773,4	
00:16:47,887	773,3	
00:16:47,924	773,2	
00:16:47,961	773,2	
00:16:47,998	773,1	
00:16:48,036	773,0	
00:16:48,073	772,9	
00:16:48,110	772,9	
00:16:48,147	772,8	
00:16:48,184	772,7	
00:16:48,221	772,6	
00:16:48,258	772,6	
00:16:48,295	772,5	
00:16:48,332	772,4	
00:16:48,369	772,3	
00:16:48,406	772,3	
00:16:48,443	772,2	
00:16:48,480	772,1	
00:16:48,517	772,0	
00:16:48,554	772,0	
00:16:48,591	771,9	
00:16:48,628	771,8	
00:16:48,665	771,8	
00:16:48,702	771,7	
00:16:48,739	771,6	
00:16:48,776	771,5	
00:16:48,813	771,5	
00:16:48,850	771,4	
00:16:48,887	771,3	
00:16:48,924	771,2	
00:16:48,961	771,2	
00:16:48,998	771,1	
00:16:49,036	771,0	
00:16:49,073	770,9	
00:16:49,110	770,9	
00:16:49,147	770,8	
00:16:49,184	770,7	
00:16:49,221	770,6	
00:16:49,258	770,6	
00:16:49,295	770,5	
00:16:49,332	770,4	
00:16:49,369	770,3	
00:16:49,406	770,3	
00:16:49,443	770,2	
00:16:49,480	770,1	
00:16:49,517	770,1	
00:16:49,554	770,0	
00:16:49,591	769,9	
00:16:49,628	769,8	
00:16:49,665	769,8	
00:16:49,702	769,7	
00:16:49,739	769,6	
00:16:49,776	769,5	
00:16:49,813	769,5	
00:16:49,850	769,4	
00:16:49,887	769,3	
00:16:49,924	769,2	
00:16:49,961	769,2	
00:16:49,998	769,1	
00:16:50,036	769,0	
00:16:50,073	768,9	
00:16:50,110	768,9	
00:16:50,147	768,8	
00:16:50,184	768,7	
00:16:50,221	768,7	
00:16:50,258	768,6	
00:16:50,295	768,5	
00:16:50,332	768,4	
00:16:50,369	768,4	
00:16:50,406	768,3	
00:16:50,443	768,2	
00:16:50,480	768,1	
00:16:50,517	768,1	
00:16:50,554	768,0	
00:16:50,591	767,9	
00:16:50,628	767,8	
00:16:50,665	767,8	
00:16:50,702	767,7	
00:16:50,739	767,6	
00:16:50,776	767,5	
00:16:50,813	767,5	
00:16:50,850	767,4	
00:16:50,887	767,3	
00:16:50,924	767,2	
00:16:50,961	767,2	
00:16:50,998	767,1	
00:16:51,036	767,0	
00:16:51,073	767,0	
00:16:51,110	766,9	
00:16:51,147	766,8	
00:16:51,184	766,7	
00:16:51,221	766,7	
00:16:51,258	766,6	
00:16:51,295	766,5	
00:16:51,332	766,4	
00:16:51,369	766,4	
00:16:51,406	766,3	
00:16:51,443	766,2	
00:16:51,480	766,1	
00:16:51,517	766,1	
00:16:51,554	766,0	
00:16:51,591	765,9	
00:16:51,628	765,8	
00:16:51,665	765,8	
00:16:51,702	765,7	
00:16:51,739	765,6	
00:16:51,776	765,5	
00:16:51,813	765,5	
00:16:51,850	765,4	
00:16:51,887	765,3	
00:16:51,924	765,3	
00:16:51,961	765,2	
00:16:51,998	765,1	
00:16:52,036	765,0	
00:16:52,073	765,0	
00:16:52,110	764,9	
00:16:52,147	764,8	
00:16:52,184	764,7	
00:16:52,221	764,7	
00:16:52,258	764,6	
00:16:52,295	764,5	
00:16:52,332	764,4	
00:16:52,369	764,4	
00:16:52,406	764,3	
00:16:52,443	764,2	
00:16:52,480	764,1	
00:16:52,517	764,1	
00:16:52,554	764,0	
00:16:52,591	763,9	
00:16:52,628	763,8	
00:16:52,665	763,8	
00:16:52,702	763,7	
00:16:52,739	763,6	
00:16:52,776	763,6	
00:16:52,813	763,5	
00:16:52,850	763,4	
00:16:52,887	763,3	
00:16:52,924	763,3	
00:16:52,961	763,2	
00:16:52,998	763,1	
00:16:53,036	763,0	
00:16:53,073	763,0	
00:16:53,110	762,9	
00:16:53,147	762,8	
00:16:53,184	762,7	
00:16:53,221	762,7	
00:16:53,258	762,6	
00:16:53,295	762,5	
00:16:53,332	762,4	
00:16:53,369	762,4	
00:16:53,406	762,3	
00:16:53,443	762,2	
00:16:53,480	762,1	
00:16:53,517	762,1	
00:16:53,554	762,0	
00:16:53,591	761,9	
00:16:53,628	761,9	
00:16:53,665	761,8	
00:16:53,702	761,7	
00:16:53,739	761,6	
00:16:53,776	761,6	
00:16:53,813	761,5	
00:16:53,850	761,4	
00:16:53,887	761,3	
00:16:53,924	761,3	
00:16:53,961	761,2	
00:16:53,998	761,1	
00:16:54,036	761,0	
00:16:54,073	761,0	
00:16:54,110	760,9	
00:16:54,147	760,8	
00:16:54,184	760,7	
00:16:54,221	760,7	
00:16:54,258	760,6	
00:16:54,295	760,5	
00:16:54,332	760,4	
00:16:54,369	760,4	
00:16:54,406	760,3	
00:16:54,443	760,2	
00:16:54,480	760,2	
00:16:54,517	760,1	
00:16:54,554	760,0	
00:16:54,591	759,9	
00:16:54,628	759,9	
00:16:54,665	759,8	
00:16:54,702	759,7	
00:16:54,739	759,6	
00:16:54,776	759,6	
00:16:54,813	759,5	
00:16:54,850	759,4	
00:16:54,887	759,3	
00:16:54,924	759,3	
00:16:54,961	759,2	
00:16:54,998	759,1	
00:16:55,036	759,0	
00:16:55,073	759,0	
00:16:55,110	758,9	
00:16:55,147	758,8	
00:16:55,184	758,7	
00:16:55,221	758,7	
00:16:55,258	758,6	
00:16:55,295	758,5	
00:16:55,332	758,5	
00:16:55,369	758,4	
00:16:55,406	758,3	
00:16:55,443	758,2	
00:16:55,480	758,2	
00:16:55,517	758,1	
00:16:55,554	758,0	
00:16:55,591	757,9	
00:16:55,628	757,9	
00:16:55,665	757,8	
00:16:55,702	757,7	
00:16:55,739	757,6	
00:16:55,776	757,6	
00:16:55,813	757,5	
00:16:55,850	757,4	
00:16:55,887	757,3	
00:16:55,924	757,3	
00:16:55,961	757,2	
00:16:55,998	757,1	
00:16:56,036	757,0	
00:16:56,073	757,0	
00:16:56,110	756,9	
00:16:56,147	756,8	
00:16:56,184	756,8	
00:16:56,221	756,7	
00:16:56,258	756,6	
00:16:56,295	756,5	
00:16:56,332	756,5	
00:16:56,369	756,4	
00:16:56,406	756,3	
00:16:56,443	756,2	
00:16:56,480	756,2	
00:16:56,517	756,1	
00:16:56,554	756,0	
00:16:56,591	755,9	
00:16:56,628	755,9	
00:16:56,665	755,8	
00:16:56,702	755,7	
00:16:56,739	755,6	
00:16:56,776	755,6	
00:16:56,813	755,5	
00:16:56,850	755,4	
00:16:56,887	755,3	
00:16:56,924	755,3	
00:16:56,961	755,2	
00:16:56,998	755,1	
00:16:57,036	755,1	
00:16:57,073	755,0	
00:16:57,110	754,9	
00:16:57,147	754,8	
00:16:57,184	754,8	
00:16:57,221	754,7	
00:16:57,258	754,6	
00:16:57,295	754,5	
00:16:57,332	754,5	
00:16:57,369	754,4	
00:16:57,406	754,3	
00:16:57,443	754,2	
00:16:57,480	754,2	
00:16:57,517	754,1	
00:16:57,554	754,0	
00:16:57,591	753,9	
00:16:57,628	753,9	
00:16:57,665	753,8	
00:16:57,702	753,7	
00:16:57,739	753,6	
00:16:57,776	753,6	
00:16:57,813	753,5	
00:16:57,850	753,4	
00:16:57,887	753,4	
00:16:57,924	753,3	
00:16:57,961	753,3	
00:16:57,998	753,2	
00:16:58,036	753,2	
00:16:58,073	753,1	
00:16:58,110	753,1	
00:16:58,147	753,0	
00:16:58,184	753,0	
00:16:58,221	752,9	
00:16:58,258	752,9	
00:16:58,295	752,8	
00:16:58,332	752,8	
00:16:58,369	752,7	
00:16:58,406	752,7	
00:16:58,443	752,6	
00:16:58,480	752,6	
00:16:58,517	752,5	
00:16:58,554	752,5	
00:16:58,591	752,4	
00:16:58,628	752,4	
00:16:58,665	752,3	
00:16:58,702	752,3	
00:16:58,739	752,2	
00:16:58,776	752,2	
00:16:58,813	752,1	
00:16:58,850	752,1	
00:16:58,887	752,0	
00:16:58,924	752,0	
00:16:58,961	751,9	
00:16:58,998	751,9	
00:16:59,036	751,8	
00:16:59,073	751,7	
00:16:59,110	751,7	
00:16:59,147	751,6	
00:16:59,184	751,6	
00:16:59,221	751,5	
00:16:59,258	751,5	
00:16:59,295	751,4	
00:16:59,332	751,4	
00:16:59,369	751,3	
00:16:59,406	751,3	
00:16:59,443	751,2	
00:16:59,480	751,2	
00:16:59,517	751,1	
00:16:59,554	751,1	
00:16:59,591	751,0	
00:16:59,628	751,0	
00:16:59,665	750,9	
00:16:59,702	750,9	
00:16:59,739	750,8	
00:16:59,776	750,8	
00:16:59,813	750,7	
00:16:59,850	750,7	
00:16:59,887	750,6	
00:16:59,924	750,6	
00:16:59,961	750,5	
00:16:59,998	750,5	
00:17:00,036	750,4	
00:17:00,073	750,4	
00:17:00,110	750,3	
00:17:00,147	750,3	
00:17:00,184	750,2	
00:17:00,221	750,2	
00:17:00,258	750,1	
00:17:00,295	750,0	
00:17:00,332	750,0	
00:17:00,369	749,9	
00:17:00,406	749,9	
00:17:00,443	749,8	
00:17:00,480	749,8	
00:17:00,517	749,7	
00:17:00,554	749,7	
00:17:00,591	749,6	
00:17:00,628	749,6	
00:17:00,665	749,5	
00:17:00,702	749,5	
00:17:00,739	749,4	
00:17:00,776	749,4	
00:17:00,813	749,3	
00:17:00,850	749,3	
00:17:00,887	749,2	
00:17:00,924	749,2	
00:17:00,961	749,1	
00:17:00,998	749,1	
00:17:01,036	749,0	
00:17:01,073	749,0	
00:17:01,110	748,9	
00:17:01,147	748,9	
00:17:01,184	748,8	
00:17:01,221	748,8	
00:17:01,258	748,7	
00:17:01,295	748,7	
00:17:01,332	748,6	
00:17:01,369	748,6	
00:17:01,406	748,5	
00:17:01,443	748,5	
00:17:01,480	748,4	
00:17:01,517	748,4	
00:17:01,554	748,3	
00:17:01,591	748,2	
00:17:01,628	748,2	
00:17:01,665	748,1	
00:17:01,702	748,1	
00:17:01,739	748,0	
00:17:01,776	748,0	
00:17:01,813	747,9	
00:17:01,850	747,9	
00:17:01,887	747,8	
00:17:01,924	747,8	
00:17:01,961	747,7	
00:17:01,998	747,7	
00:17:02,036	747,6	
00:17:02,073	747,6	
00:17:02,110	747,5	
00:17:02,147	747,5	
00:17:02,184	747,4	
00:17:02,221	747,4	
00:17:02,258	747,3	
00:17:02,295	747,3	
00:17:02,332	747,2	
00:17:02,369	747,2	
00:17:02,406	747,1	
00:17:02,443	747,1	
00:17:02,480	747,0	
00:17:02,517	747,0	
00:17:02,554	746,9	
00:17:02,591	746,9	
00:17:02,628	746,8	
00:17:02,665	746,8	
00:17:02,702	746,7	
00:17:02,739	746,7	
00:17:02,776	746,6	
00:17:02,813	746,5	
00:17:02,850	746,5	
00:17:02,887	746,4	
00:17:02,924	746,4	
00:17:02,961	746,3	
00:17:02,998	746,3	
00:17:03,036	746,2	
00:17:03,073	746,2	
00:17:03,110	746,1	
00:17:03,147	746,1	
00:17:03,184	746,0	
00:17:03,221	746,0	
00:17:03,258	745,9	
00:17:03,295	745,9	
00:17:03,332	745,8	
00:17:03,369	745,8	
00:17:03,406	745,7	
00:17:03,443	745,7	
00:17:03,480	745,6	
00:17:03,517	745,6	
00:17:03,554	745,5	
00:17:03,591	745,5	
00:17:03,628	745,4	
00:17:03,665	745,4	
00:17:03,702	745,3	
00:17:03,739	745,3	
00:17:03,776	745,2	
00:17:03,813	745,2	
00:17:03,850	745,1	
00:17:03,887	745,1	
00:17:03,924	745,0	
00:17:03,961	745,0	
00:17:03,998	744,9	
00:17:04,036	744,8	
00:17:04,073	744,8	
00:17:04,110	744,7	
00:17:04,147	744,7	
00:17:04,184	744,6	
00:17:04,221	744,6	
00:17:04,258	744,5	
00:17:04,295	744,5	
00:17:04,332	744,4	
00:17:04,369	744,4	
00:17:04,406	744,3	
00:17:04,443	744,3	
00:17:04,480	744,2	
00:17:04,517	744,2	
00:17:04,554	744,2	
00:17:04,591	744,1	
00:17:04,628	744,0	
00:17:04,665	744,0	
00:17:04,702	744,0	
00:17:04,739	743,9	
00:17:04,776	743,8	
00:17:04,813	743,8	
00:17:04,850	743,8	
00:17:04,887	743,7	
00:17:04,924	743,6	
00:17:04,961	743,6	
00:17:04,998	743,6	
00:17:05,036	743,5	
00:17:05,073	743,4	
00:17:05,110	743,4	
00:17:05,147	743,4	
00:17:05,184	743,3	
00:17:05,221	743,2	
00:17:05,258	743,1	
00:17:05,295	743,1	
00:17:05,332	743,0	
00:17:05,369	743,0	
00:17:05,406	742,9	
00:17:05,443	742,9	
00:17:05,480	742,8	
00:17:05,517	742,8	
00:17:05,554	742,7	
00:17:05,591	742,7	
00:17:05,628	742,7	
00:17:05,665	742,6	
00:17:05,702	742,5	
00:17:05,739	742,5	
00:17:05,776	742,5	
00:17:05,813	742,4	
00:17:05,850	742,3	
00:17:05,887	742,3	
00:17:05,924	742,3	
00:17:05,961	742,2	
00:17:05,998	742,1	
00:17:06,036	742,1	
00:17:06,073	742,1	
00:17:06,110	742,0	
00:17:06,147	741,9	
00:17:06,184	741,9	
00:17:06,221	741,9	
00:17:06,258	741,8	
00:17:06,295	741,7	
00:17:06,332	741,7	
00:17:06,369	741,7	
00:17:06,406	741,6	
00:17:06,443	741,5	
00:17:06,480	741,4	
00:17:06,517	741,4	
00:17:06,554	741,3	
00:17:06,591	741,3	
00:17:06,628	741,2	
00:17:06,665	741,2	
00:17:06,702	741,2	
00:17:06,739	741,1	
00:17:06,776	741,0	
00:17:06,813	741,0	
00:17:06,850	741,0	
00:17:06,887	740,9	
00:17:06,924	740,8	
00:17:06,961	740,8	
00:17:06,998	740,8	
00:17:07,036	740,7	
00:17:07,073	740,6	
00:17:07,110	740,6	
00:17:07,147	740,6	
00:17:07,184	740,5	
00:17:07,221	740,4	
00:17:07,258	740,4	
00:17:07,295	740,4	
00:17:07,332	740,3	
00:17:07,369	740,2	
00:17:07,406	740,2	
00:17:07,443	740,1	
00:17:07,480	740,1	
00:17:07,517	740,0	
00:17:07,554	740,0	
00:17:07,591	739,9	
00:17:07,628	739,9	
00:17:07,665	739,8	
00:17:07,702	739,7	
00:17:07,739	739,7	
00:17:07,776	739,7	
00:17:07,813	739,6	
00:17:07,850	739,5	
00:17:07,887	739,5	
00:17:07,924	739,5	
00:17:07,961	739,4	
00:17:07,998	739,3	
00:17:08,036	739,3	
00:17:08,073	739,3	
00:17:08,110	739,2	
00:17:08,147	739,1	
00:17:08,184	739,1	
00:17:08,221	739,1	
00:17:08,258	739,0	
00:17:08,295	738,9	
00:17:08,332	738,9	
00:17:08,369	738,9	
00:17:08,406	738,8	
00:17:08,443	738,7	
00:17:08,480	738,7	
00:17:08,517	738,6	
00:17:08,554	738,6	
00:17:08,591	738,5	
00:17:08,628	738,5	
00:17:08,665	738,4	
00:17:08,702	738,4	
00:17:08,739	738,3	
00:17:08,776	738,3	
00:17:08,813	738,2	
00:17:08,850	738,2	
00:17:08,887	738,1	
00:17:08,924	738,1	
00:17:08,961	738,0	
00:17:08,998	738,0	
00:17:09,036	737,9	
00:17:09,073	737,8	
00:17:09,110	737,8	
00:17:09,147	737,8	
00:17:09,184	737,7	
00:17:09,221	737,6	
00:17:09,258	737,6	
00:17:09,295	737,6	
00:17:09,332	737,5	
00:17:09,369	737,4	
00:17:09,406	737,4	
00:17:09,443	737,4	
00:17:09,480	737,3	
00:17:09,517	737,2	
00:17:09,554	737,2	
00:17:09,591	737,1	
00:17:09,628	737,1	
00:17:09,665	737,0	
00:17:09,702	737,0	
00:17:09,739	736,9	
00:17:09,776	736,9	
00:17:09,813	736,8	
00:17:09,850	736,8	
00:17:09,887	736,7	
00:17:09,924	736,7	
00:17:09,961	736,6	
00:17:09,998	736,6	
00:17:10,036	736,5	
00:17:10,073	736,5	
00:17:10,110	736,4	
00:17:10,147	736,4	
00:17:10,184	736,3	
00:17:10,221	736,3	
00:17:10,258	736,2	
00:17:10,295	736,1	
00:17:10,332	736,1	
00:17:10,369	736,1	
00:17:10,406	736,0	
00:17:10,443	735,9	
00:17:10,480	735,9	
00:17:10,517	735,9	
00:17:10,554	735,8	
00:17:10,591	735,7	
00:17:10,628	735,7	
00:17:10,665	735,6	
00:17:10,702	735,6	
00:17:10,739	735,5	
00:17:10,776	735,5	
00:17:10,813	735,4	
00:17:10,850	735,4	
00:17:10,887	735,3	
00:17:10,924	735,3	
00:17:10,961	735,2	
00:17:10,998	735,2	
00:17:11,036	735,1	
00:17:11,073	735,1	
00:17:11,110	735,0	
00:17:11,147	735,0	
00:17:11,184	734,9	
00:17:11,221	734,9	
00:17:11,258	734,8	
00:17:11,295	734,8	
00:17:11,332	734,7	
00:17:11,369	734,7	
00:17:11,406	734,6	
00:17:11,443	734,6	
00:17:11,480	734,5	
00:17:11,517	734,4	
00:17:11,554	734,4	
00:17:11,591	734,4	
00:17:11,628	734,3	
00:17:11,665	734,2	
00:17:11,702	734,2	
00:17:11,739	734,1	
00:17:11,776	734,1	
00:17:11,813	734,0	
00:17:11,850	734,0	
00:17:11,887	733,9	
00:17:11,924	733,9	
00:17:11,961	733,8	
00:17:11,998	733,8	
00:17:12,036	733,7	
00:17:12,073	733,7	
00:17:12,110	733,6	
00:17:12,147	733,6	
00:17:12,184	733,5	
00:17:12,221	733,5	
00:17:12,258	733,4	
00:17:12,295	733,4	
00:17:12,332	733,3	
00:17:12,369	733,3	
00:17:12,406	733,2	
00:17:12,443	733,2	
00:17:12,480	733,1	
00:17:12,517	733,1	
00:17:12,554	733,0	
00:17:12,591	733,0	
00:17:12,628	732,9	
00:17:12,665	732,9	
00:17:12,702	732,8	
00:17:12,739	732,8	
00:17:12,776	732,8	
00:17:12,813	732,7	
00:17:12,850	732,7	
00:17:12,887	732,7	
00:17:12,924	732,7	
00:17:12,961	732,6	
00:17:12,998	732,6	
00:17:13,036	732,6	
00:17:13,073	732,5	
00:17:13,110	732,5	
00:17:13,147	732,5	
00:17:13,184	732,4	
00:17:13,221	732,4	
00:17:13,258	732,4	
00:17:13,295	732,4	
00:17:13,332	732,3	
00:17:13,369	732,3	
00:17:13,406	732,2	
00:17:13,443	732,2	
00:17:13,480	732,2	
00:17:13,517	732,2	
00:17:13,554	732,1	
00:17:13,591	732,1	
00:17:13,628	732,1	
00:17:13,665	732,0	
00:17:13,702	732,0	
00:17:13,739	732,0	
00:17:13,776	731,9	
00:17:13,813	731,9	
00:17:13,850	731,9	
00:17:13,887	731,8	
00:17:13,924	731,8	
00:17:13,961	731,8	
00:17:13,998	731,8	
00:17:14,036	731,7	
00:17:14,073	731,7	
00:17:14,110	731,7	
00:17:14,147	731,6	
00:17:14,184	731,6	
00:17:14,221	731,6	
00:17:14,258	731,5	
00:17:14,295	731,5	
00:17:14,332	731,5	
00:17:14,369	731,5	
00:17:14,406	731,4	
00:17:14,443	731,4	
00:17:14,480	731,3	
00:17:14,517	731,3	
00:17:14,554	731,3	
00:17:14,591	731,3	
00:17:14,628	731,2	
00:17:14,665	731,2	
00:17:14,702	731,2	
00:17:14,739	731,1	
00:17:14,776	731,1	
00:17:14,813	731,1	
00:17:14,850	731,0	
00:17:14,887	731,0	
00:17:14,924	731,0	
00:17:14,961	730,9	
00:17:14,998	730,9	
00:17:15,036	730,9	
00:17:15,073	730,8	
00:17:15,110	730,8	
00:17:15,147	730,8	
00:17:15,184	730,8	
00:17:15,221	730,7	
00:17:15,258	730,7	
00:17:15,295	730,7	
00:17:15,332	730,6	
00:17:15,369	730,6	
00:17:15,406	730,6	
00:17:15,443	730,6	
00:17:15,480	730,5	
00:17:15,517	730,5	
00:17:15,554	730,4	
00:17:15,591	730,4	
00:17:15,628	730,4	
00:17:15,665	730,4	
00:17:15,702	730,3	
00:17:15,739	730,3	
00:17:15,776	730,3	
00:17:15,813	730,2	
00:17:15,850	730,2	
00:17:15,887	730,2	
00:17:15,924	730,1	
00:17:15,961	730,1	
00:17:15,998	730,1	
00:17:16,036	730,0	
00:17:16,073	730,0	
00:17:16,110	730,0	
00:17:16,147	729,9	
00:17:16,184	729,9	
00:17:16,221	729,9	
00:17:16,258	729,9	
00:17:16,295	729,8	
00:17:16,332	729,8	
00:17:16,369	729,8	
00:17:16,406	729,7	
00:17:16,443	729,7	
00:17:16,480	729,7	
00:17:16,517	729,7	
00:17:16,554	729,6	
00:17:16,591	729,6	
00:17:16,628	729,5	
00:17:16,665	729,5	
00:17:16,702	729,5	
00:17:16,739	729,5	
00:17:16,776	729,4	
00:17:16,813	729,4	
00:17:16,850	729,4	
00:17:16,887	729,3	
00:17:16,924	729,3	
00:17:16,961	729,3	
00:17:16,998	729,2	
00:17:17,036	729,2	
00:17:17,073	729,2	
00:17:17,110	729,1	
00:17:17,147	729,1	
00:17:17,184	729,1	
00:17:17,221	729,0	
00:17:17,258	729,0	
00:17:17,295	729,0	
00:17:17,332	729,0	
00:17:17,369	728,9	
00:17:17,406	728,9	
00:17:17,443	728,9	
00:17:17,480	728,8	
00:17:17,517	728,8	
00:17:17,554	728,8	
00:17:17,591	728,8	
00:17:17,628	728,7	
00:17:17,665	728,7	
00:17:17,702	728,6	
00:17:17,739	728,6	
00:17:17,776	728,6	
00:17:17,813	728,6	
00:17:17,850	728,5	
00:17:17,887	728,5	
00:17:17,924	728,5	
00:17:17,961	728,4	
00:17:17,998	728,4	
00:17:18,035	728,4	
00:17:18,073	728,3	
00:17:18,110	728,3	
00:17:18,147	728,3	
00:17:18,184	728,2	
00:17:18,221	728,2	
00:17:18,258	728,2	
00:17:18,295	728,1	
00:17:18,332	728,1	
00:17:18,369	728,1	
00:17:18,406	728,1	
00:17:18,443	728,0	
00:17:18,480	728,0	
00:17:18,517	728,0	
00:17:18,554	727,9	
00:17:18,591	727,9	
00:17:18,628	727,9	
00:17:18,665	727,9	
00:17:18,702	727,8	
00:17:18,739	727,8	
00:17:18,776	727,7	
00:17:18,813	727,7	
00:17:18,850	727,7	
00:17:18,887	727,7	
00:17:18,924	727,6	
00:17:18,961	727,6	
00:17:18,998	727,6	
00:17:19,035	727,5	
00:17:19,073	727,5	
00:17:19,110	727,5	
00:17:19,147	727,5	
00:17:19,184	727,4	
00:17:19,221	727,4	
00:17:19,258	727,3	
00:17:19,295	727,3	
00:17:19,332	727,3	
00:17:19,369	727,2	
00:17:19,406	727,2	
00:17:19,443	727,2	
00:17:19,480	727,2	
00:17:19,517	727,1	
00:17:19,554	727,1	
00:17:19,591	727,1	
00:17:19,628	727,0	
00:17:19,665	727,0	
00:17:19,702	727,0	
00:17:19,739	727,0	
00:17:19,776	726,9	
00:17:19,813	726,9	
00:17:19,850	726,8	
00:17:19,887	726,8	
00:17:19,924	726,8	
00:17:19,961	726,7	
00:17:19,998	726,7	
00:17:20,035	726,7	
00:17:20,073	726,7	
00:17:20,110	726,6	
00:17:20,147	726,6	
00:17:20,184	726,6	
00:17:20,221	726,6	
00:17:20,258	726,5	
00:17:20,295	726,5	
00:17:20,332	726,4	
00:17:20,369	726,4	
00:17:20,406	726,4	
00:17:20,443	726,3	
00:17:20,480	726,3	
00:17:20,517	726,3	
00:17:20,554	726,3	
00:17:20,591	726,2	
00:17:20,628	726,2	
00:17:20,665	726,2	
00:17:20,702	726,1	
00:17:20,739	726,1	
00:17:20,776	726,1	
00:17:20,813	726,1	
00:17:20,850	726,0	
00:17:20,887	726,0	
00:17:20,924	725,9	
00:17:20,961	725,9	
00:17:20,998	725,9	
00:17:21,035	725,8	
00:17:21,073	725,8	
00:17:21,110	725,8	
00:17:21,147	725,8	
00:17:21,184	725,7	
00:17:21,221	725,7	
00:17:21,258	725,7	
00:17:21,295	725,7	
00:17:21,332	725,6	
00:17:21,369	725,6	
00:17:21,406	725,5	
00:17:21,443	725,5	
00:17:21,480	725,5	
00:17:21,517	725,4	
00:17:21,554	725,4	
00:17:21,591	725,4	
00:17:21,628	725,4	
00:17:21,665	725,3	
00:17:21,702	725,3	
00:17:21,739	725,3	
00:17:21,776	725,2	
00:17:21,813	725,2	
00:17:21,850	725,2	
00:17:21,887	725,2	
00:17:21,924	725,1	
00:17:21,961	725,1	
00:17:21,998	725,0	
00:17:22,035	725,0	
00:17:22,073	725,0	
00:17:22,110	724,9	
00:17:22,147	724,9	
00:17:22,184	724,9	
00:17:22,221	724,9	
00:17:22,258	724,8	
00:17:22,295	724,8	
00:17:22,332	724,8	
00:17:22,369	724,8	
00:17:22,406	724,7	
00:17:22,443	724,7	
00:17:22,480	724,6	
00:17:22,517	724,6	
00:17:22,554	724,6	
00:17:22,591	724,5	
00:17:22,628	724,5	
00:17:22,665	724,5	
00:17:22,702	724,5	
00:17:22,739	724,4	
00:17:22,776	724,4	
00:17:22,813	724,4	
00:17:22,850	724,3	
00:17:22,887	724,3	
00:17:22,924	724,3	
00:17:22,961	724,3	
00:17:22,998	724,2	
00:17:23,035	724,2	
00:17:23,073	724,1	
00:17:23,110	724,1	
00:17:23,147	724,1	
00:17:23,184	724,0	
00:17:23,221	724,0	
00:17:23,258	724,0	
00:17:23,295	724,0	
00:17:23,332	723,9	
00:17:23,369	723,9	
00:17:23,406	723,9	
00:17:23,443	723,9	
00:17:23,480	723,8	
00:17:23,517	723,8	
00:17:23,554	723,7	
00:17:23,591	723,7	
00:17:23,628	723,7	
00:17:23,665	723,6	
00:17:23,702	723,6	
00:17:23,739	723,6	
00:17:23,776	723,6	
00:17:23,813	723,5	
00:17:23,850	723,5	
00:17:23,887	723,5	
00:17:23,924	723,4	
00:17:23,961	723,4	
00:17:23,998	723,4	
00:17:24,035	723,4	
00:17:24,073	723,3	
00:17:24,110	723,3	
00:17:24,147	723,2	
00:17:24,184	723,2	
00:17:24,221	723,2	
00:17:24,258	723,1	
00:17:24,295	723,1	
00:17:24,332	723,1	
00:17:24,369	723,1	
00:17:24,406	723,0	
00:17:24,443	723,0	
00:17:24,480	723,0	
00:17:24,517	723,0	
00:17:24,554	722,9	
00:17:24,591	722,9	
00:17:24,628	722,8	
00:17:24,665	722,8	
00:17:24,702	722,8	
00:17:24,739	722,7	
00:17:24,776	722,7	
00:17:24,813	722,7	
00:17:24,850	722,6	
00:17:24,887	722,6	
00:17:24,924	722,6	
00:17:24,961	722,6	
00:17:24,998	722,5	
00:17:25,035	722,5	
00:17:25,073	722,5	
00:17:25,110	722,5	
00:17:25,147	722,4	
00:17:25,184	722,4	
00:17:25,221	722,3	
00:17:25,258	722,3	
00:17:25,295	722,3	
00:17:25,332	722,2	
00:17:25,369	722,2	
00:17:25,406	722,2	
00:17:25,443	722,2	
00:17:25,480	722,1	
00:17:25,517	722,1	
00:17:25,554	722,1	
00:17:25,591	722,1	
00:17:25,628	722,0	
00:17:25,665	722,0	
00:17:25,702	721,9	
00:17:25,739	721,9	
00:17:25,776	721,9	
00:17:25,813	721,8	
00:17:25,850	721,8	
00:17:25,887	721,8	
00:17:25,924	721,7	
00:17:25,961	721,7	
00:17:25,998	721,7	
00:17:26,035	721,7	
00:17:26,073	721,6	
00:17:26,110	721,6	
00:17:26,147	721,6	
00:17:26,184	721,6	
00:17:26,221	721,5	
00:17:26,258	721,5	
00:17:26,295	721,4	
00:17:26,332	721,4	
00:17:26,369	721,4	
00:17:26,406	721,3	
00:17:26,443	721,3	
00:17:26,480	721,3	
00:17:26,517	721,3	
00:17:26,554	721,2	
00:17:26,591	721,2	
00:17:26,628	721,2	
00:17:26,665	721,2	
00:17:26,702	721,1	
00:17:26,739	721,1	
00:17:26,776	721,0	
00:17:26,813	721,0	
00:17:26,850	721,0	
00:17:26,887	720,9	
00:17:26,924	720,9	
00:17:26,961	720,9	
00:17:26,998	720,8	
00:17:27,035	720,8	
00:17:27,073	720,8	
00:17:27,110	720,8	
00:17:27,147	720,7	
00:17:27,184	720,7	
00:17:27,221	720,7	
00:17:27,258	720,7	
00:17:27,295	720,6	
00:17:27,332	720,6	
00:17:27,369	720,5	
00:17:27,406	720,5	
00:17:27,443	720,5	
00:17:27,480	720,4	
00:17:27,517	720,4	
00:17:27,554	720,4	
00:17:27,591	720,4	
00:17:27,628	720,3	
00:17:27,665	720,3	
00:17:27,702	720,3	
00:17:27,739	720,3	
00:17:27,776	720,2	
00:17:27,813	720,2	
00:17:27,850	720,1	
00:17:27,887	720,1	
00:17:27,924	720,1	
00:17:27,961	720,0	
00:17:27,998	720,0	
00:17:28,035	720,0	
00:17:28,073	719,9	
00:17:28,110	719,9	
00:17:28,147	719,9	
00:17:28,184	719,9	
00:17:28,221	719,8	
00:17:28,258	719,8	
00:17:28,295	719,8	
00:17:28,332	719,8	
00:17:28,369	719,7	
00:17:28,406	719,7	
00:17:28,443	719,6	
00:17:28,480	719,6	
00:17:28,517	719,6	
00:17:28,554	719,5	
00:17:28,591	719,5	
00:17:28,628	719,5	
00:17:28,665	719,5	
00:17:28,702	719,4	
00:17:28,739	719,4	
00:17:28,776	719,4	
00:17:28,813	719,4	
00:17:28,850	719,3	
00:17:28,887	719,3	
00:17:28,924	719,2	
00:17:28,961	719,2	
00:17:28,998	719,2	
00:17:29,035	719,1	
00:17:29,073	719,1	
00:17:29,110	719,1	
00:17:29,147	719,0	
00:17:29,184	719,0	
00:17:29,221	719,0	
00:17:29,258	719,0	
00:17:29,295	718,9	
00:17:29,332	718,9	
00:17:29,369	718,9	
00:17:29,406	718,9	
00:17:29,443	718,8	
00:17:29,480	718,8	
00:17:29,517	718,7	
00:17:29,554	718,7	
00:17:29,591	718,7	
00:17:29,628	718,6	
00:17:29,665	718,6	
00:17:29,702	718,6	
00:17:29,739	718,6	
00:17:29,776	718,5	
00:17:29,813	718,5	
00:17:29,850	718,5	
00:17:29,887	718,5	
00:17:29,924	718,4	
00:17:29,961	718,4	
00:17:29,998	718,3	
00:17:30,035	718,3	
00:17:30,073	718,3	
00:17:30,110	718,2	
00:17:30,147	718,2	
00:17:30,184	718,2	
00:17:30,221	718,1	
00:17:30,258	718,1	
00:17:30,295	718,1	
00:17:30,332	718,1	
00:17:30,369	718,0	
00:17:30,406	718,0	
00:17:30,443	718,0	
00:17:30,480	717,9	
00:17:30,517	717,9	
00:17:30,554	717,9	
00:17:30,591	717,8	
00:17:30,628	717,8	
00:17:30,665	717,8	
00:17:30,702	717,7	
00:17:30,739	717,7	
00:17:30,776	717,7	
00:17:30,813	717,7	
00:17:30,850	717,6	
00:17:30,887	717,6	
00:17:30,924	717,6	
00:17:30,961	717,6	
00:17:30,998	717,5	
00:17:31,035	717,5	
00:17:31,073	717,4	
00:17:31,110	717,4	
00:17:31,147	717,3	
00:17:31,184	717,3	
00:17:31,221	717,2	
00:17:31,258	717,2	
00:17:31,295	717,0	
00:17:31,332	717,0	
00:17:31,369	716,9	
00:17:31,406	716,9	
00:17:31,443	716,7	
00:17:31,480	716,7	
00:17:31,517	716,6	
00:17:31,554	716,5	
00:17:31,591	716,4	
00:17:31,628	716,4	
00:17:31,665	716,3	
00:17:31,702	716,2	
00:17:31,739	716,2	
00:17:31,776	716,1	
00:17:31,813	716,0	
00:17:31,850	715,9	
00:17:31,887	715,9	
00:17:31,924	715,8	
00:17:31,961	715,7	
00:17:31,998	715,6	
00:17:32,035	715,6	
00:17:32,073	715,5	
00:17:32,110	715,4	
00:17:32,147	715,3	
00:17:32,184	715,3	
00:17:32,221	715,2	
00:17:32,258	715,1	
00:17:32,295	715,0	
00:17:32,332	715,0	
00:17:32,369	714,9	
00:17:32,406	714,8	
00:17:32,443	714,7	
00:17:32,480	714,7	
00:17:32,517	714,6	
00:17:32,554	714,5	
00:17:32,591	714,4	
00:17:32,628	714,4	
00:17:32,665	714,3	
00:17:32,702	714,2	
00:17:32,739	714,2	
00:17:32,776	714,1	
00:17:32,813	714,1	
00:17:32,850	713,9	
00:17:32,887	713,9	
00:17:32,924	713,8	
00:17:32,961	713,8	
00:17:32,998	713,6	
00:17:33,035	713,6	
00:17:33,073	713,5	
00:17:33,110	713,5	
00:17:33,147	713,3	
00:17:33,184	713,3	
00:17:33,221	713,2	
00:17:33,258	713,2	
00:17:33,295	713,0	
00:17:33,332	713,0	
00:17:33,369	712,9	
00:17:33,406	712,9	
00:17:33,443	712,8	
00:17:33,480	712,7	
00:17:33,517	712,6	
00:17:33,554	712,6	
00:17:33,591	712,5	
00:17:33,628	712,4	
00:17:33,665	712,3	
00:17:33,702	712,2	
00:17:33,739	712,2	
00:17:33,776	712,1	
00:17:33,813	712,0	
00:17:33,850	711,9	
00:17:33,887	711,9	
00:17:33,924	711,8	
00:17:33,961	711,7	
00:17:33,998	711,6	
00:17:34,035	711,6	
00:17:34,073	711,5	
00:17:34,110	711,4	
00:17:34,147	711,3	
00:17:34,184	711,3	
00:17:34,221	711,2	
00:17:34,258	711,1	
00:17:34,295	711,1	
00:17:34,332	711,1	
00:17:34,369	710,9	
00:17:34,406	710,8	
00:17:34,443	710,8	
00:17:34,480	710,8	
00:17:34,517	710,6	
00:17:34,554	710,5	
00:17:34,591	710,5	
00:17:34,628	710,5	
00:17:34,665	710,3	
00:17:34,702	710,2	
00:17:34,739	710,2	
00:17:34,776	710,1	
00:17:34,813	710,0	
00:17:34,850	709,9	
00:17:34,887	709,9	
00:17:34,924	709,8	
00:17:34,961	709,8	
00:17:34,998	709,7	
00:17:35,035	709,6	
00:17:35,073	709,5	
00:17:35,110	709,5	
00:17:35,147	709,4	
00:17:35,184	709,3	
00:17:35,221	709,2	
00:17:35,258	709,2	
00:17:35,295	709,1	
00:17:35,332	709,0	
00:17:35,369	708,9	
00:17:35,406	708,9	
00:17:35,443	708,8	
00:17:35,480	708,7	
00:17:35,517	708,6	
00:17:35,554	708,6	
00:17:35,591	708,5	
00:17:35,628	708,4	
00:17:35,665	708,3	
00:17:35,702	708,3	
00:17:35,739	708,2	
00:17:35,776	708,1	
00:17:35,813	708,0	
00:17:35,850	708,0	
00:17:35,887	708,0	
00:17:35,924	707,8	
00:17:35,961	707,7	
00:17:35,998	707,7	
00:17:36,035	707,7	
00:17:36,073	707,5	
00:17:36,110	707,4	
00:17:36,147	707,4	
00:17:36,184	707,4	
00:17:36,221	707,2	
00:17:36,258	707,1	
00:17:36,295	707,1	
00:17:36,332	707,1	
00:17:36,369	706,9	
00:17:36,406	706,8	
00:17:36,443	706,8	
00:17:36,480	706,8	
00:17:36,517	706,6	
00:17:36,554	706,6	
00:17:36,591	706,5	
00:17:36,628	706,5	
00:17:36,665	706,3	
00:17:36,702	706,3	
00:17:36,739	706,2	
00:17:36,776	706,1	
00:17:36,813	706,0	
00:17:36,850	706,0	
00:17:36,887	705,9	
00:17:36,924	705,8	
00:17:36,961	705,8	
00:17:36,998	705,7	
00:17:37,035	705,6	
00:17:37,073	705,5	
00:17:37,110	705,5	
00:17:37,147	705,4	
00:17:37,184	705,3	
00:17:37,221	705,2	
00:17:37,258	705,2	
00:17:37,295	705,1	
00:17:37,332	705,0	
00:17:37,369	704,9	
00:17:37,406	704,9	
00:17:37,443	704,8	
00:17:37,480	704,7	
00:17:37,517	704,6	
00:17:37,554	704,6	
00:17:37,591	704,5	
00:17:37,628	704,4	
00:17:37,665	704,3	
00:17:37,702	704,3	
00:17:37,739	704,2	
00:17:37,776	704,1	
00:17:37,813	704,0	
00:17:37,850	704,0	
00:17:37,887	703,9	
00:17:37,924	703,8	
00:17:37,961	703,8	
00:17:37,998	703,7	
00:17:38,035	703,7	
00:17:38,073	703,5	
00:17:38,110	703,5	
00:17:38,147	703,4	
00:17:38,184	703,4	
00:17:38,221	703,2	
00:17:38,258	703,2	
00:17:38,295	703,1	
00:17:38,332	703,1	
00:17:38,369	702,9	
00:17:38,406	702,9	
00:17:38,443	702,8	
00:17:38,480	702,8	
00:17:38,517	702,6	
00:17:38,554	702,6	
00:17:38,591	702,5	
00:17:38,628	702,5	
00:17:38,665	702,3	
00:17:38,702	702,3	
00:17:38,739	702,2	
00:17:38,776	702,2	
00:17:38,813	702,1	
00:17:38,850	702,0	
00:17:38,887	701,9	
00:17:38,924	701,8	
00:17:38,961	701,8	
00:17:38,998	701,7	
00:17:39,035	701,6	
00:17:39,073	701,5	
00:17:39,110	701,5	
00:17:39,147	701,4	
00:17:39,184	701,3	
00:17:39,221	701,2	
00:17:39,258	701,2	
00:17:39,295	701,1	
00:17:39,332	701,0	
00:17:39,369	700,9	
00:17:39,406	700,9	
00:17:39,443	700,8	
00:17:39,480	700,7	
00:17:39,517	700,7	
00:17:39,554	700,7	
00:17:39,591	700,5	
00:17:39,628	700,4	
00:17:39,665	700,4	
00:17:39,702	700,4	
00:17:39,739	700,2	
00:17:39,776	700,1	
00:17:39,813	700,1	
00:17:39,850	700,1	
00:17:39,887	699,9	
00:17:39,924	699,8	
00:17:39,961	699,8	
00:17:39,998	699,7	
00:17:40,035	699,6	
00:17:40,073	699,5	
00:17:40,110	699,5	
00:17:40,147	699,4	
00:17:40,184	699,4	
00:17:40,221	699,2	
00:17:40,258	699,2	
00:17:40,295	699,1	
00:17:40,332	699,1	
00:17:40,369	699,0	
00:17:40,406	698,9	
00:17:40,443	698,8	
00:17:40,480	698,8	
00:17:40,517	698,7	
00:17:40,554	698,6	
00:17:40,591	698,5	
00:17:40,628	698,5	
00:17:40,665	698,4	
00:17:40,702	698,3	
00:17:40,739	698,2	
00:17:40,776	698,2	
00:17:40,813	698,1	
00:17:40,850	698,0	
00:17:40,887	697,9	
00:17:40,924	697,8	
00:17:40,961	697,8	
00:17:40,998	697,7	
00:17:41,035	697,6	
00:17:41,073	697,5	
00:17:41,110	697,5	
00:17:41,147	697,3	
00:17:41,184	697,1	
00:17:41,221	697,0	
00:17:41,258	697,0	
00:17:41,295	696,8	
00:17:41,332	696,7	
00:17:41,369	696,6	
00:17:41,406	696,6	
00:17:41,443	696,4	
00:17:41,480	696,3	
00:17:41,517	696,2	
00:17:41,554	696,2	
00:17:41,591	695,9	
00:17:41,628	695,8	
00:17:41,665	695,7	
00:17:41,702	695,7	
00:17:41,739	695,5	
00:17:41,776	695,4	
00:17:41,813	695,3	
00:17:41,850	695,3	
00:17:41,887	695,0	
00:17:41,924	694,9	
00:17:41,961	694,8	
00:17:41,998	694,7	
00:17:42,035	694,6	
00:17:42,073	694,5	
00:17:42,110	694,4	
00:17:42,147	694,3	
00:17:42,184	694,3	
00:17:42,221	694,1	
00:17:42,258	693,9	
00:17:42,295	693,8	
00:17:42,332	693,8	
00:17:42,369	693,6	
00:17:42,406	693,5	
00:17:42,443	693,4	
00:17:42,480	693,4	
00:17:42,517	693,2	
00:17:42,554	693,1	
00:17:42,591	692,9	
00:17:42,628	692,9	
00:17:42,665	692,7	
00:17:42,702	692,6	
00:17:42,739	692,5	
00:17:42,776	692,5	
00:17:42,813	692,3	
00:17:42,850	692,2	
00:17:42,887	692,1	
00:17:42,924	692,1	
00:17:42,961	691,8	
00:17:42,998	691,7	
00:17:43,035	691,6	
00:17:43,073	691,5	
00:17:43,110	691,4	
00:17:43,147	691,3	
00:17:43,184	691,2	
00:17:43,221	691,1	
00:17:43,258	691,1	
00:17:43,295	690,8	
00:17:43,332	690,7	
00:17:43,369	690,6	
00:17:43,406	690,6	
00:17:43,443	690,4	
00:17:43,480	690,3	
00:17:43,517	690,2	
00:17:43,554	690,2	
00:17:43,591	690,0	
00:17:43,628	689,9	
00:17:43,665	689,7	
00:17:43,702	689,7	
00:17:43,739	689,5	
00:17:43,776	689,4	
00:17:43,813	689,3	
00:17:43,850	689,3	
00:17:43,887	689,1	
00:17:43,924	689,0	
00:17:43,961	688,9	
00:17:43,998	688,9	
00:17:44,035	688,6	
00:17:44,073	688,5	
00:17:44,110	688,4	
00:17:44,147	688,3	
00:17:44,184	688,2	
00:17:44,221	688,1	
00:17:44,258	688,0	
00:17:44,295	687,9	
00:17:44,332	687,9	
00:17:44,369	687,6	
00:17:44,406	687,5	
00:17:44,443	687,4	
00:17:44,480	687,4	
00:17:44,517	687,2	
00:17:44,554	687,1	
00:17:44,591	687,0	
00:17:44,628	687,0	
00:17:44,665	686,8	
00:17:44,702	686,6	
00:17:44,739	686,5	
00:17:44,776	686,5	
00:17:44,813	686,3	
00:17:44,850	686,2	
00:17:44,887	686,1	
00:17:44,924	686,1	
00:17:44,961	685,9	
00:17:44,998	685,8	
00:17:45,035	685,7	
00:17:45,073	685,7	
00:17:45,110	685,4	
00:17:45,147	685,3	
00:17:45,184	685,2	
00:17:45,221	685,1	
00:17:45,258	685,0	
00:17:45,295	684,9	
00:17:45,332	684,8	
00:17:45,369	684,7	
00:17:45,406	684,7	
00:17:45,443	684,4	
00:17:45,480	684,3	
00:17:45,517	684,2	
00:17:45,554	684,2	
00:17:45,591	684,0	
00:17:45,628	683,9	
00:17:45,665	683,8	
00:17:45,702	683,8	
00:17:45,739	683,6	
00:17:45,776	683,4	
00:17:45,813	683,3	
00:17:45,850	683,3	
00:17:45,887	683,1	
00:17:45,924	683,0	
00:17:45,961	682,9	
00:17:45,998	682,9	
00:17:46,035	682,7	
00:17:46,073	682,6	
00:17:46,110	682,4	
00:17:46,147	682,3	
00:17:46,184	682,2	
00:17:46,221	682,1	
00:17:46,258	682,0	
00:17:46,295	681,9	
00:17:46,332	681,8	
00:17:46,369	681,7	
00:17:46,406	681,6	
00:17:46,443	681,5	
00:17:46,480	681,5	
00:17:46,517	681,2	
00:17:46,554	681,1	
00:17:46,591	681,0	
00:17:46,628	681,0	
00:17:46,665	680,8	
00:17:46,702	680,7	
00:17:46,739	680,6	
00:17:46,776	680,6	
00:17:46,813	680,3	
00:17:46,850	680,2	
00:17:46,887	680,1	
00:17:46,924	680,1	
00:17:46,961	679,9	
00:17:46,998	679,8	
00:17:47,035	679,7	
00:17:47,073	679,7	
00:17:47,110	679,5	
00:17:47,147	679,4	
00:17:47,184	679,2	
00:17:47,221	679,1	
00:17:47,258	679,0	
00:17:47,295	678,9	
00:17:47,332	678,8	
00:17:47,369	678,7	
00:17:47,406	678,7	
00:17:47,443	678,5	
00:17:47,480	678,4	
00:17:47,517	678,2	
00:17:47,554	678,2	
00:17:47,591	678,0	
00:17:47,628	677,9	
00:17:47,665	677,8	
00:17:47,702	677,8	
00:17:47,739	677,6	
00:17:47,776	677,5	
00:17:47,813	677,4	
00:17:47,850	677,4	
00:17:47,887	677,1	
00:17:47,924	677,0	
00:17:47,961	676,9	
00:17:47,998	676,9	
00:17:48,035	676,7	
00:17:48,073	676,6	
00:17:48,110	676,5	
00:17:48,147	676,5	
00:17:48,184	676,3	
00:17:48,221	676,1	
00:17:48,258	676,0	
00:17:48,295	675,9	
00:17:48,332	675,8	
00:17:48,369	675,7	
00:17:48,406	675,6	
00:17:48,443	675,5	
00:17:48,480	675,5	
00:17:48,517	675,3	
00:17:48,554	675,2	
00:17:48,591	675,0	
00:17:48,628	675,0	
00:17:48,665	674,8	
00:17:48,702	674,7	
00:17:48,739	674,6	
00:17:48,776	674,6	
00:17:48,813	674,4	
00:17:48,850	674,3	
00:17:48,887	674,2	
00:17:48,924	674,2	
00:17:48,961	673,9	
00:17:48,998	673,8	
00:17:49,035	673,7	
00:17:49,073	673,7	
00:17:49,110	673,5	
00:17:49,147	673,4	
00:17:49,184	673,3	
00:17:49,221	673,3	
00:17:49,258	673,1	
00:17:49,295	672,9	
00:17:49,332	672,8	
00:17:49,369	672,7	
00:17:49,406	672,6	
00:17:49,443	672,5	
00:17:49,480	672,4	
00:17:49,517	672,3	
00:17:49,554	672,3	
00:17:49,591	672,1	
00:17:49,628	671,9	
00:17:49,665	671,8	
00:17:49,702	671,8	
00:17:49,739	671,6	
00:17:49,776	671,5	
00:17:49,813	671,4	
00:17:49,850	671,4	
00:17:49,887	671,2	
00:17:49,924	671,1	
00:17:49,961	671,0	
00:17:49,998	671,0	
00:17:50,035	670,7	
00:17:50,073	670,6	
00:17:50,110	670,5	
00:17:50,147	670,5	
00:17:50,184	670,3	
00:17:50,221	670,2	
00:17:50,258	670,1	
00:17:50,295	670,1	
00:17:50,332	669,8	
00:17:50,369	669,7	
00:17:50,406	669,6	
00:17:50,443	669,5	
00:17:50,480	669,4	
00:17:50,517	669,3	
00:17:50,554	669,2	
00:17:50,591	669,1	
00:17:50,628	669,1	
00:17:50,665	668,9	
00:17:50,702	668,7	
00:17:50,739	668,6	
00:17:50,776	668,6	
00:17:50,813	668,4	
00:17:50,850	668,3	
00:17:50,887	668,2	
00:17:50,924	668,2	
00:17:50,961	668,0	
00:17:50,998	667,9	
00:17:51,035	667,8	
00:17:51,073	667,8	
00:17:51,110	667,6	
00:17:51,147	667,5	
00:17:51,184	667,4	
00:17:51,221	667,4	
00:17:51,258	667,2	
00:17:51,295	667,1	
00:17:51,332	667,0	
00:17:51,369	667,0	
00:17:51,406	666,8	
00:17:51,443	666,7	
00:17:51,480	666,5	
00:17:51,517	666,4	
00:17:51,554	666,3	
00:17:51,591	666,2	
00:17:51,628	666,1	
00:17:51,665	666,0	
00:17:51,702	666,0	
00:17:51,739	665,8	
00:17:51,776	665,7	
00:17:51,813	665,6	
00:17:51,850	665,6	
00:17:51,887	665,4	
00:17:51,924	665,3	
00:17:51,961	665,2	
00:17:51,998	665,2	
00:17:52,035	665,0	
00:17:52,073	664,9	
00:17:52,110	664,8	
00:17:52,147	664,8	
00:17:52,184	664,6	
00:17:52,221	664,5	
00:17:52,258	664,4	
00:17:52,295	664,4	
00:17:52,332	664,2	
00:17:52,369	664,1	
00:17:52,406	664,0	
00:17:52,443	663,9	
00:17:52,480	663,8	
00:17:52,517	663,7	
00:17:52,554	663,6	
00:17:52,591	663,5	
00:17:52,628	663,5	
00:17:52,665	663,3	
00:17:52,702	663,2	
00:17:52,739	663,0	
00:17:52,776	663,0	
00:17:52,813	662,8	
00:17:52,850	662,7	
00:17:52,887	662,6	
00:17:52,924	662,6	
00:17:52,961	662,4	
00:17:52,998	662,3	
00:17:53,035	662,2	
00:17:53,073	662,2	
00:17:53,110	662,0	
00:17:53,147	661,9	
00:17:53,184	661,8	
00:17:53,221	661,8	
00:17:53,258	661,6	
00:17:53,295	661,5	
00:17:53,332	661,4	
00:17:53,369	661,4	
00:17:53,406	661,2	
00:17:53,443	661,1	
00:17:53,480	661,0	
00:17:53,517	660,9	
00:17:53,554	660,8	
00:17:53,591	660,7	
00:17:53,628	660,6	
00:17:53,665	660,5	
00:17:53,702	660,5	
00:17:53,739	660,3	
00:17:53,776	660,2	
00:17:53,813	660,1	
00:17:53,850	660,1	
00:17:53,887	659,9	
00:17:53,924	659,8	
00:17:53,961	659,6	
00:17:53,998	659,6	
00:17:54,035	659,4	
00:17:54,073	659,3	
00:17:54,110	659,2	
00:17:54,147	659,2	
00:17:54,184	659,0	
00:17:54,221	658,9	
00:17:54,258	658,8	
00:17:54,295	658,8	
00:17:54,332	658,6	
00:17:54,369	658,5	
00:17:54,406	658,4	
00:17:54,443	658,4	
00:17:54,480	658,2	
00:17:54,517	658,1	
00:17:54,554	658,0	
00:17:54,591	657,9	
00:17:54,628	657,8	
00:17:54,665	657,7	
00:17:54,702	657,6	
00:17:54,739	657,5	
00:17:54,776	657,5	
00:17:54,813	657,3	
00:17:54,850	657,2	
00:17:54,887	657,1	
00:17:54,924	657,1	
00:17:54,961	656,9	
00:17:54,998	656,8	
00:17:55,035	656,7	
00:17:55,072	656,7	
00:17:55,110	656,5	
00:17:55,147	656,4	
00:17:55,184	656,2	
00:17:55,221	656,2	
00:17:55,258	656,0	
00:17:55,295	655,9	
00:17:55,332	655,8	
00:17:55,369	655,8	
00:17:55,406	655,6	
00:17:55,443	655,5	
00:17:55,480	655,4	
00:17:55,517	655,4	
00:17:55,554	655,2	
00:17:55,591	655,1	
00:17:55,628	655,0	
00:17:55,665	654,9	
00:17:55,702	654,8	
00:17:55,739	654,7	
00:17:55,776	654,6	
00:17:55,813	654,5	
00:17:55,850	654,5	
00:17:55,887	654,3	
00:17:55,924	654,2	
00:17:55,961	654,1	
00:17:55,998	654,1	
00:17:56,035	653,9	
00:17:56,072	653,8	
00:17:56,110	653,7	
00:17:56,147	653,7	
00:17:56,184	653,5	
00:17:56,221	653,4	
00:17:56,258	653,3	
00:17:56,295	653,3	
00:17:56,332	653,1	
00:17:56,369	653,0	
00:17:56,406	652,9	
00:17:56,443	652,9	
00:17:56,480	652,6	
00:17:56,517	652,5	
00:17:56,554	652,4	
00:17:56,591	652,4	
00:17:56,628	652,2	
00:17:56,665	652,1	
00:17:56,702	652,0	
00:17:56,739	651,9	
00:17:56,776	651,8	
00:17:56,813	651,7	
00:17:56,850	651,6	
00:17:56,887	651,5	
00:17:56,924	651,5	
00:17:56,961	651,3	
00:17:56,998	651,2	
00:17:57,035	651,1	
00:17:57,072	651,1	
00:17:57,110	650,9	
00:17:57,147	650,8	
00:17:57,184	650,7	
00:17:57,221	650,7	
00:17:57,258	650,5	
00:17:57,295	650,4	
00:17:57,332	650,3	
00:17:57,369	650,3	
00:17:57,406	650,1	
00:17:57,443	650,0	
00:17:57,480	649,9	
00:17:57,517	649,9	
00:17:57,554	649,7	
00:17:57,591	649,6	
00:17:57,628	649,5	
00:17:57,665	649,3	
00:17:57,702	649,2	
00:17:57,739	649,1	
00:17:57,776	649,0	
00:17:57,813	648,9	
00:17:57,850	648,9	
00:17:57,887	648,7	
00:17:57,924	648,6	
00:17:57,961	648,5	
00:17:57,998	648,5	
00:17:58,035	648,3	
00:17:58,072	648,2	
00:17:58,110	648,1	
00:17:58,147	648,1	
00:17:58,184	647,9	
00:17:58,221	647,8	
00:17:58,258	647,7	
00:17:58,295	647,7	
00:17:58,332	647,5	
00:17:58,369	647,4	
00:17:58,406	647,3	
00:17:58,443	647,3	
00:17:58,480	647,1	
00:17:58,517	647,0	
00:17:58,554	646,9	
00:17:58,591	646,9	
00:17:58,628	646,7	
00:17:58,665	646,6	
00:17:58,702	646,5	
00:17:58,739	646,4	
00:17:58,776	646,3	
00:17:58,813	646,2	
00:17:58,850	646,1	
00:17:58,887	645,9	
00:17:58,924	645,9	
00:17:58,961	645,7	
00:17:58,998	645,6	
00:17:59,035	645,5	
00:17:59,072	645,5	
00:17:59,110	645,3	
00:17:59,147	645,2	
00:17:59,184	645,1	
00:17:59,221	645,1	
00:17:59,258	644,9	
00:17:59,295	644,8	
00:17:59,332	644,7	
00:17:59,369	644,7	
00:17:59,406	644,5	
00:17:59,443	644,4	
00:17:59,480	644,3	
00:17:59,517	644,3	
00:17:59,554	644,1	
00:17:59,591	644,0	
00:17:59,628	643,9	
00:17:59,665	643,9	
00:17:59,702	643,7	
00:17:59,739	643,6	
00:17:59,776	643,5	
00:17:59,813	643,4	
00:17:59,850	643,3	
00:17:59,887	643,2	
00:17:59,924	643,1	
00:17:59,961	643,0	
00:17:59,998	643,0	
00:18:00,035	642,8	
00:18:00,072	642,7	
00:18:00,110	642,6	
00:18:00,147	642,6	
00:18:00,184	642,3	
00:18:00,221	642,2	
00:18:00,258	642,1	
00:18:00,295	642,1	
00:18:00,332	641,9	
00:18:00,369	641,8	
00:18:00,406	641,7	
00:18:00,443	641,7	
00:18:00,480	641,5	
00:18:00,517	641,4	
00:18:00,554	641,3	
00:18:00,591	641,3	
00:18:00,628	641,1	
00:18:00,665	641,0	
00:18:00,702	640,9	
00:18:00,739	640,9	
00:18:00,776	640,7	
00:18:00,813	640,6	
00:18:00,850	640,5	
00:18:00,887	640,4	
00:18:00,924	640,3	
00:18:00,961	640,2	
00:18:00,998	640,1	
00:18:01,035	640,0	
00:18:01,072	640,0	
00:18:01,110	639,8	
00:18:01,147	639,7	
00:18:01,184	639,6	
00:18:01,221	639,6	
00:18:01,258	639,4	
00:18:01,295	639,3	
00:18:01,332	639,2	
00:18:01,369	639,2	
00:18:01,406	638,9	
00:18:01,443	638,8	
00:18:01,480	638,7	
00:18:01,517	638,7	
00:18:01,554	638,5	
00:18:01,591	638,4	
00:18:01,628	638,3	
00:18:01,665	638,3	
00:18:01,702	638,1	
00:18:01,739	638,0	
00:18:01,776	637,9	
00:18:01,813	637,9	
00:18:01,850	637,7	
00:18:01,887	637,6	
00:18:01,924	637,5	
00:18:01,961	637,4	
00:18:01,998	637,3	
00:18:02,035	637,2	
00:18:02,072	637,1	
00:18:02,110	637,0	
00:18:02,147	637,0	
00:18:02,184	636,8	
00:18:02,221	636,7	
00:18:02,258	636,6	
00:18:02,295	636,6	
00:18:02,332	636,4	
00:18:02,369	636,3	
00:18:02,406	636,2	
00:18:02,443	636,2	
00:18:02,480	636,0	
00:18:02,517	635,9	
00:18:02,554	635,8	
00:18:02,591	635,8	
00:18:02,628	635,5	
00:18:02,665	635,4	
00:18:02,702	635,3	
00:18:02,739	635,3	
00:18:02,776	635,1	
00:18:02,813	635,0	
00:18:02,850	634,9	
00:18:02,887	634,8	
00:18:02,924	634,7	
00:18:02,961	634,6	
00:18:02,998	634,5	
00:18:03,035	634,4	
00:18:03,072	634,3	
00:18:03,110	634,2	
00:18:03,147	634,1	
00:18:03,184	634,0	
00:18:03,221	634,0	
00:18:03,258	633,8	
00:18:03,295	633,7	
00:18:03,332	633,6	
00:18:03,369	633,6	
00:18:03,406	633,4	
00:18:03,443	633,3	
00:18:03,480	633,2	
00:18:03,517	633,2	
00:18:03,554	633,0	
00:18:03,591	632,9	
00:18:03,628	632,8	
00:18:03,665	632,8	
00:18:03,702	632,6	
00:18:03,739	632,5	
00:18:03,776	632,4	
00:18:03,813	632,4	
00:18:03,850	632,1	
00:18:03,887	632,0	
00:18:03,924	631,9	
00:18:03,961	631,8	
00:18:03,998	631,7	
00:18:04,035	631,6	
00:18:04,072	631,5	
00:18:04,110	631,4	
00:18:04,147	631,4	
00:18:04,184	631,2	
00:18:04,221	631,1	
00:18:04,258	631,0	
00:18:04,295	631,0	
00:18:04,332	630,8	
00:18:04,369	630,7	
00:18:04,406	630,6	
00:18:04,443	630,6	
00:18:04,480	630,4	
00:18:04,517	630,3	
00:18:04,554	630,2	
00:18:04,591	630,2	
00:18:04,628	630,0	
00:18:04,665	629,9	
00:18:04,702	629,8	
00:18:04,739	629,8	
00:18:04,776	629,6	
00:18:04,813	629,5	
00:18:04,850	629,4	
00:18:04,887	629,4	
00:18:04,924	629,2	
00:18:04,961	629,1	
00:18:04,998	629,0	
00:18:05,035	628,9	
00:18:05,072	628,7	
00:18:05,110	628,6	
00:18:05,147	628,5	
00:18:05,184	628,4	
00:18:05,221	628,4	
00:18:05,258	628,2	
00:18:05,295	628,1	
00:18:05,332	628,0	
00:18:05,369	628,0	
00:18:05,406	627,8	
00:18:05,443	627,7	
00:18:05,480	627,6	
00:18:05,517	627,6	
00:18:05,554	627,4	
00:18:05,591	627,3	
00:18:05,628	627,2	
00:18:05,665	627,2	
00:18:05,702	627,0	
00:18:05,739	626,9	
00:18:05,776	626,8	
00:18:05,813	626,8	
00:18:05,850	626,6	
00:18:05,887	626,5	
00:18:05,924	626,4	
00:18:05,961	626,4	
00:18:05,998	626,2	
00:18:06,035	626,1	
00:18:06,072	626,0	
00:18:06,110	625,9	
00:18:06,147	625,8	
00:18:06,184	625,7	
00:18:06,221	625,6	
00:18:06,258	625,5	
00:18:06,295	625,5	
00:18:06,332	625,2	
00:18:06,369	625,1	
00:18:06,406	625,0	
00:18:06,443	625,0	
00:18:06,480	624,8	
00:18:06,517	624,7	
00:18:06,554	624,6	
00:18:06,591	624,6	
00:18:06,628	624,4	
00:18:06,665	624,3	
00:18:06,702	624,2	
00:18:06,739	624,2	
00:18:06,776	624,0	
00:18:06,813	623,9	
00:18:06,850	623,8	
00:18:06,887	623,8	
00:18:06,924	623,6	
00:18:06,961	623,5	
00:18:06,998	623,4	
00:18:07,035	623,4	
00:18:07,072	623,2	
00:18:07,110	623,1	
00:18:07,147	623,0	
00:18:07,184	622,9	
00:18:07,221	622,8	
00:18:07,258	622,7	
00:18:07,295	622,6	
00:18:07,332	622,5	
00:18:07,369	622,5	
00:18:07,406	622,3	
00:18:07,443	622,2	
00:18:07,480	622,1	
00:18:07,517	622,1	
00:18:07,554	621,8	
00:18:07,591	621,7	
00:18:07,628	621,6	
00:18:07,665	621,6	
00:18:07,702	621,4	
00:18:07,739	621,3	
00:18:07,776	621,2	
00:18:07,813	621,2	
00:18:07,850	621,0	
00:18:07,887	620,9	
00:18:07,924	620,8	
00:18:07,961	620,8	
00:18:07,998	620,6	
00:18:08,035	620,5	
00:18:08,072	620,4	
00:18:08,110	620,4	
00:18:08,147	620,2	
00:18:08,184	620,1	
00:18:08,221	620,0	
00:18:08,258	620,0	
00:18:08,295	619,9	
00:18:08,332	619,8	
00:18:08,369	619,7	
00:18:08,406	619,6	
00:18:08,443	619,6	
00:18:08,480	619,5	
00:18:08,517	619,4	
00:18:08,554	619,3	
00:18:08,591	619,3	
00:18:08,628	619,2	
00:18:08,665	619,1	
00:18:08,702	619,0	
00:18:08,739	619,0	
00:18:08,776	618,9	
00:18:08,813	618,8	
00:18:08,850	618,7	
00:18:08,887	618,7	
00:18:08,924	618,5	
00:18:08,961	618,5	
00:18:08,998	618,4	
00:18:09,035	618,4	
00:18:09,072	618,2	
00:18:09,110	618,1	
00:18:09,147	618,1	
00:18:09,184	618,0	
00:18:09,221	617,9	
00:18:09,258	617,8	
00:18:09,295	617,7	
00:18:09,332	617,7	
00:18:09,369	617,7	
00:18:09,406	617,5	
00:18:09,443	617,4	
00:18:09,480	617,3	
00:18:09,517	617,3	
00:18:09,554	617,2	
00:18:09,591	617,1	
00:18:09,628	617,0	
00:18:09,665	617,0	
00:18:09,702	616,9	
00:18:09,739	616,8	
00:18:09,776	616,7	
00:18:09,813	616,7	
00:18:09,850	616,5	
00:18:09,887	616,5	
00:18:09,924	616,4	
00:18:09,961	616,4	
00:18:09,998	616,2	
00:18:10,035	616,2	
00:18:10,072	616,1	
00:18:10,110	616,1	
00:18:10,147	615,9	
00:18:10,184	615,8	
00:18:10,221	615,8	
00:18:10,258	615,7	
00:18:10,295	615,6	
00:18:10,332	615,5	
00:18:10,369	615,4	
00:18:10,406	615,4	
00:18:10,443	615,4	
00:18:10,480	615,2	
00:18:10,517	615,1	
00:18:10,554	615,0	
00:18:10,591	615,0	
00:18:10,628	614,9	
00:18:10,665	614,8	
00:18:10,702	614,7	
00:18:10,739	614,7	
00:18:10,776	614,6	
00:18:10,813	614,5	
00:18:10,850	614,4	
00:18:10,887	614,4	
00:18:10,924	614,2	
00:18:10,961	614,2	
00:18:10,998	614,1	
00:18:11,035	614,1	
00:18:11,072	613,9	
00:18:11,110	613,8	
00:18:11,147	613,8	
00:18:11,184	613,8	
00:18:11,221	613,6	
00:18:11,258	613,5	
00:18:11,295	613,5	
00:18:11,332	613,4	
00:18:11,369	613,3	
00:18:11,406	613,2	
00:18:11,443	613,1	
00:18:11,480	613,1	
00:18:11,517	613,1	
00:18:11,554	612,9	
00:18:11,591	612,8	
00:18:11,628	612,7	
00:18:11,665	612,7	
00:18:11,702	612,6	
00:18:11,739	612,5	
00:18:11,776	612,4	
00:18:11,813	612,4	
00:18:11,850	612,3	
00:18:11,887	612,2	
00:18:11,924	612,1	
00:18:11,961	612,1	
00:18:11,998	611,9	
00:18:12,035	611,9	
00:18:12,072	611,8	
00:18:12,110	611,8	
00:18:12,147	611,6	
00:18:12,184	611,5	
00:18:12,221	611,5	
00:18:12,258	611,5	
00:18:12,295	611,3	
00:18:12,332	611,2	
00:18:12,369	611,1	
00:18:12,406	611,1	
00:18:12,443	611,0	
00:18:12,480	610,9	
00:18:12,517	610,8	
00:18:12,554	610,8	
00:18:12,591	610,8	
00:18:12,628	610,6	
00:18:12,665	610,5	
00:18:12,702	610,4	
00:18:12,739	610,4	
00:18:12,776	610,3	
00:18:12,813	610,2	
00:18:12,850	610,1	
00:18:12,887	610,1	
00:18:12,924	610,0	
00:18:12,961	609,9	
00:18:12,998	609,8	
00:18:13,035	609,8	
00:18:13,072	609,6	
00:18:13,110	609,6	
00:18:13,147	609,5	
00:18:13,184	609,5	
00:18:13,221	609,3	
00:18:13,258	609,2	
00:18:13,295	609,2	
00:18:13,332	609,2	
00:18:13,369	609,0	
00:18:13,406	608,9	
00:18:13,443	608,8	
00:18:13,480	608,8	
00:18:13,517	608,7	
00:18:13,554	608,6	
00:18:13,591	608,5	
00:18:13,628	608,4	
00:18:13,665	608,4	
00:18:13,702	608,3	
00:18:13,739	608,2	
00:18:13,776	608,1	
00:18:13,813	608,1	
00:18:13,850	608,0	
00:18:13,887	607,9	
00:18:13,924	607,8	
00:18:13,961	607,8	
00:18:13,998	607,7	
00:18:14,035	607,6	
00:18:14,072	607,5	
00:18:14,110	607,5	
00:18:14,147	607,3	
00:18:14,184	607,3	
00:18:14,221	607,2	
00:18:14,258	607,2	
00:18:14,295	607,0	
00:18:14,332	606,9	
00:18:14,369	606,9	
00:18:14,406	606,8	
00:18:14,443	606,7	
00:18:14,480	606,6	
00:18:14,517	606,5	
00:18:14,554	606,5	
00:18:14,591	606,5	
00:18:14,628	606,3	
00:18:14,665	606,2	
00:18:14,702	606,1	
00:18:14,739	606,1	
00:18:14,776	606,0	
00:18:14,813	605,9	
00:18:14,850	605,8	
00:18:14,887	605,8	
00:18:14,924	605,7	
00:18:14,961	605,6	
00:18:14,998	605,5	
00:18:15,035	605,5	
00:18:15,072	605,4	
00:18:15,110	605,3	
00:18:15,147	605,2	
00:18:15,184	605,2	
00:18:15,221	605,0	
00:18:15,258	605,0	
00:18:15,295	604,9	
00:18:15,332	604,9	
00:18:15,369	604,7	
00:18:15,406	604,6	
00:18:15,443	604,6	
00:18:15,480	604,5	
00:18:15,517	604,4	
00:18:15,554	604,3	
00:18:15,591	604,2	
00:18:15,628	604,2	
00:18:15,665	604,2	
00:18:15,702	604,0	
00:18:15,739	603,9	
00:18:15,776	603,8	
00:18:15,813	603,8	
00:18:15,850	603,7	
00:18:15,887	603,6	
00:18:15,924	603,5	
00:18:15,961	603,5	
00:18:15,998	603,4	
00:18:16,035	603,3	
00:18:16,072	603,2	
00:18:16,110	603,2	
00:18:16,147	603,0	
00:18:16,184	603,0	
00:18:16,221	602,9	
00:18:16,258	602,9	
00:18:16,295	602,7	
00:18:16,332	602,7	
00:18:16,369	602,6	
00:18:16,406	602,6	
00:18:16,443	602,4	
00:18:16,480	602,3	
00:18:16,517	602,3	
00:18:16,554	602,2	
00:18:16,591	602,1	
00:18:16,628	602,0	
00:18:16,665	601,9	
00:18:16,702	601,9	
00:18:16,739	601,9	
00:18:16,776	601,7	
00:18:16,813	601,1	
00:18:16,850	600,6	
00:18:16,887	600,6	
00:18:16,924	599,5	
00:18:16,961	598,9	
00:18:16,998	598,3	
00:18:17,035	598,3	
00:18:17,072	597,2	
00:18:17,110	596,7	
00:18:17,147	596,1	
00:18:17,184	596,1	
00:18:17,221	595,0	
00:18:17,258	594,4	
00:18:17,295	593,9	
00:18:17,332	593,9	
00:18:17,369	592,8	
00:18:17,406	592,2	
00:18:17,443	591,6	
00:18:17,480	591,6	
00:18:17,517	590,5	
00:18:17,554	590,0	
00:18:17,591	589,4	
00:18:17,628	588,9	
00:18:17,665	588,3	
00:18:17,702	587,7	
00:18:17,739	587,2	
00:18:17,776	586,6	
00:18:17,813	586,6	
00:18:17,850	585,5	
00:18:17,887	584,9	
00:18:17,924	584,4	
00:18:17,961	584,4	
00:18:17,998	583,3	
00:18:18,035	582,7	
00:18:18,072	582,1	
00:18:18,110	582,1	
00:18:18,147	581,0	
00:18:18,184	580,5	
00:18:18,221	579,9	
00:18:18,258	579,9	
00:18:18,295	578,8	
00:18:18,332	578,2	
00:18:18,369	577,7	
00:18:18,406	577,7	
00:18:18,443	576,6	
00:18:18,480	576,0	
00:18:18,517	575,4	
00:18:18,554	575,4	
00:18:18,591	574,3	
00:18:18,628	573,8	
00:18:18,665	573,2	
00:18:18,702	572,7	
00:18:18,739	572,1	
00:18:18,776	571,5	
00:18:18,813	571,0	
00:18:18,850	570,4	
00:18:18,887	570,4	
00:18:18,924	569,3	
00:18:18,961	568,7	
00:18:18,998	568,2	
00:18:19,035	568,2	
00:18:19,072	567,1	
00:18:19,110	566,5	
00:18:19,147	565,9	
00:18:19,184	565,9	
00:18:19,221	564,8	
00:18:19,258	564,3	
00:18:19,295	563,7	
00:18:19,332	563,7	
00:18:19,369	562,6	
00:18:19,406	562,0	
00:18:19,443	561,5	
00:18:19,480	561,5	
00:18:19,517	560,4	
00:18:19,554	559,8	
00:18:19,591	559,2	
00:18:19,628	558,7	
00:18:19,665	558,1	
00:18:19,702	557,6	
00:18:19,739	557,0	
00:18:19,776	556,4	
00:18:19,813	555,9	
00:18:19,850	555,3	
00:18:19,887	554,8	
00:18:19,924	554,2	
00:18:19,961	554,2	
00:18:19,998	553,1	
00:18:20,035	552,5	
00:18:20,072	552,0	
00:18:20,110	552,0	
00:18:20,147	550,9	
00:18:20,184	550,3	
00:18:20,221	549,7	
00:18:20,258	549,7	
00:18:20,295	548,6	
00:18:20,332	548,1	
00:18:20,369	547,5	
00:18:20,406	547,5	
00:18:20,443	546,4	
00:18:20,480	545,8	
00:18:20,517	545,3	
00:18:20,554	545,3	
00:18:20,591	544,2	
00:18:20,628	543,6	
00:18:20,665	543,0	
00:18:20,702	542,5	
00:18:20,739	541,9	
00:18:20,776	541,4	
00:18:20,813	540,8	
00:18:20,850	540,2	
00:18:20,887	540,2	
00:18:20,924	539,1	
00:18:20,961	538,6	
00:18:20,998	538,0	
00:18:21,035	538,0	
00:18:21,072	536,9	
00:18:21,110	536,3	
00:18:21,147	535,8	
00:18:21,184	535,8	
00:18:21,221	534,7	
00:18:21,258	534,1	
00:18:21,295	533,5	
00:18:21,332	533,5	
00:18:21,369	532,4	
00:18:21,406	531,9	
00:18:21,443	531,3	
00:18:21,480	531,3	
00:18:21,517	530,2	
00:18:21,554	529,6	
00:18:21,591	529,1	
00:18:21,628	529,1	
00:18:21,665	528,0	
00:18:21,702	527,4	
00:18:21,739	526,8	
00:18:21,776	526,3	
00:18:21,813	525,7	
00:18:21,850	525,2	
00:18:21,887	524,6	
00:18:21,924	524,0	
00:18:21,961	524,0	
00:18:21,998	522,9	
00:18:22,035	522,4	
00:18:22,072	521,8	
00:18:22,110	521,8	
00:18:22,147	520,7	
00:18:22,184	520,1	
00:18:22,221	519,6	
00:18:22,258	519,6	
00:18:22,295	518,5	
00:18:22,332	517,9	
00:18:22,369	517,3	
00:18:22,406	517,3	
00:18:22,443	516,2	
00:18:22,480	515,7	
00:18:22,517	515,1	
00:18:22,554	515,1	
00:18:22,591	514,0	
00:18:22,628	513,4	
00:18:22,665	512,9	
00:18:22,702	512,9	
00:18:22,739	511,8	
00:18:22,776	511,2	
00:18:22,813	510,6	
00:18:22,850	510,1	
00:18:22,887	509,5	
00:18:22,924	509,0	
00:18:22,961	508,4	
00:18:22,998	507,8	
00:18:23,035	507,8	
00:18:23,072	506,7	
00:18:23,110	506,2	
00:18:23,147	505,6	
00:18:23,184	505,6	
00:18:23,221	504,5	
00:18:23,258	503,9	
00:18:23,295	503,4	
00:18:23,332	503,4	
00:18:23,369	502,3	
00:18:23,406	501,7	
00:18:23,443	501,1	
00:18:23,480	501,1	
00:18:23,517	500,0	
00:18:23,554	499,5	
00:18:23,591	498,9	
00:18:23,628	498,9	
00:18:23,665	497,8	
00:18:23,702	497,2	
00:18:23,739	496,7	
00:18:23,776	496,7	
00:18:23,813	495,6	
00:18:23,850	495,0	
00:18:23,887	494,4	
00:18:23,924	493,9	
00:18:23,961	493,3	
00:18:23,998	492,8	
00:18:24,035	492,2	
00:18:24,072	491,6	
00:18:24,110	491,6	
00:18:24,147	490,5	
00:18:24,184	490,0	
00:18:24,221	489,4	
00:18:24,258	489,4	
00:18:24,295	488,3	
00:18:24,332	487,7	
00:18:24,369	487,2	
00:18:24,406	487,2	
00:18:24,443	486,1	
00:18:24,480	485,5	
00:18:24,517	484,9	
00:18:24,554	484,9	
00:18:24,591	483,8	
00:18:24,628	483,3	
00:18:24,665	482,7	
00:18:24,702	482,7	
00:18:24,739	481,6	
00:18:24,776	481,0	
00:18:24,813	480,5	
00:18:24,850	480,5	
00:18:24,887	479,4	
00:18:24,924	478,8	
00:18:24,961	478,2	
00:18:24,998	477,7	
00:18:25,035	477,1	
00:18:25,072	476,6	
00:18:25,110	476,0	
00:18:25,147	475,4	
00:18:25,184	475,4	
00:18:25,221	474,3	
00:18:25,258	473,8	
00:18:25,295	473,2	
00:18:25,332	473,2	
00:18:25,369	472,1	
00:18:25,406	471,5	
00:18:25,443	471,0	
00:18:25,480	471,0	
00:18:25,517	469,9	
00:18:25,554	469,3	
00:18:25,591	468,7	
00:18:25,628	468,7	
00:18:25,665	467,6	
00:18:25,702	467,1	
00:18:25,739	466,5	
00:18:25,776	466,5	
00:18:25,813	465,4	
00:18:25,850	464,8	
00:18:25,887	464,3	
00:18:25,924	463,7	
00:18:25,961	463,2	
00:18:25,998	462,6	
00:18:26,035	462,0	
00:18:26,072	461,5	
00:18:26,110	461,5	
00:18:26,147	460,4	
00:18:26,184	459,8	
00:18:26,221	459,2	
00:18:26,258	459,2	
00:18:26,295	458,1	
00:18:26,332	457,6	
00:18:26,369	457,0	
00:18:26,406	457,0	
00:18:26,443	455,9	
00:18:26,480	455,3	
00:18:26,517	454,8	
00:18:26,554	454,8	
00:18:26,591	453,7	
00:18:26,628	453,1	
00:18:26,665	453,2	
00:18:26,702	453,2	
00:18:26,739	453,4	
00:18:26,776	453,5	
00:18:26,813	453,6	
00:18:26,850	453,6	
00:18:26,887	453,8	
00:18:26,924	454,0	
00:18:26,961	454,1	
00:18:26,998	454,2	
00:18:27,035	454,3	
00:18:27,072	454,4	
00:18:27,110	454,5	
00:18:27,147	454,6	
00:18:27,184	454,6	
00:18:27,221	454,8	
00:18:27,258	454,9	
00:18:27,295	455,0	
00:18:27,332	455,0	
00:18:27,369	455,2	
00:18:27,406	455,3	
00:18:27,443	455,5	
00:18:27,480	455,5	
00:18:27,517	455,7	
00:18:27,554	455,8	
00:18:27,591	455,9	
00:18:27,628	455,9	
00:18:27,665	456,1	
00:18:27,702	456,2	
00:18:27,739	456,3	
00:18:27,776	456,3	
00:18:27,813	456,5	
00:18:27,850	456,6	
00:18:27,887	456,7	
00:18:27,924	456,7	
00:18:27,961	457,0	
00:18:27,998	457,1	
00:18:28,035	457,2	
00:18:28,072	457,3	
00:18:28,110	457,4	
00:18:28,147	457,5	
00:18:28,184	457,6	
00:18:28,221	457,7	
00:18:28,258	457,7	
00:18:28,295	457,9	
00:18:28,332	458,0	
00:18:28,369	458,1	
00:18:28,406	458,1	
00:18:28,443	458,3	
00:18:28,480	458,4	
00:18:28,517	458,6	
00:18:28,554	458,6	
00:18:28,591	458,8	
00:18:28,628	458,9	
00:18:28,665	459,0	
00:18:28,702	459,0	
00:18:28,739	459,2	
00:18:28,776	459,3	
00:18:28,813	459,4	
00:18:28,850	459,4	
00:18:28,887	459,6	
00:18:28,924	459,7	
00:18:28,961	459,8	
00:18:28,998	459,8	
00:18:29,035	460,1	
00:18:29,072	460,2	
00:18:29,110	460,3	
00:18:29,147	460,4	
00:18:29,184	460,5	
00:18:29,221	460,6	
00:18:29,258	460,7	
00:18:29,295	460,8	
00:18:29,332	460,8	
00:18:29,369	461,0	
00:18:29,406	461,1	
00:18:29,443	461,2	
00:18:29,480	461,2	
00:18:29,517	461,4	
00:18:29,554	461,5	
00:18:29,591	461,7	
00:18:29,628	461,7	
00:18:29,665	461,9	
00:18:29,702	462,0	
00:18:29,739	462,1	
00:18:29,776	462,1	
00:18:29,813	462,3	
00:18:29,850	462,4	
00:18:29,887	462,5	
00:18:29,924	462,5	
00:18:29,961	462,7	
00:18:29,998	462,8	
00:18:30,035	462,9	
00:18:30,072	462,9	
00:18:30,110	463,2	
00:18:30,147	463,3	
00:18:30,184	463,4	
00:18:30,221	463,5	
00:18:30,258	463,6	
00:18:30,295	463,7	
00:18:30,332	463,8	
00:18:30,369	463,9	
00:18:30,406	463,9	
00:18:30,443	464,1	
00:18:30,480	464,2	
00:18:30,517	464,3	
00:18:30,554	464,3	
00:18:30,591	464,5	
00:18:30,628	464,7	
00:18:30,665	464,8	
00:18:30,702	464,8	
00:18:30,739	465,0	
00:18:30,776	465,1	
00:18:30,813	465,2	
00:18:30,850	465,2	
00:18:30,887	465,4	
00:18:30,924	465,5	
00:18:30,961	465,6	
00:18:30,998	465,6	
00:18:31,035	465,8	
00:18:31,072	465,9	
00:18:31,110	466,0	
00:18:31,147	466,1	
00:18:31,184	466,3	
00:18:31,221	466,4	
00:18:31,258	466,5	
00:18:31,295	466,6	
00:18:31,332	466,6	
00:18:31,369	466,8	
00:18:31,406	466,9	
00:18:31,443	467,0	
00:18:31,480	467,0	
00:18:31,517	467,2	
00:18:31,554	467,3	
00:18:31,591	467,4	
00:18:31,628	467,4	
00:18:31,665	467,6	
00:18:31,702	467,8	
00:18:31,739	467,9	
00:18:31,776	467,9	
00:18:31,813	468,1	
00:18:31,850	468,2	
00:18:31,887	468,3	
00:18:31,924	468,3	
00:18:31,961	468,5	
00:18:31,998	468,6	
00:18:32,035	468,7	
00:18:32,072	468,7	
00:18:32,109	468,9	
00:18:32,147	469,0	
00:18:32,184	469,1	
00:18:32,221	469,3	
00:18:32,258	469,4	
00:18:32,295	469,5	
00:18:32,332	469,6	
00:18:32,369	469,7	
00:18:32,406	469,7	
00:18:32,443	469,9	
00:18:32,480	470,0	
00:18:32,517	470,1	
00:18:32,554	470,1	
00:18:32,591	470,3	
00:18:32,628	470,4	
00:18:32,665	470,5	
00:18:32,702	470,5	
00:18:32,739	470,7	
00:18:32,776	470,9	
00:18:32,813	471,0	
00:18:32,850	471,0	
00:18:32,887	471,2	
00:18:32,924	471,3	
00:18:32,961	471,4	
00:18:32,998	471,4	
00:18:33,035	471,6	
00:18:33,072	471,7	
00:18:33,109	471,8	
00:18:33,147	471,8	
00:18:33,184	472,0	
00:18:33,221	472,1	
00:18:33,258	472,2	
00:18:33,295	472,4	
00:18:33,332	472,5	
00:18:33,369	472,6	
00:18:33,406	472,7	
00:18:33,443	472,8	
00:18:33,480	472,8	
00:18:33,517	473,0	
00:18:33,554	473,1	
00:18:33,591	473,2	
00:18:33,628	473,2	
00:18:33,665	473,4	
00:18:33,702	473,5	
00:18:33,739	473,6	
00:18:33,776	473,6	
00:18:33,813	473,8	
00:18:33,850	474,0	
00:18:33,887	474,1	
00:18:33,924	474,1	
00:18:33,961	474,3	
00:18:33,998	474,4	
00:18:34,035	474,5	
00:18:34,072	474,5	
00:18:34,109	474,7	
00:18:34,147	474,8	
00:18:34,184	474,9	
00:18:34,221	474,9	
00:18:34,258	475,1	
00:18:34,295	475,2	
00:18:34,332	475,3	
00:18:34,369	475,5	
00:18:34,406	475,6	
00:18:34,443	475,7	
00:18:34,480	475,8	
00:18:34,517	475,9	
00:18:34,554	475,9	
00:18:34,591	476,1	
00:18:34,628	476,2	
00:18:34,665	476,3	
00:18:34,702	476,3	
00:18:34,739	476,5	
00:18:34,776	476,6	
00:18:34,813	476,7	
00:18:34,850	476,7	
00:18:34,887	477,0	
00:18:34,924	477,1	
00:18:34,961	477,2	
00:18:34,998	477,2	
00:18:35,035	477,4	
00:18:35,072	477,5	
00:18:35,109	477,6	
00:18:35,147	477,6	
00:18:35,184	477,8	
00:18:35,221	477,9	
00:18:35,258	478,0	
00:18:35,295	478,0	
00:18:35,332	478,2	
00:18:35,369	478,3	
00:18:35,406	478,4	
00:18:35,443	478,6	
00:18:35,480	478,7	
00:18:35,517	478,8	
00:18:35,554	478,9	
00:18:35,591	479,0	
00:18:35,628	479,0	
00:18:35,665	479,2	
00:18:35,702	479,3	
00:18:35,739	479,4	
00:18:35,776	479,4	
00:18:35,813	479,6	
00:18:35,850	479,7	
00:18:35,887	479,8	
00:18:35,924	479,8	
00:18:35,961	480,1	
00:18:35,998	480,2	
00:18:36,035	480,3	
00:18:36,072	480,3	
00:18:36,109	480,5	
00:18:36,147	480,6	
00:18:36,184	480,7	
00:18:36,221	480,7	
00:18:36,258	480,9	
00:18:36,295	481,0	
00:18:36,332	481,1	
00:18:36,369	481,2	
00:18:36,406	481,3	
00:18:36,443	481,4	
00:18:36,480	481,6	
00:18:36,517	481,7	
00:18:36,554	481,8	
00:18:36,591	481,9	
00:18:36,628	482,0	
00:18:36,665	482,1	
00:18:36,702	482,1	
00:18:36,739	482,3	
00:18:36,776	482,4	
00:18:36,813	482,5	
00:18:36,850	482,5	
00:18:36,887	482,7	
00:18:36,924	482,8	
00:18:36,961	482,9	
00:18:36,998	482,9	
00:18:37,035	483,2	
00:18:37,072	483,3	
00:18:37,109	483,4	
00:18:37,147	483,4	
00:18:37,184	483,6	
00:18:37,221	483,7	
00:18:37,258	483,8	
00:18:37,295	483,8	
00:18:37,332	484,0	
00:18:37,369	484,1	
00:18:37,406	484,2	
00:18:37,443	484,3	
00:18:37,480	484,4	
00:18:37,517	484,5	
00:18:37,554	484,7	
00:18:37,591	484,8	
00:18:37,628	484,8	
00:18:37,665	485,0	
00:18:37,702	485,1	
00:18:37,739	485,2	
00:18:37,776	485,2	
00:18:37,813	485,4	
00:18:37,850	485,5	
00:18:37,887	485,6	
00:18:37,924	485,6	
00:18:37,961	485,8	
00:18:37,998	485,9	
00:18:38,035	486,0	
00:18:38,072	486,0	
00:18:38,109	486,3	
00:18:38,147	486,4	
00:18:38,184	486,5	
00:18:38,221	486,5	
00:18:38,258	486,7	
00:18:38,295	486,8	
00:18:38,332	486,9	
00:18:38,369	486,9	
00:18:38,406	487,1	
00:18:38,443	487,2	
00:18:38,480	487,3	
00:18:38,517	487,4	
00:18:38,554	487,5	
00:18:38,591	487,6	
00:18:38,628	487,8	
00:18:38,665	487,9	
00:18:38,702	487,9	
00:18:38,739	488,1	
00:18:38,776	488,2	
00:18:38,813	488,3	
00:18:38,850	488,3	
00:18:38,887	488,5	
00:18:38,924	488,6	
00:18:38,961	488,7	
00:18:38,998	488,7	
00:18:39,035	488,9	
00:18:39,072	489,0	
00:18:39,109	489,1	
00:18:39,147	489,1	
00:18:39,184	489,4	
00:18:39,221	489,5	
00:18:39,258	489,6	
00:18:39,295	489,6	
00:18:39,332	489,8	
00:18:39,369	489,9	
00:18:39,406	490,0	
00:18:39,443	490,0	
00:18:39,480	490,2	
00:18:39,517	490,3	
00:18:39,554	490,4	
00:18:39,591	490,5	
00:18:39,628	490,6	
00:18:39,665	490,7	
00:18:39,702	490,9	
00:18:39,739	491,0	
00:18:39,776	491,0	
00:18:39,813	491,2	
00:18:39,850	491,3	
00:18:39,887	491,4	
00:18:39,924	491,4	
00:18:39,961	491,6	
00:18:39,998	491,7	
00:18:40,035	491,8	
00:18:40,072	491,8	
00:18:40,109	492,0	
00:18:40,147	492,1	
00:18:40,184	492,2	
00:18:40,221	492,2	
00:18:40,258	492,5	
00:18:40,295	492,6	
00:18:40,332	492,7	
00:18:40,369	492,7	
00:18:40,406	492,9	
00:18:40,443	493,0	
00:18:40,480	493,1	
00:18:40,517	493,1	
00:18:40,554	493,3	
00:18:40,591	493,4	
00:18:40,628	493,5	
00:18:40,665	493,6	
00:18:40,702	493,7	
00:18:40,739	493,9	
00:18:40,776	494,0	
00:18:40,813	494,1	
00:18:40,850	494,1	
00:18:40,887	494,3	
00:18:40,924	494,4	
00:18:40,961	494,5	
00:18:40,998	494,5	
00:18:41,035	494,7	
00:18:41,072	494,8	
00:18:41,109	494,9	
00:18:41,147	494,9	
00:18:41,184	495,1	
00:18:41,221	495,2	
00:18:41,258	495,3	
00:18:41,295	495,3	
00:18:41,332	495,6	
00:18:41,369	495,7	
00:18:41,406	495,8	
00:18:41,443	495,8	
00:18:41,480	496,0	
00:18:41,517	496,1	
00:18:41,554	496,2	
00:18:41,591	496,2	
00:18:41,628	496,4	
00:18:41,665	496,5	
00:18:41,702	496,6	
00:18:41,739	496,7	
00:18:41,776	496,8	
00:18:41,813	497,0	
00:18:41,850	497,1	
00:18:41,887	497,2	
00:18:41,924	497,2	
00:18:41,961	497,4	
00:18:41,998	497,5	
00:18:42,035	497,6	
00:18:42,072	497,6	
00:18:42,109	497,8	
00:18:42,147	497,9	
00:18:42,184	498,0	
00:18:42,221	498,0	
00:18:42,258	498,2	
00:18:42,295	498,3	
00:18:42,332	498,5	
00:18:42,369	498,5	
00:18:42,406	498,7	
00:18:42,443	498,8	
00:18:42,480	498,9	
00:18:42,517	498,9	
00:18:42,554	499,1	
00:18:42,591	499,2	
00:18:42,628	499,3	
00:18:42,665	499,4	
00:18:42,702	499,5	
00:18:42,739	499,6	
00:18:42,776	499,7	
00:18:42,813	499,8	
00:18:42,850	499,8	
00:18:42,887	500,1	
00:18:42,924	500,2	
00:18:42,961	500,3	
00:18:42,998	500,3	
00:18:43,035	500,5	
00:18:43,072	500,6	
00:18:43,109	500,7	
00:18:43,147	500,7	
00:18:43,184	500,9	
00:18:43,221	501,0	
00:18:43,258	501,1	
00:18:43,295	501,1	
00:18:43,332	501,3	
00:18:43,369	501,4	
00:18:43,406	501,6	
00:18:43,443	501,6	
00:18:43,480	501,8	
00:18:43,517	501,9	
00:18:43,554	502,0	
00:18:43,591	502,0	
00:18:43,628	502,2	
00:18:43,665	502,3	
00:18:43,702	502,4	
00:18:43,739	502,5	
00:18:43,776	502,6	
00:18:43,813	502,7	
00:18:43,850	502,8	
00:18:43,887	502,9	
00:18:43,924	502,9	
00:18:43,961	503,2	
00:18:43,998	503,3	
00:18:44,035	503,4	
00:18:44,072	503,4	
00:18:44,109	503,6	
00:18:44,147	503,7	
00:18:44,184	503,8	
00:18:44,221	503,8	
00:18:44,258	504,0	
00:18:44,295	504,1	
00:18:44,332	504,2	
00:18:44,369	504,2	
00:18:44,406	504,4	
00:18:44,443	504,5	
00:18:44,480	504,7	
00:18:44,517	504,7	
00:18:44,554	504,9	
00:18:44,591	505,0	
00:18:44,628	505,1	
00:18:44,665	505,1	
00:18:44,702	505,3	
00:18:44,739	505,4	
00:18:44,776	505,5	
00:18:44,813	505,6	
00:18:44,850	505,7	
00:18:44,887	505,8	
00:18:44,924	505,9	
00:18:44,961	506,0	
00:18:44,998	506,0	
00:18:45,035	506,3	
00:18:45,072	506,4	
00:18:45,109	506,5	
00:18:45,147	506,5	
00:18:45,184	506,7	
00:18:45,221	506,8	
00:18:45,258	506,9	
00:18:45,295	506,9	
00:18:45,332	507,1	
00:18:45,369	507,2	
00:18:45,406	507,3	
00:18:45,443	507,3	
00:18:45,480	507,5	
00:18:45,517	507,6	
00:18:45,554	507,8	
00:18:45,591	507,8	
00:18:45,628	508,0	
00:18:45,665	508,1	
00:18:45,702	508,2	
00:18:45,739	508,2	
00:18:45,776	508,4	
00:18:45,813	508,5	
00:18:45,850	508,6	
00:18:45,887	508,7	
00:18:45,924	508,8	
00:18:45,961	508,9	
00:18:45,998	509,0	
00:18:46,035	509,1	
00:18:46,072	509,1	
00:18:46,109	509,4	
00:18:46,147	509,5	
00:18:46,184	509,6	
00:18:46,221	509,6	
00:18:46,258	509,8	
00:18:46,295	509,9	
00:18:46,332	510,0	
00:18:46,369	510,0	
00:18:46,406	510,2	
00:18:46,443	510,3	
00:18:46,480	510,4	
00:18:46,517	510,4	
00:18:46,554	510,6	
00:18:46,591	510,8	
00:18:46,628	510,9	
00:18:46,665	510,9	
00:18:46,702	511,1	
00:18:46,739	511,2	
00:18:46,776	511,3	
00:18:46,813	511,3	
00:18:46,850	511,5	
00:18:46,887	511,6	
00:18:46,924	511,7	
00:18:46,961	511,8	
00:18:46,998	511,9	
00:18:47,035	512,0	
00:18:47,072	512,1	
00:18:47,109	512,2	
00:18:47,147	512,2	
00:18:47,184	512,5	
00:18:47,221	512,6	
00:18:47,258	512,7	
00:18:47,295	512,7	
00:18:47,332	512,9	
00:18:47,369	513,0	
00:18:47,406	513,1	
00:18:47,443	513,1	
00:18:47,480	513,3	
00:18:47,517	513,4	
00:18:47,554	513,5	
00:18:47,591	513,5	
00:18:47,628	513,7	
00:18:47,665	513,9	
00:18:47,702	514,0	
00:18:47,739	514,0	
00:18:47,776	514,2	
00:18:47,813	514,3	
00:18:47,850	514,4	
00:18:47,887	514,5	
00:18:47,924	514,6	
00:18:47,961	514,7	
00:18:47,998	514,8	
00:18:48,035	514,9	
00:18:48,072	514,9	
00:18:48,109	515,1	
00:18:48,147	515,2	
00:18:48,184	515,3	
00:18:48,221	515,3	
00:18:48,258	515,6	
00:18:48,295	515,7	
00:18:48,332	515,8	
00:18:48,369	515,8	
00:18:48,406	516,0	
00:18:48,443	516,1	
00:18:48,480	516,2	
00:18:48,517	516,2	
00:18:48,554	516,4	
00:18:48,591	516,5	
00:18:48,628	516,6	
00:18:48,665	516,6	
00:18:48,702	516,8	
00:18:48,739	517,0	
00:18:48,776	517,1	
00:18:48,813	517,1	
00:18:48,850	517,3	
00:18:48,887	517,4	
00:18:48,924	517,5	
00:18:48,961	517,6	
00:18:48,998	517,7	
00:18:49,035	517,8	
00:18:49,072	517,9	
00:18:49,109	518,0	
00:18:49,147	518,0	
00:18:49,184	518,2	
00:18:49,221	518,3	
00:18:49,258	518,5	
00:18:49,295	518,5	
00:18:49,332	518,7	
00:18:49,369	518,8	
00:18:49,406	518,9	
00:18:49,443	518,9	
00:18:49,480	519,1	
00:18:49,517	519,2	
00:18:49,554	519,3	
00:18:49,591	519,3	
00:18:49,628	519,5	
00:18:49,665	519,6	
00:18:49,702	519,7	
00:18:49,739	519,7	
00:18:49,776	519,9	
00:18:49,813	520,1	
00:18:49,850	520,2	
00:18:49,887	520,2	
00:18:49,924	520,4	
00:18:49,961	520,5	
00:18:49,998	520,6	
00:18:50,035	520,7	
00:18:50,072	520,8	
00:18:50,109	520,9	
00:18:50,147	521,0	
00:18:50,184	521,1	
00:18:50,221	521,1	
00:18:50,258	521,3	
00:18:50,295	521,4	
00:18:50,332	521,6	
00:18:50,369	521,6	
00:18:50,406	521,8	
00:18:50,443	521,9	
00:18:50,480	522,0	
00:18:50,517	522,0	
00:18:50,554	522,2	
00:18:50,591	522,3	
00:18:50,628	522,4	
00:18:50,665	522,4	
00:18:50,702	522,6	
00:18:50,739	522,7	
00:18:50,776	522,8	
00:18:50,813	522,8	
00:18:50,850	523,1	
00:18:50,887	523,2	
00:18:50,924	523,3	
00:18:50,961	523,3	
00:18:50,998	523,5	
00:18:51,035	523,6	
00:18:51,072	523,7	
00:18:51,109	523,8	
00:18:51,147	523,9	
00:18:51,184	524,0	
00:18:51,221	524,1	
00:18:51,258	524,2	
00:18:51,295	524,2	
00:18:51,332	524,4	
00:18:51,369	524,5	
00:18:51,406	524,7	
00:18:51,443	524,7	
00:18:51,480	524,9	
00:18:51,517	525,0	
00:18:51,554	525,1	
00:18:51,591	525,1	
00:18:51,628	525,3	
00:18:51,665	525,4	
00:18:51,702	525,5	
00:18:51,739	525,5	
00:18:51,776	525,7	
00:18:51,813	525,8	
00:18:51,850	525,9	
00:18:51,887	525,9	
00:18:51,924	526,2	
00:18:51,961	526,3	
00:18:51,998	526,4	
00:18:52,035	526,4	
00:18:52,072	526,6	
00:18:52,109	526,7	
00:18:52,147	526,8	
00:18:52,184	526,9	
00:18:52,221	527,0	
00:18:52,258	527,1	
00:18:52,295	527,2	
00:18:52,332	527,3	
00:18:52,369	527,3	
00:18:52,406	527,5	
00:18:52,443	527,6	
00:18:52,480	527,8	
00:18:52,517	527,8	
00:18:52,554	528,0	
00:18:52,591	528,1	
00:18:52,628	528,2	
00:18:52,665	528,2	
00:18:52,702	528,4	
00:18:52,739	528,5	
00:18:52,776	528,6	
00:18:52,813	528,6	
00:18:52,850	528,8	
00:18:52,887	528,9	
00:18:52,924	529,0	
00:18:52,961	529,0	
00:18:52,998	529,3	
00:18:53,035	529,4	
00:18:53,072	529,5	
00:18:53,109	529,6	
00:18:53,147	529,7	
00:18:53,184	529,8	
00:18:53,221	529,9	
00:18:53,258	530,0	
00:18:53,295	530,1	
00:18:53,332	530,2	
00:18:53,369	530,3	
00:18:53,406	530,4	
00:18:53,443	530,4	
00:18:53,480	530,6	
00:18:53,517	530,8	
00:18:53,554	530,9	
00:18:53,591	530,9	
00:18:53,628	531,1	
00:18:53,665	531,2	
00:18:53,702	531,3	
00:18:53,739	531,3	
00:18:53,776	531,5	
00:18:53,813	531,2	
00:18:53,850	530,9	
00:18:53,887	530,9	
00:18:53,924	530,2	
00:18:53,961	529,9	
00:18:53,998	529,6	
00:18:54,035	529,6	
00:18:54,072	528,9	
00:18:54,109	528,6	
00:18:54,147	528,3	
00:18:54,184	528,0	
00:18:54,221	527,6	
00:18:54,258	527,3	
00:18:54,295	527,0	
00:18:54,332	526,7	
00:18:54,369	526,7	
00:18:54,406	526,0	
00:18:54,443	525,7	
00:18:54,480	525,4	
00:18:54,517	525,4	
00:18:54,554	524,7	
00:18:54,591	524,4	
00:18:54,628	524,1	
00:18:54,665	524,1	
00:18:54,702	523,5	
00:18:54,739	523,1	
00:18:54,776	522,8	
00:18:54,813	522,8	
00:18:54,850	522,2	
00:18:54,887	521,8	
00:18:54,924	521,5	
00:18:54,961	521,5	
00:18:54,998	520,9	
00:18:55,035	520,6	
00:18:55,072	520,2	
00:18:55,109	520,2	
00:18:55,147	519,6	
00:18:55,184	519,3	
00:18:55,221	518,9	
00:18:55,258	518,6	
00:18:55,295	518,3	
00:18:55,332	518,0	
00:18:55,369	517,7	
00:18:55,406	517,3	
00:18:55,443	517,3	
00:18:55,480	516,7	
00:18:55,517	516,4	
00:18:55,554	516,0	
00:18:55,591	516,0	
00:18:55,628	515,4	
00:18:55,665	515,1	
00:18:55,702	514,8	
00:18:55,739	514,8	
00:18:55,776	514,1	
00:18:55,813	513,8	
00:18:55,850	513,5	
00:18:55,887	513,5	
00:18:55,924	512,8	
00:18:55,961	512,5	
00:18:55,998	512,2	
00:18:56,035	512,2	
00:18:56,072	511,5	
00:18:56,109	511,2	
00:18:56,147	510,9	
00:18:56,184	510,9	
00:18:56,221	510,2	
00:18:56,258	509,9	
00:18:56,295	509,6	
00:18:56,332	509,3	
00:18:56,369	509,0	
00:18:56,406	508,6	
00:18:56,443	508,3	
00:18:56,480	508,0	
00:18:56,517	508,0	
00:18:56,554	507,4	
00:18:56,591	507,0	
00:18:56,628	506,7	
00:18:56,665	506,7	
00:18:56,702	506,1	
00:18:56,739	505,7	
00:18:56,776	505,4	
00:18:56,813	505,4	
00:18:56,850	504,8	
00:18:56,887	504,5	
00:18:56,924	504,1	
00:18:56,961	504,1	
00:18:56,998	503,5	
00:18:57,035	503,2	
00:18:57,072	502,8	
00:18:57,109	502,8	
00:18:57,147	502,2	
00:18:57,184	501,9	
00:18:57,221	501,6	
00:18:57,258	501,6	
00:18:57,295	500,9	
00:18:57,332	500,6	
00:18:57,369	500,3	
00:18:57,406	499,9	
00:18:57,443	499,6	
00:18:57,480	499,3	
00:18:57,517	499,0	
00:18:57,554	498,7	
00:18:57,591	498,7	
00:18:57,628	498,0	
00:18:57,665	497,7	
00:18:57,702	497,4	
00:18:57,739	497,4	
00:18:57,776	496,7	
00:18:57,813	496,4	
00:18:57,850	496,1	
00:18:57,887	496,1	
00:18:57,924	495,4	
00:18:57,961	495,1	
00:18:57,998	494,8	
00:18:58,035	494,8	
00:18:58,072	494,1	
00:18:58,109	493,8	
00:18:58,147	493,5	
00:18:58,184	493,5	
00:18:58,221	492,9	
00:18:58,258	492,5	
00:18:58,295	492,2	
00:18:58,332	492,2	
00:18:58,369	491,6	
00:18:58,406	491,3	
00:18:58,443	490,9	
00:18:58,480	490,6	
00:18:58,517	490,3	
00:18:58,554	490,0	
00:18:58,591	489,6	
00:18:58,628	489,3	
00:18:58,665	489,3	
00:18:58,702	488,7	
00:18:58,739	488,4	
00:18:58,776	488,0	
00:18:58,813	488,0	
00:18:58,850	487,4	
00:18:58,887	487,1	
00:18:58,924	486,7	
00:18:58,961	486,7	
00:18:58,998	486,1	
00:18:59,035	485,8	
00:18:59,072	485,5	
00:18:59,109	485,5	
00:18:59,147	484,8	
00:18:59,184	484,5	
00:18:59,221	484,2	
00:18:59,258	484,2	
00:18:59,295	483,5	
00:18:59,332	483,2	
00:18:59,369	482,9	
00:18:59,406	482,6	
00:18:59,443	482,2	
00:18:59,480	481,9	
00:18:59,517	481,6	
00:18:59,554	481,3	
00:18:59,591	481,3	
00:18:59,628	480,6	
00:18:59,665	480,3	
00:18:59,702	480,0	
00:18:59,739	480,0	
00:18:59,776	479,3	
00:18:59,813	479,0	
00:18:59,850	478,7	
00:18:59,887	478,7	
00:18:59,924	478,0	
00:18:59,961	477,7	
00:18:59,998	477,4	
00:19:00,035	477,4	
00:19:00,072	476,8	
00:19:00,109	476,4	
00:19:00,147	476,1	
00:19:00,184	476,1	
00:19:00,221	475,5	
00:19:00,258	475,2	
00:19:00,295	474,8	
00:19:00,332	474,8	
00:19:00,369	474,2	
00:19:00,406	473,9	
00:19:00,443	473,5	
00:19:00,480	473,2	
00:19:00,517	472,9	
00:19:00,554	472,6	
00:19:00,591	472,3	
00:19:00,628	471,9	
00:19:00,665	471,9	
00:19:00,702	471,3	
00:19:00,739	471,0	
00:19:00,776	470,6	
00:19:00,813	470,6	
00:19:00,850	470,0	
00:19:00,887	469,7	
00:19:00,924	469,4	
00:19:00,961	469,4	
00:19:00,998	468,7	
00:19:01,035	468,4	
00:19:01,072	468,1	
00:19:01,109	468,1	
00:19:01,147	467,4	
00:19:01,184	467,1	
00:19:01,221	467,3	
00:19:01,258	467,3	
00:19:01,295	467,7	
00:19:01,332	467,9	
00:19:01,369	468,1	
00:19:01,406	468,1	
00:19:01,443	468,4	
00:19:01,480	468,6	
00:19:01,517	468,8	
00:19:01,554	469,0	
00:19:01,591	469,2	
00:19:01,628	469,4	
00:19:01,665	469,6	
00:19:01,702	469,8	
00:19:01,739	469,8	
00:19:01,776	470,2	
00:19:01,813	470,4	
00:19:01,850	470,5	
00:19:01,887	470,5	
00:19:01,924	470,9	
00:19:01,961	471,1	
00:19:01,998	471,3	
00:19:02,035	471,3	
00:19:02,072	471,7	
00:19:02,109	471,9	
00:19:02,147	472,1	
00:19:02,184	472,1	
00:19:02,221	472,5	
00:19:02,258	472,7	
00:19:02,295	472,8	
00:19:02,332	472,8	
00:19:02,369	473,2	
00:19:02,406	473,4	
00:19:02,443	473,6	
00:19:02,480	473,6	
00:19:02,517	474,0	
00:19:02,554	474,2	
00:19:02,591	474,4	
00:19:02,628	474,6	
00:19:02,665	474,8	
00:19:02,702	475,0	
00:19:02,739	475,1	
00:19:02,776	475,3	
00:19:02,813	475,3	
00:19:02,850	475,7	
00:19:02,887	475,9	
00:19:02,924	476,1	
00:19:02,961	476,1	
00:19:02,998	476,5	
00:19:03,035	476,7	
00:19:03,072	476,9	
00:19:03,109	476,9	
00:19:03,147	477,2	
00:19:03,184	477,4	
00:19:03,221	477,6	
00:19:03,258	477,6	
00:19:03,295	478,0	
00:19:03,332	478,2	
00:19:03,369	478,4	
00:19:03,406	478,4	
00:19:03,443	478,8	
00:19:03,480	479,0	
00:19:03,517	479,2	
00:19:03,554	479,2	
00:19:03,591	479,5	
00:19:03,628	479,7	
00:19:03,665	479,9	
00:19:03,702	480,1	
00:19:03,739	480,3	
00:19:03,776	480,5	
00:19:03,813	480,7	
00:19:03,850	480,9	
00:19:03,887	480,9	
00:19:03,924	481,3	
00:19:03,961	481,5	
00:19:03,998	481,7	
00:19:04,035	481,7	
00:19:04,072	482,0	
00:19:04,109	482,2	
00:19:04,147	482,4	
00:19:04,184	482,4	
00:19:04,221	482,8	
00:19:04,258	483,0	
00:19:04,295	483,2	
00:19:04,332	483,2	
00:19:04,369	483,6	
00:19:04,406	483,8	
00:19:04,443	484,0	
00:19:04,480	484,0	
00:19:04,517	484,3	
00:19:04,554	484,5	
00:19:04,591	484,7	
00:19:04,628	484,9	
00:19:04,665	485,1	
00:19:04,702	485,3	
00:19:04,739	485,5	
00:19:04,776	485,7	
00:19:04,813	485,7	
00:19:04,850	486,1	
00:19:04,887	486,3	
00:19:04,924	486,4	
00:19:04,961	486,4	
00:19:04,998	486,8	
00:19:05,035	487,0	
00:19:05,072	487,2	
00:19:05,109	487,2	
00:19:05,147	487,6	
00:19:05,184	487,8	
00:19:05,221	488,0	
00:19:05,258	488,0	
00:19:05,295	488,4	
00:19:05,332	488,5	
00:19:05,369	488,7	
00:19:05,406	488,7	
00:19:05,443	489,1	
00:19:05,480	489,3	
00:19:05,517	489,5	
00:19:05,554	489,5	
00:19:05,591	489,9	
00:19:05,628	490,1	
00:19:05,665	490,3	
00:19:05,702	490,5	
00:19:05,739	490,7	
00:19:05,776	490,8	
00:19:05,813	491,0	
00:19:05,850	491,2	
00:19:05,887	491,2	
00:19:05,924	491,6	
00:19:05,961	491,8	
00:19:05,998	492,0	
00:19:06,035	492,0	
00:19:06,072	492,4	
00:19:06,109	492,6	
00:19:06,147	492,8	
00:19:06,184	492,8	
00:19:06,221	493,1	
00:19:06,258	493,3	
00:19:06,295	493,5	
00:19:06,332	493,5	
00:19:06,369	493,9	
00:19:06,406	494,1	
00:19:06,443	494,3	
00:19:06,480	494,3	
00:19:06,517	494,7	
00:19:06,554	494,9	
00:19:06,591	495,1	
00:19:06,628	495,1	
00:19:06,665	495,4	
00:19:06,702	495,6	
00:19:06,739	495,8	
00:19:06,776	496,0	
00:19:06,813	496,2	
00:19:06,850	496,4	
00:19:06,887	496,6	
00:19:06,924	496,8	
00:19:06,961	496,8	
00:19:06,998	497,2	
00:19:07,035	497,4	
00:19:07,072	497,5	
00:19:07,109	497,5	
00:19:07,147	497,9	
00:19:07,184	498,1	
00:19:07,221	498,3	
00:19:07,258	498,3	
00:19:07,295	498,7	
00:19:07,332	498,9	
00:19:07,369	499,1	
00:19:07,406	499,1	
00:19:07,443	499,5	
00:19:07,480	499,7	
00:19:07,517	499,8	
00:19:07,554	499,8	
00:19:07,591	500,2	
00:19:07,628	500,4	
00:19:07,665	500,6	
00:19:07,702	500,6	
00:19:07,739	501,0	
00:19:07,776	501,2	
00:19:07,813	501,4	
00:19:07,850	501,6	
00:19:07,887	501,8	
00:19:07,924	502,0	
00:19:07,961	502,1	
00:19:07,998	502,3	
00:19:08,035	502,3	
00:19:08,072	502,7	
00:19:08,109	502,9	
00:19:08,147	503,1	
00:19:08,184	503,1	
00:19:08,221	503,5	
00:19:08,258	503,7	
00:19:08,295	503,9	
00:19:08,332	503,9	
00:19:08,369	504,3	
00:19:08,406	504,4	
00:19:08,443	504,6	
00:19:08,480	504,6	
00:19:08,517	505,0	
00:19:08,554	505,2	
00:19:08,591	505,4	
00:19:08,628	505,4	
00:19:08,665	505,4	
00:19:08,702	505,4	
00:19:08,739	505,4	
00:19:08,776	505,4	
00:19:08,813	505,4	
00:19:08,850	505,4	
00:19:08,887	505,4	
00:19:08,924	505,4	
00:19:08,961	505,4	
00:19:08,998	505,3	
00:19:09,035	505,3	
00:19:09,072	505,3	
00:19:09,109	505,3	
00:19:09,146	505,3	
00:19:09,184	505,3	
00:19:09,221	505,3	
00:19:09,258	505,3	
00:19:09,295	505,3	
00:19:09,332	505,3	
00:19:09,369	505,3	
00:19:09,406	505,3	
00:19:09,443	505,3	
00:19:09,480	505,3	
00:19:09,517	505,3	
00:19:09,554	505,3	
00:19:09,591	505,3	
00:19:09,628	505,3	
00:19:09,665	505,3	
00:19:09,702	505,3	
00:19:09,739	505,2	
00:19:09,776	505,2	
00:19:09,813	505,2	
00:19:09,850	505,2	
00:19:09,887	505,2	
00:19:09,924	505,2	
00:19:09,961	505,2	
00:19:09,998	505,2	
00:19:10,035	505,2	
00:19:10,072	505,2	
00:19:10,109	505,2	
00:19:10,146	505,2	
00:19:10,184	505,2	
00:19:10,221	505,2	
00:19:10,258	505,2	
00:19:10,295	505,2	
00:19:10,332	505,2	
00:19:10,369	505,2	
00:19:10,406	505,2	
00:19:10,443	505,2	
00:19:10,480	505,2	
00:19:10,517	505,1	
00:19:10,554	505,1	
00:19:10,591	505,1	
00:19:10,628	505,1	
00:19:10,665	505,1	
00:19:10,702	505,1	
00:19:10,739	505,1	
00:19:10,776	505,1	
00:19:10,813	505,1	
00:19:10,850	505,1	
00:19:10,887	505,1	
00:19:10,924	505,1	
00:19:10,961	505,1	
00:19:10,998	505,1	
00:19:11,035	505,1	
00:19:11,072	505,1	
00:19:11,109	505,1	
00:19:11,146	505,1	
00:19:11,184	505,1	
00:19:11,221	505,1	
00:19:11,258	505,1	
00:19:11,295	505,0	
00:19:11,332	505,0	
00:19:11,369	505,0	
00:19:11,406	505,0	
00:19:11,443	505,0	
00:19:11,480	505,0	
00:19:11,517	505,0	
00:19:11,554	505,0	
00:19:11,591	505,0	
00:19:11,628	505,0	
00:19:11,665	505,0	
00:19:11,702	505,0	
00:19:11,739	505,0	
00:19:11,776	505,0	
00:19:11,813	505,0	
00:19:11,850	505,0	
00:19:11,887	505,0	
00:19:11,924	505,0	
00:19:11,961	505,0	
00:19:11,998	505,0	
00:19:12,035	504,9	
00:19:12,072	504,9	
00:19:12,109	504,9	
00:19:12,146	504,9	
00:19:12,184	504,9	
00:19:12,221	504,9	
00:19:12,258	504,9	
00:19:12,295	504,9	
00:19:12,332	504,9	
00:19:12,369	504,9	
00:19:12,406	504,9	
00:19:12,443	504,9	
00:19:12,480	504,9	
00:19:12,517	504,9	
00:19:12,554	504,9	
00:19:12,591	504,9	
00:19:12,628	504,9	
00:19:12,665	504,9	
00:19:12,702	504,9	
00:19:12,739	504,9	
00:19:12,776	504,9	
00:19:12,813	504,8	
00:19:12,850	504,8	
00:19:12,887	504,8	
00:19:12,924	504,8	
00:19:12,961	504,8	
00:19:12,998	504,8	
00:19:13,035	504,8	
00:19:13,072	504,8	
00:19:13,109	504,8	
00:19:13,146	504,8	
00:19:13,184	504,8	
00:19:13,221	504,8	
00:19:13,258	504,8	
00:19:13,295	504,8	
00:19:13,332	504,8	
00:19:13,369	504,8	
00:19:13,406	504,8	
00:19:13,443	504,8	
00:19:13,480	504,8	
00:19:13,517	504,8	
00:19:13,554	504,8	
00:19:13,591	504,7	
00:19:13,628	504,7	
00:19:13,665	504,7	
00:19:13,702	504,7	
00:19:13,739	504,7	
00:19:13,776	504,7	
00:19:13,813	504,7	
00:19:13,850	504,7	
00:19:13,887	504,7	
00:19:13,924	504,7	
00:19:13,961	504,7	
00:19:13,998	504,7	
00:19:14,035	504,7	
00:19:14,072	504,7	
00:19:14,109	504,7	
00:19:14,146	504,7	
00:19:14,184	504,7	
00:19:14,221	504,7	
00:19:14,258	504,7	
00:19:14,295	504,6	
00:19:14,332	504,6	
00:19:14,369	504,6	
00:19:14,406	504,6	
00:19:14,443	504,6	
00:19:14,480	504,6	
00:19:14,517	504,6	
00:19:14,554	504,6	
00:19:14,591	504,6	
00:19:14,628	504,6	
00:19:14,665	504,6	
00:19:14,702	504,6	
00:19:14,739	504,6	
00:19:14,776	504,6	
00:19:14,813	504,6	
00:19:14,850	504,6	
00:19:14,887	504,6	
00:19:14,924	504,6	
00:19:14,961	504,6	
00:19:14,998	504,6	
00:19:15,035	504,6	
00:19:15,072	504,6	
00:19:15,109	504,5	
00:19:15,146	504,5	
00:19:15,184	504,5	
00:19:15,221	504,5	
00:19:15,258	504,5	
00:19:15,295	504,5	
00:19:15,332	504,5	
00:19:15,369	504,5	
00:19:15,406	504,5	
00:19:15,443	504,5	
00:19:15,480	504,5	
00:19:15,517	504,5	
00:19:15,554	504,5	
00:19:15,591	504,5	
00:19:15,628	504,5	
00:19:15,665	504,5	
00:19:15,702	504,5	
00:19:15,739	504,5	
00:19:15,776	504,5	
00:19:15,813	504,4	
00:19:15,850	504,4	
00:19:15,887	504,4	
00:19:15,924	504,4	
00:19:15,961	504,4	
00:19:15,998	504,4	
00:19:16,035	504,4	
00:19:16,072	504,4	
00:19:16,109	504,4	
00:19:16,146	504,4	
00:19:16,184	504,4	
00:19:16,221	504,4	
00:19:16,258	504,4	
00:19:16,295	504,4	
00:19:16,332	504,4	
00:19:16,369	504,4	
00:19:16,406	504,4	
00:19:16,443	504,4	
00:19:16,480	504,4	
00:19:16,517	504,4	
00:19:16,554	504,4	
00:19:16,591	504,3	
00:19:16,628	504,3	
00:19:16,665	504,3	
00:19:16,702	504,3	
00:19:16,739	504,3	
00:19:16,776	504,3	
00:19:16,813	504,3	
00:19:16,850	504,3	
00:19:16,887	504,3	
00:19:16,924	504,3	
00:19:16,961	504,3	
00:19:16,998	504,3	
00:19:17,035	504,3	
00:19:17,072	504,3	
00:19:17,109	504,3	
00:19:17,146	504,3	
00:19:17,184	504,3	
00:19:17,221	504,3	
00:19:17,258	504,3	
00:19:17,295	504,3	
00:19:17,332	504,2	
00:19:17,369	504,2	
00:19:17,406	504,2	
00:19:17,443	504,2	
00:19:17,480	504,2	
00:19:17,517	504,2	
00:19:17,554	504,2	
00:19:17,591	504,2	
00:19:17,628	504,2	
00:19:17,665	504,2	
00:19:17,702	504,2	
00:19:17,739	504,2	
00:19:17,776	504,2	
00:19:17,813	504,2	
00:19:17,850	504,2	
00:19:17,887	504,2	
00:19:17,924	504,2	
00:19:17,961	504,2	
00:19:17,998	504,2	
00:19:18,035	504,2	
00:19:18,072	504,2	
00:19:18,109	504,1	
00:19:18,146	504,1	
00:19:18,184	504,1	
00:19:18,221	504,1	
00:19:18,258	504,1	
00:19:18,295	504,1	
00:19:18,332	504,1	
00:19:18,369	504,1	
00:19:18,406	504,1	
00:19:18,443	504,1	
00:19:18,480	504,1	
00:19:18,517	504,1	
00:19:18,554	504,1	
00:19:18,591	504,1	
00:19:18,628	504,1	
00:19:18,665	504,1	
00:19:18,702	504,1	
00:19:18,739	504,1	
00:19:18,776	504,1	
00:19:18,813	504,1	
00:19:18,850	504,0	
00:19:18,887	504,0	
00:19:18,924	504,0	
00:19:18,961	504,0	
00:19:18,998	504,0	
00:19:19,035	504,0	
00:19:19,072	504,0	
00:19:19,109	504,0	
00:19:19,146	504,0	
00:19:19,184	504,0	
00:19:19,221	504,0	
00:19:19,258	504,0	
00:19:19,295	504,0	
00:19:19,332	504,0	
00:19:19,369	504,0	
00:19:19,406	504,0	
00:19:19,443	504,0	
00:19:19,480	504,0	
00:19:19,517	504,0	
00:19:19,554	504,0	
00:19:19,591	504,0	
00:19:19,628	503,9	
00:19:19,665	503,9	
00:19:19,702	503,9	
00:19:19,739	503,9	
00:19:19,776	503,9	
00:19:19,813	503,9	
00:19:19,850	503,9	
00:19:19,887	503,9	
00:19:19,924	503,9	
00:19:19,961	503,9	
00:19:19,998	503,9	
00:19:20,035	503,9	
00:19:20,072	503,9	
00:19:20,109	503,9	
00:19:20,146	503,9	
00:19:20,184	503,9	
00:19:20,221	503,9	
00:19:20,258	503,9	
00:19:20,295	503,9	
00:19:20,332	503,9	
00:19:20,369	503,8	
00:19:20,406	503,8	
00:19:20,443	503,8	
00:19:20,480	503,8	
00:19:20,517	503,8	
00:19:20,554	503,8	
00:19:20,591	503,8	
00:19:20,628	503,8	
00:19:20,665	503,8	
00:19:20,702	503,8	
00:19:20,739	503,8	
00:19:20,776	503,8	
00:19:20,813	503,8	
00:19:20,850	503,8	
00:19:20,887	503,8	
00:19:20,924	503,8	
00:19:20,961	503,8	
00:19:20,998	503,8	
00:19:21,035	503,8	
00:19:21,072	503,8	
00:19:21,109	503,8	
00:19:21,146	503,7	
00:19:21,184	503,7	
00:19:21,221	503,7	
00:19:21,258	503,7	
00:19:21,295	503,7	
00:19:21,332	503,7	
00:19:21,369	503,7	
00:19:21,406	503,7	
00:19:21,443	503,7	
00:19:21,480	503,7	
00:19:21,517	503,7	
00:19:21,554	503,7	
00:19:21,591	503,7	
00:19:21,628	503,7	
00:19:21,665	503,7	
00:19:21,702	503,7	
00:19:21,739	503,7	
00:19:21,776	503,7	
00:19:21,813	503,7	
00:19:21,850	503,7	
00:19:21,887	503,6	
00:19:21,924	503,6	
00:19:21,961	503,6	
00:19:21,998	503,6	
00:19:22,035	503,6	
00:19:22,072	503,6	
00:19:22,109	503,6	
00:19:22,146	503,6	
00:19:22,184	503,6	
00:19:22,221	503,6	
00:19:22,258	503,6	
00:19:22,295	503,6	
00:19:22,332	503,6	
00:19:22,369	503,6	
00:19:22,406	503,6	
00:19:22,443	503,6	
00:19:22,480	503,6	
00:19:22,517	503,6	
00:19:22,554	503,6	
00:19:22,591	503,6	
00:19:22,628	503,6	
00:19:22,665	503,5	
00:19:22,702	503,5	
00:19:22,739	503,5	
00:19:22,776	503,5	
00:19:22,813	503,5	
00:19:22,850	503,5	
00:19:22,887	503,5	
00:19:22,924	503,5	
00:19:22,961	503,5	
00:19:22,998	503,5	
00:19:23,035	503,5	
00:19:23,072	503,5	
00:19:23,109	503,5	
00:19:23,146	503,5	
00:19:23,184	503,5	
00:19:23,221	503,5	
00:19:23,258	503,5	
00:19:23,295	503,5	
00:19:23,332	503,5	
00:19:23,369	503,5	
00:19:23,406	503,4	
00:19:23,443	503,4	
00:19:23,480	503,4	
00:19:23,517	503,4	
00:19:23,554	503,4	
00:19:23,591	503,4	
00:19:23,628	503,4	
00:19:23,665	503,4	
00:19:23,702	503,4	
00:19:23,739	503,4	
00:19:23,776	503,4	
00:19:23,813	503,4	
00:19:23,850	503,4	
00:19:23,887	503,4	
00:19:23,924	503,4	
00:19:23,961	503,4	
00:19:23,998	503,4	
00:19:24,035	503,4	
00:19:24,072	503,4	
00:19:24,109	503,4	
00:19:24,146	503,4	
00:19:24,184	503,3	
00:19:24,221	503,3	
00:19:24,258	503,3	
00:19:24,295	503,3	
00:19:24,332	503,3	
00:19:24,369	503,3	
00:19:24,406	503,3	
00:19:24,443	503,3	
00:19:24,480	503,3	
00:19:24,517	503,3	
00:19:24,554	503,3	
00:19:24,591	503,3	
00:19:24,628	503,3	
00:19:24,665	503,3	
00:19:24,702	503,3	
00:19:24,739	503,3	
00:19:24,776	503,3	
00:19:24,813	503,3	
00:19:24,850	503,3	
00:19:24,887	503,3	
00:19:24,924	503,3	
00:19:24,961	503,2	
00:19:24,998	503,2	
00:19:25,035	503,2	
00:19:25,072	503,2	
00:19:25,109	503,2	
00:19:25,146	503,2	
00:19:25,184	503,2	
00:19:25,221	503,2	
00:19:25,258	503,2	
00:19:25,295	503,2	
00:19:25,332	503,2	
00:19:25,369	503,2	
00:19:25,406	503,2	
00:19:25,443	503,2	
00:19:25,480	503,2	
00:19:25,517	503,2	
00:19:25,554	503,2	
00:19:25,591	503,2	
00:19:25,628	503,2	
00:19:25,665	503,2	
00:19:25,702	503,1	
00:19:25,739	503,1	
00:19:25,776	503,1	
00:19:25,813	503,1	
00:19:25,850	503,1	
00:19:25,887	503,1	
00:19:25,924	503,1	
00:19:25,961	503,1	
00:19:25,998	503,1	
00:19:26,035	503,1	
00:19:26,072	503,1	
00:19:26,109	503,1	
00:19:26,146	503,1	
00:19:26,184	503,1	
00:19:26,221	503,1	
00:19:26,258	503,1	
00:19:26,295	503,1	
00:19:26,332	503,1	
00:19:26,369	503,1	
00:19:26,406	503,1	
00:19:26,443	503,1	
00:19:26,480	503,0	
00:19:26,517	503,0	
00:19:26,554	503,0	
00:19:26,591	503,0	
00:19:26,628	503,0	
00:19:26,665	503,0	
00:19:26,702	503,0	
00:19:26,739	503,0	
00:19:26,776	503,0	
00:19:26,813	503,0	
00:19:26,850	503,0	
00:19:26,887	503,0	
00:19:26,924	503,0	
00:19:26,961	503,0	
00:19:26,998	503,0	
00:19:27,035	503,0	
00:19:27,072	503,0	
00:19:27,109	503,0	
00:19:27,146	503,0	
00:19:27,184	503,0	
00:19:27,221	503,0	
00:19:27,258	502,9	
00:19:27,295	502,9	
00:19:27,332	502,9	
00:19:27,369	502,9	
00:19:27,406	502,9	
00:19:27,443	502,9	
00:19:27,480	502,9	
00:19:27,517	502,9	
00:19:27,554	502,9	
00:19:27,591	502,9	
00:19:27,628	502,9	
00:19:27,665	502,9	
00:19:27,702	502,9	
00:19:27,739	502,9	
00:19:27,776	502,9	
00:19:27,813	502,9	
00:19:27,850	502,9	
00:19:27,887	502,9	
00:19:27,924	502,9	
00:19:27,961	502,8	
00:19:27,998	502,8	
00:19:28,035	502,8	
00:19:28,072	502,8	
00:19:28,109	502,8	
00:19:28,146	502,8	
00:19:28,184	502,8	
00:19:28,221	502,8	
00:19:28,258	502,8	
00:19:28,295	502,8	
00:19:28,332	502,8	
00:19:28,369	502,8	
00:19:28,406	502,8	
00:19:28,443	502,8	
00:19:28,480	502,8	
00:19:28,517	502,8	
00:19:28,554	502,8	
00:19:28,591	502,8	
00:19:28,628	502,9	
00:19:28,665	502,9	
00:19:28,702	502,9	
00:19:28,739	502,9	
00:19:28,776	502,9	
00:19:28,813	502,9	
00:19:28,850	502,9	
00:19:28,887	502,9	
00:19:28,924	502,9	
00:19:28,961	502,9	
00:19:28,998	502,9	
00:19:29,035	502,9	
00:19:29,072	502,9	
00:19:29,109	503,0	
00:19:29,146	503,0	
00:19:29,184	503,0	
00:19:29,221	503,0	
00:19:29,258	503,0	
00:19:29,295	503,0	
00:19:29,332	503,0	
00:19:29,369	503,0	
00:19:29,406	503,0	
00:19:29,443	503,0	
00:19:29,480	503,0	
00:19:29,517	503,0	
00:19:29,554	503,1	
00:19:29,591	503,1	
00:19:29,628	503,1	
00:19:29,665	503,1	
00:19:29,702	503,1	
00:19:29,739	503,1	
00:19:29,776	503,1	
00:19:29,813	503,1	
00:19:29,850	503,1	
00:19:29,887	503,1	
00:19:29,924	503,1	
00:19:29,961	503,1	
00:19:29,998	503,1	
00:19:30,035	503,2	
00:19:30,072	503,2	
00:19:30,109	503,2	
00:19:30,146	503,2	
00:19:30,184	503,2	
00:19:30,221	503,2	
00:19:30,258	503,2	
00:19:30,295	503,2	
00:19:30,332	503,2	
00:19:30,369	503,2	
00:19:30,406	503,2	
00:19:30,443	503,2	
00:19:30,480	503,3	
00:19:30,517	503,3	
00:19:30,554	503,3	
00:19:30,591	503,3	
00:19:30,628	503,3	
00:19:30,665	503,3	
00:19:30,702	503,3	
00:19:30,739	503,3	
00:19:30,776	503,3	
00:19:30,813	503,3	
00:19:30,850	503,3	
00:19:30,887	503,3	
00:19:30,924	503,3	
00:19:30,961	503,4	
00:19:30,998	503,4	
00:19:31,035	503,4	
00:19:31,072	503,4	
00:19:31,109	503,4	
00:19:31,146	503,4	
00:19:31,184	503,4	
00:19:31,221	503,4	
00:19:31,258	503,4	
00:19:31,295	503,4	
00:19:31,332	503,4	
00:19:31,369	503,4	
00:19:31,406	503,5	
00:19:31,443	503,5	
00:19:31,480	503,5	
00:19:31,517	503,5	
00:19:31,554	503,5	
00:19:31,591	503,5	
00:19:31,628	503,5	
00:19:31,665	503,5	
00:19:31,702	503,5	
00:19:31,739	503,5	
00:19:31,776	503,5	
00:19:31,813	503,5	
00:19:31,850	503,5	
00:19:31,887	503,6	
00:19:31,924	503,6	
00:19:31,961	503,6	
00:19:31,998	503,6	
00:19:32,035	503,6	
00:19:32,072	503,6	
00:19:32,109	503,6	
00:19:32,146	503,6	
00:19:32,184	503,6	
00:19:32,221	503,6	
00:19:32,258	503,6	
00:19:32,295	503,6	
00:19:32,332	503,6	
00:19:32,369	503,7	
00:19:32,406	503,7	
00:19:32,443	503,7	
00:19:32,480	503,7	
00:19:32,517	503,7	
00:19:32,554	503,7	
00:19:32,591	503,7	
00:19:32,628	503,7	
00:19:32,665	503,7	
00:19:32,702	503,7	
00:19:32,739	503,7	
00:19:32,776	503,7	
00:19:32,813	503,7	
00:19:32,850	503,8	
00:19:32,887	503,8	
00:19:32,924	503,8	
00:19:32,961	503,8	
00:19:32,998	503,8	
00:19:33,035	503,8	
00:19:33,072	503,8	
00:19:33,109	503,8	
00:19:33,146	503,8	
00:19:33,184	503,8	
00:19:33,221	503,8	
00:19:33,258	503,8	
00:19:33,295	503,8	
00:19:33,332	503,9	
00:19:33,369	503,9	
00:19:33,406	503,9	
00:19:33,443	503,9	
00:19:33,480	503,9	
00:19:33,517	503,9	
00:19:33,554	503,9	
00:19:33,591	503,9	
00:19:33,628	503,9	
00:19:33,665	503,9	
00:19:33,702	503,9	
00:19:33,739	503,9	
00:19:33,776	504,0	
00:19:33,813	504,0	
00:19:33,850	504,0	
00:19:33,887	504,0	
00:19:33,924	504,0	
00:19:33,961	504,0	
00:19:33,998	504,0	
00:19:34,035	504,0	
00:19:34,072	504,0	
00:19:34,109	504,0	
00:19:34,146	504,0	
00:19:34,184	504,0	
00:19:34,221	504,0	
00:19:34,258	504,1	
00:19:34,295	504,1	
00:19:34,332	504,1	
00:19:34,369	504,1	
00:19:34,406	504,1	
00:19:34,443	504,1	
00:19:34,480	504,1	
00:19:34,517	504,1	
00:19:34,554	504,0	
00:19:34,591	504,0	
00:19:34,628	503,9	
00:19:34,665	503,9	
00:19:34,702	503,8	
00:19:34,739	503,8	
00:19:34,776	503,7	
00:19:34,813	503,7	
00:19:34,850	503,6	
00:19:34,887	503,6	
00:19:34,924	503,5	
00:19:34,961	503,5	
00:19:34,998	503,4	
00:19:35,035	503,4	
00:19:35,072	503,3	
00:19:35,109	503,3	
00:19:35,146	503,2	
00:19:35,184	503,2	
00:19:35,221	503,2	
00:19:35,258	503,1	
00:19:35,295	503,0	
00:19:35,332	503,0	
00:19:35,369	503,0	
00:19:35,406	502,9	
00:19:35,443	502,8	
00:19:35,480	502,8	
00:19:35,517	502,8	
00:19:35,554	502,7	
00:19:35,591	502,6	
00:19:35,628	502,6	
00:19:35,665	502,6	
00:19:35,702	502,5	
00:19:35,739	502,4	
00:19:35,776	502,4	
00:19:35,813	502,4	
00:19:35,850	502,3	
00:19:35,887	502,2	
00:19:35,924	502,2	
00:19:35,961	502,2	
00:19:35,998	502,1	
00:19:36,035	502,0	
00:19:36,072	502,0	
00:19:36,109	501,9	
00:19:36,146	501,9	
00:19:36,184	501,8	
00:19:36,221	501,8	
00:19:36,258	501,7	
00:19:36,295	501,7	
00:19:36,332	501,7	
00:19:36,369	501,6	
00:19:36,406	501,6	
00:19:36,443	501,6	
00:19:36,480	501,5	
00:19:36,517	501,4	
00:19:36,554	501,4	
00:19:36,591	501,4	
00:19:36,628	501,3	
00:19:36,665	501,2	
00:19:36,702	501,2	
00:19:36,739	501,2	
00:19:36,776	501,1	
00:19:36,813	501,0	
00:19:36,850	501,0	
00:19:36,887	501,0	
00:19:36,924	500,9	
00:19:36,961	500,8	
00:19:36,998	500,8	
00:19:37,035	500,8	
00:19:37,072	500,7	
00:19:37,109	500,6	
00:19:37,146	500,6	
00:19:37,184	500,5	
00:19:37,221	500,5	
00:19:37,258	500,4	
00:19:37,295	500,4	
00:19:37,332	500,3	
00:19:37,369	500,3	
00:19:37,406	500,2	
00:19:37,443	500,2	
00:19:37,480	500,1	
00:19:37,517	500,1	
00:19:37,554	500,0	
00:19:37,591	500,0	
00:19:37,628	499,9	
00:19:37,665	499,9	
00:19:37,702	499,8	
00:19:37,739	499,8	
00:19:37,776	499,7	
00:19:37,813	499,7	
00:19:37,850	499,6	
00:19:37,887	499,6	
00:19:37,924	499,5	
00:19:37,961	499,5	
00:19:37,998	499,4	
00:19:38,035	499,4	
00:19:38,072	499,3	
00:19:38,109	499,3	
00:19:38,146	499,2	
00:19:38,184	499,2	
00:19:38,221	499,2	
00:19:38,258	499,1	
00:19:38,295	499,1	
00:19:38,332	499,0	
00:19:38,369	499,0	
00:19:38,406	498,9	
00:19:38,443	498,9	
00:19:38,480	498,8	
00:19:38,517	498,8	
00:19:38,554	498,7	
00:19:38,591	498,7	
00:19:38,628	498,6	
00:19:38,665	498,6	
00:19:38,702	498,5	
00:19:38,739	498,5	
00:19:38,776	498,4	
00:19:38,813	498,4	
00:19:38,850	498,3	
00:19:38,887	498,3	
00:19:38,924	498,2	
00:19:38,961	498,2	
00:19:38,998	498,1	
00:19:39,035	498,1	
00:19:39,072	498,0	
00:19:39,109	498,0	
00:19:39,146	497,9	
00:19:39,184	497,9	
00:19:39,221	497,8	
00:19:39,258	497,8	
00:19:39,295	497,7	
00:19:39,332	497,7	
00:19:39,369	497,7	
00:19:39,406	497,6	
00:19:39,443	497,5	
00:19:39,480	497,5	
00:19:39,517	497,5	
00:19:39,554	497,4	
00:19:39,591	497,3	
00:19:39,628	497,3	
00:19:39,665	497,3	
00:19:39,702	497,2	
00:19:39,739	497,1	
00:19:39,776	497,1	
00:19:39,813	497,1	
00:19:39,850	497,0	
00:19:39,887	496,9	
00:19:39,924	496,9	
00:19:39,961	496,9	
00:19:39,998	496,8	
00:19:40,035	496,8	
00:19:40,072	496,7	
00:19:40,109	496,7	
00:19:40,146	496,6	
00:19:40,184	496,6	
00:19:40,221	496,5	
00:19:40,258	496,5	
00:19:40,295	496,4	
00:19:40,332	496,4	
00:19:40,369	496,3	
00:19:40,406	496,3	
00:19:40,443	496,3	
00:19:40,480	496,2	
00:19:40,517	496,1	
00:19:40,554	496,1	
00:19:40,591	496,1	
00:19:40,628	496,0	
00:19:40,665	495,9	
00:19:40,702	495,9	
00:19:40,739	495,9	
00:19:40,776	495,8	
00:19:40,813	495,7	
00:19:40,850	495,7	
00:19:40,887	495,7	
00:19:40,924	495,6	
00:19:40,961	495,5	
00:19:40,998	495,5	
00:19:41,035	495,5	
00:19:41,072	495,4	
00:19:41,109	495,3	
00:19:41,146	495,3	
00:19:41,184	495,3	
00:19:41,221	495,2	
00:19:41,258	495,1	
00:19:41,295	495,1	
00:19:41,332	495,0	
00:19:41,369	495,0	
00:19:41,406	494,9	
00:19:41,443	494,9	
00:19:41,480	494,8	
00:19:41,517	494,8	
00:19:41,554	494,7	
00:19:41,591	494,7	
00:19:41,628	494,6	
00:19:41,665	494,6	
00:19:41,702	494,5	
00:19:41,739	494,5	
00:19:41,776	494,4	
00:19:41,813	494,4	
00:19:41,850	494,3	
00:19:41,887	494,3	
00:19:41,924	494,3	
00:19:41,961	494,3	
00:19:41,998	494,3	
00:19:42,035	494,4	
00:19:42,072	494,4	
00:19:42,109	494,4	
00:19:42,146	494,4	
00:19:42,184	494,4	
00:19:42,221	494,4	
00:19:42,258	494,4	
00:19:42,295	494,4	
00:19:42,332	494,5	
00:19:42,369	494,5	
00:19:42,406	494,5	
00:19:42,443	494,5	
00:19:42,480	494,5	
00:19:42,517	494,5	
00:19:42,554	494,5	
00:19:42,591	494,5	
00:19:42,628	494,6	
00:19:42,665	494,6	
00:19:42,702	494,6	
00:19:42,739	494,6	
00:19:42,776	494,6	
00:19:42,813	494,6	
00:19:42,850	494,6	
00:19:42,887	494,6	
00:19:42,924	494,7	
00:19:42,961	494,7	
00:19:42,998	494,7	
00:19:43,035	494,7	
00:19:43,072	494,7	
00:19:43,109	494,7	
00:19:43,146	494,7	
00:19:43,184	494,7	
00:19:43,221	494,8	
00:19:43,258	494,8	
00:19:43,295	494,8	
00:19:43,332	494,8	
00:19:43,369	494,8	
00:19:43,406	494,8	
00:19:43,443	494,8	
00:19:43,480	494,8	
00:19:43,517	494,9	
00:19:43,554	494,9	
00:19:43,591	494,9	
00:19:43,628	494,9	
00:19:43,665	494,9	
00:19:43,702	494,9	
00:19:43,739	494,9	
00:19:43,776	494,9	
00:19:43,813	494,9	
00:19:43,850	495,0	
00:19:43,887	495,0	
00:19:43,924	495,0	
00:19:43,961	495,0	
00:19:43,998	495,0	
00:19:44,035	495,0	
00:19:44,072	495,0	
00:19:44,109	495,0	
00:19:44,146	495,1	
00:19:44,184	495,1	
00:19:44,221	495,1	
00:19:44,258	495,1	
00:19:44,295	495,1	
00:19:44,332	495,1	
00:19:44,369	495,2	
00:19:44,406	495,2	
00:19:44,443	495,2	
00:19:44,480	495,2	
00:19:44,517	495,2	
00:19:44,554	495,2	
00:19:44,591	495,2	
00:19:44,628	495,2	
00:19:44,665	495,3	
00:19:44,702	495,3	
00:19:44,739	495,3	
00:19:44,776	495,3	
00:19:44,813	495,3	
00:19:44,850	495,3	
00:19:44,887	495,3	
00:19:44,924	495,3	
00:19:44,961	495,4	
00:19:44,998	495,4	
00:19:45,035	495,4	
00:19:45,072	495,4	
00:19:45,109	495,4	
00:19:45,146	495,4	
00:19:45,184	495,4	
00:19:45,221	495,4	
00:19:45,258	495,5	
00:19:45,295	495,5	
00:19:45,332	495,5	
00:19:45,369	495,5	
00:19:45,406	495,5	
00:19:45,443	495,5	
00:19:45,480	495,5	
00:19:45,517	495,5	
00:19:45,554	495,6	
00:19:45,591	495,6	
00:19:45,628	495,6	
00:19:45,665	495,6	
00:19:45,702	495,6	
00:19:45,739	495,6	
00:19:45,776	495,6	
00:19:45,813	495,6	
00:19:45,850	495,7	
00:19:45,887	495,7	
00:19:45,924	495,7	
00:19:45,961	495,7	
00:19:45,998	495,7	
00:19:46,035	495,7	
00:19:46,072	495,7	
00:19:46,109	495,7	
00:19:46,146	495,8	
00:19:46,183	495,8	
00:19:46,221	495,8	
00:19:46,258	495,8	
00:19:46,295	495,8	
00:19:46,332	495,8	
00:19:46,369	495,8	
00:19:46,406	495,8	
00:19:46,443	495,9	
00:19:46,480	495,9	
00:19:46,517	495,9	
00:19:46,554	495,9	
00:19:46,591	495,9	
00:19:46,628	495,9	
00:19:46,665	495,9	
00:19:46,702	495,9	
00:19:46,739	495,9	
00:19:46,776	496,0	
00:19:46,813	496,0	
00:19:46,850	496,0	
00:19:46,887	496,0	
00:19:46,924	496,1	
00:19:46,961	496,1	
00:19:46,998	496,1	
00:19:47,035	496,1	
00:19:47,072	496,2	
00:19:47,109	496,2	
00:19:47,146	496,3	
00:19:47,183	496,3	
00:19:47,221	496,3	
00:19:47,258	496,4	
00:19:47,295	496,4	
00:19:47,332	496,4	
00:19:47,369	496,5	
00:19:47,406	496,5	
00:19:47,443	496,5	
00:19:47,480	496,5	
00:19:47,517	496,6	
00:19:47,554	496,6	
00:19:47,591	496,6	
00:19:47,628	496,7	
00:19:47,665	496,7	
00:19:47,702	496,7	
00:19:47,739	496,8	
00:19:47,776	496,8	
00:19:47,813	496,8	
00:19:47,850	496,9	
00:19:47,887	496,9	
00:19:47,924	496,9	
00:19:47,961	496,9	
00:19:47,998	497,0	
00:19:48,035	497,0	
00:19:48,072	497,1	
00:19:48,109	497,1	
00:19:48,146	497,1	
00:19:48,183	497,2	
00:19:48,221	497,2	
00:19:48,258	497,2	
00:19:48,295	497,3	
00:19:48,332	497,3	
00:19:48,369	497,3	
00:19:48,406	497,3	
00:19:48,443	497,4	
00:19:48,480	497,4	
00:19:48,517	497,5	
00:19:48,554	497,5	
00:19:48,591	497,5	
00:19:48,628	497,6	
00:19:48,665	497,6	
00:19:48,702	497,6	
00:19:48,739	497,6	
00:19:48,776	497,7	
00:19:48,813	497,7	
00:19:48,850	497,7	
00:19:48,887	497,7	
00:19:48,924	497,8	
00:19:48,961	497,8	
00:19:48,998	497,9	
00:19:49,035	497,9	
00:19:49,072	497,9	
00:19:49,109	498,0	
00:19:49,146	498,0	
00:19:49,183	498,0	
00:19:49,221	498,1	
00:19:49,258	498,1	
00:19:49,295	498,1	
00:19:49,332	498,1	
00:19:49,369	498,2	
00:19:49,406	498,2	
00:19:49,443	498,3	
00:19:49,480	498,3	
00:19:49,517	498,3	
00:19:49,554	498,4	
00:19:49,591	498,4	
00:19:49,628	498,4	
00:19:49,665	498,5	
00:19:49,702	498,5	
00:19:49,739	498,5	
00:19:49,776	498,6	
00:19:49,813	498,6	
00:19:49,850	498,6	
00:19:49,887	498,7	
00:19:49,924	498,7	
00:19:49,961	498,7	
00:19:49,998	498,7	
00:19:50,035	498,8	
00:19:50,072	498,8	
00:19:50,109	498,8	
00:19:50,146	498,9	
00:19:50,183	498,9	
00:19:50,221	498,9	
00:19:50,258	498,9	
00:19:50,295	499,0	
00:19:50,332	499,0	
00:19:50,369	499,1	
00:19:50,406	499,1	
00:19:50,443	499,1	
00:19:50,480	499,2	
00:19:50,517	499,2	
00:19:50,554	499,2	
00:19:50,591	499,3	
00:19:50,628	499,3	
00:19:50,665	499,3	
00:19:50,702	499,4	
00:19:50,739	499,4	
00:19:50,776	499,4	
00:19:50,813	499,5	
00:19:50,850	499,5	
00:19:50,887	499,5	
00:19:50,924	499,6	
00:19:50,961	499,6	
00:19:50,998	499,6	
00:19:51,035	499,6	
00:19:51,072	499,7	
00:19:51,109	499,7	
00:19:51,146	499,8	
00:19:51,183	499,8	
00:19:51,221	499,8	
00:19:51,258	499,8	
00:19:51,295	499,9	
00:19:51,332	499,9	
00:19:51,369	499,9	
00:19:51,406	500,0	
00:19:51,443	500,0	
00:19:51,480	500,0	
00:19:51,517	500,1	
00:19:51,554	500,1	
00:19:51,591	500,1	
00:19:51,628	500,1	
00:19:51,665	500,2	
00:19:51,702	500,2	
00:19:51,739	500,3	
00:19:51,776	500,3	
00:19:51,813	500,3	
00:19:51,850	500,2	
00:19:51,887	500,2	
00:19:51,924	500,2	
00:19:51,961	500,2	
00:19:51,998	500,1	
00:19:52,035	500,0	
00:19:52,072	500,0	
00:19:52,109	500,0	
00:19:52,146	499,9	
00:19:52,183	499,9	
00:19:52,221	499,9	
00:19:52,258	499,9	
00:19:52,295	499,8	
00:19:52,332	499,7	
00:19:52,369	499,7	
00:19:52,406	499,7	
00:19:52,443	499,6	
00:19:52,480	499,6	
00:19:52,517	499,6	
00:19:52,554	499,6	
00:19:52,591	499,5	
00:19:52,628	499,4	
00:19:52,665	499,4	
00:19:52,702	499,4	
00:19:52,739	499,3	
00:19:52,776	499,3	
00:19:52,813	499,3	
00:19:52,850	499,2	
00:19:52,887	499,2	
00:19:52,924	499,2	
00:19:52,961	499,1	
00:19:52,998	499,1	
00:19:53,035	499,1	
00:19:53,072	499,0	
00:19:53,109	499,0	
00:19:53,146	498,9	
00:19:53,183	498,9	
00:19:53,221	498,9	
00:19:53,258	498,8	
00:19:53,295	498,8	
00:19:53,332	498,8	
00:19:53,369	498,7	
00:19:53,406	498,7	
00:19:53,443	498,6	
00:19:53,480	498,6	
00:19:53,517	498,6	
00:19:53,554	498,5	
00:19:53,591	498,5	
00:19:53,628	498,5	
00:19:53,665	498,4	
00:19:53,702	498,4	
00:19:53,739	498,3	
00:19:53,776	498,3	
00:19:53,813	498,3	
00:19:53,850	498,2	
00:19:53,887	498,2	
00:19:53,924	498,2	
00:19:53,961	498,1	
00:19:53,998	498,1	
00:19:54,035	498,0	
00:19:54,072	498,0	
00:19:54,109	498,0	
00:19:54,146	497,9	
00:19:54,183	497,9	
00:19:54,221	497,9	
00:19:54,258	497,9	
00:19:54,295	497,8	
00:19:54,332	497,7	
00:19:54,369	497,7	
00:19:54,406	497,7	
00:19:54,443	497,6	
00:19:54,480	497,6	
00:19:54,517	497,6	
00:19:54,554	497,6	
00:19:54,591	497,5	
00:19:54,628	497,5	
00:19:54,665	497,4	
00:19:54,702	497,4	
00:19:54,739	497,3	
00:19:54,776	497,3	
00:19:54,813	497,3	
00:19:54,850	497,2	
00:19:54,887	497,2	
00:19:54,924	497,2	
00:19:54,961	497,1	
00:19:54,998	497,1	
00:19:55,035	497,1	
00:19:55,072	497,0	
00:19:55,109	497,0	
00:19:55,146	496,9	
00:19:55,183	496,9	
00:19:55,221	496,9	
00:19:55,258	496,8	
00:19:55,295	496,8	
00:19:55,332	496,8	
00:19:55,369	496,7	
00:19:55,406	496,7	
00:19:55,443	496,6	
00:19:55,480	496,6	
00:19:55,517	496,6	
00:19:55,554	496,5	
00:19:55,591	496,5	
00:19:55,628	496,5	
00:19:55,665	496,4	
00:19:55,702	496,4	
00:19:55,739	496,3	
00:19:55,776	496,3	
00:19:55,813	496,3	
00:19:55,850	496,2	
00:19:55,887	496,2	
00:19:55,924	496,2	
00:19:55,961	496,1	
00:19:55,998	496,1	
00:19:56,035	496,0	
00:19:56,072	496,0	
00:19:56,109	496,0	
00:19:56,146	495,9	
00:19:56,183	495,9	
00:19:56,221	495,9	
00:19:56,258	495,9	
00:19:56,295	495,8	
00:19:56,332	495,7	
00:19:56,369	495,7	
00:19:56,406	495,7	
00:19:56,443	495,6	
00:19:56,480	495,6	
00:19:56,517	495,6	
00:19:56,554	495,6	
00:19:56,591	495,5	
00:19:56,628	495,5	
00:19:56,665	495,4	
00:19:56,702	495,4	
00:19:56,739	495,3	
00:19:56,776	495,3	
00:19:56,813	495,3	
00:19:56,850	495,3	
00:19:56,887	495,2	
00:19:56,924	495,2	
00:19:56,961	495,1	
00:19:56,998	495,1	
00:19:57,035	495,0	
00:19:57,072	495,0	
00:19:57,109	495,0	
00:19:57,146	494,9	
00:19:57,183	494,9	
00:19:57,221	494,9	
00:19:57,258	494,8	
00:19:57,295	494,8	
00:19:57,332	494,8	
00:19:57,369	494,7	
00:19:57,406	494,7	
00:19:57,443	494,6	
00:19:57,480	494,6	
00:19:57,517	494,6	
00:19:57,554	494,5	
00:19:57,591	494,5	
00:19:57,628	494,5	
00:19:57,665	494,4	
00:19:57,702	494,4	
00:19:57,739	494,3	
00:19:57,776	494,3	
00:19:57,813	494,3	
00:19:57,850	494,2	
00:19:57,887	494,2	
00:19:57,924	494,2	
00:19:57,961	494,1	
00:19:57,998	494,1	
00:19:58,035	494,0	
00:19:58,072	494,0	
00:19:58,109	494,0	
00:19:58,146	493,9	
00:19:58,183	493,9	
00:19:58,221	493,9	
00:19:58,258	493,9	
00:19:58,295	493,8	
00:19:58,332	493,8	
00:19:58,369	493,7	
00:19:58,406	493,7	
00:19:58,443	493,6	
00:19:58,480	493,6	
00:19:58,517	493,6	
00:19:58,554	493,6	
00:19:58,591	493,5	
00:19:58,628	493,5	
00:19:58,665	493,4	
00:19:58,702	493,4	
00:19:58,739	493,3	
00:19:58,776	493,3	
00:19:58,813	493,3	
00:19:58,850	493,3	
00:19:58,887	493,2	
00:19:58,924	493,2	
00:19:58,961	493,1	
00:19:58,998	493,1	
00:19:59,035	493,0	
00:19:59,072	493,0	
00:19:59,109	493,0	
00:19:59,146	492,9	
00:19:59,183	492,9	
00:19:59,221	492,9	
00:19:59,258	492,9	
00:19:59,295	492,9	
00:19:59,332	492,9	
00:19:59,369	492,9	
00:19:59,406	492,9	
00:19:59,443	492,9	
00:19:59,480	492,9	
00:19:59,517	493,0	
00:19:59,554	493,0	
00:19:59,591	493,0	
00:19:59,628	493,0	
00:19:59,665	493,0	
00:19:59,702	493,0	
00:19:59,739	493,0	
00:19:59,776	493,0	
00:19:59,813	493,0	
00:19:59,850	493,0	
00:19:59,887	493,0	
00:19:59,924	493,0	
00:19:59,961	493,0	
00:19:59,998	493,0	
00:20:00,035	493,0	
00:20:00,072	493,0	
00:20:00,109	493,0	
00:20:00,146	493,1	
00:20:00,183	493,1	
00:20:00,221	493,1	
00:20:00,258	493,1	
00:20:00,295	493,1	
00:20:00,332	493,1	
00:20:00,369	493,1	
00:20:00,406	493,1	
00:20:00,443	493,1	
00:20:00,480	493,1	
00:20:00,517	493,1	
00:20:00,554	493,1	
00:20:00,591	493,1	
00:20:00,628	493,1	
00:20:00,665	493,1	
00:20:00,702	493,1	
00:20:00,739	493,1	
00:20:00,776	493,1	
00:20:00,813	493,2	
00:20:00,850	493,2	
00:20:00,887	493,2	
00:20:00,924	493,2	
00:20:00,961	493,2	
00:20:00,998	493,2	
00:20:01,035	493,2	
00:20:01,072	493,2	
00:20:01,109	493,2	
00:20:01,146	493,2	
00:20:01,183	493,2	
00:20:01,221	493,2	
00:20:01,258	493,2	
00:20:01,295	493,2	
00:20:01,332	493,2	
00:20:01,369	493,2	
00:20:01,406	493,2	
00:20:01,443	493,3	
00:20:01,480	493,3	
00:20:01,517	493,3	
00:20:01,554	493,3	
00:20:01,591	493,3	
00:20:01,628	493,3	
00:20:01,665	493,3	
00:20:01,702	493,3	
00:20:01,739	493,3	
00:20:01,776	493,3	
00:20:01,813	493,3	
00:20:01,850	493,3	
00:20:01,887	493,3	
00:20:01,924	493,3	
00:20:01,961	493,3	
00:20:01,998	493,3	
00:20:02,035	493,3	
00:20:02,072	493,3	
00:20:02,109	493,4	
00:20:02,146	493,4	
00:20:02,183	493,4	
00:20:02,221	493,4	
00:20:02,258	493,4	
00:20:02,295	493,4	
00:20:02,332	493,4	
00:20:02,369	493,4	
00:20:02,406	493,4	
00:20:02,443	493,4	
00:20:02,480	493,4	
00:20:02,517	493,4	
00:20:02,554	493,4	
00:20:02,591	493,4	
00:20:02,628	493,4	
00:20:02,665	493,4	
00:20:02,702	493,4	
00:20:02,739	493,5	
00:20:02,776	493,5	
00:20:02,813	493,5	
00:20:02,850	493,5	
00:20:02,887	493,5	
00:20:02,924	493,5	
00:20:02,961	493,5	
00:20:02,998	493,5	
00:20:03,035	493,5	
00:20:03,072	493,5	
00:20:03,109	493,5	
00:20:03,146	493,5	
00:20:03,183	493,5	
00:20:03,221	493,5	
00:20:03,258	493,5	
00:20:03,295	493,5	
00:20:03,332	493,5	
00:20:03,369	493,6	
00:20:03,406	493,6	
00:20:03,443	493,6	
00:20:03,480	493,6	
00:20:03,517	493,6	
00:20:03,554	493,6	
00:20:03,591	493,6	
00:20:03,628	493,6	
00:20:03,665	493,6	
00:20:03,702	493,6	
00:20:03,739	493,6	
00:20:03,776	493,6	
00:20:03,813	493,6	
00:20:03,850	493,6	
00:20:03,887	493,6	
00:20:03,924	493,6	
00:20:03,961	493,6	
00:20:03,998	493,7	
00:20:04,035	493,7	
00:20:04,072	493,7	
00:20:04,109	493,7	
00:20:04,146	493,7	
00:20:04,183	493,7	
00:20:04,221	493,7	
00:20:04,258	493,7	
00:20:04,295	493,7	
00:20:04,332	493,7	
00:20:04,369	493,7	
00:20:04,406	493,7	
00:20:04,443	493,7	
00:20:04,480	493,7	
00:20:04,517	493,7	
00:20:04,554	493,7	
00:20:04,591	493,7	
00:20:04,628	493,8	
00:20:04,665	493,8	
00:20:04,702	493,8	
00:20:04,739	493,8	
00:20:04,776	493,8	
00:20:04,813	493,8	
00:20:04,850	493,8	
00:20:04,887	493,8	
00:20:04,924	493,8	
00:20:04,961	493,8	
00:20:04,998	493,8	
00:20:05,035	493,8	
00:20:05,072	493,8	
00:20:05,109	493,8	
00:20:05,146	493,8	
00:20:05,183	493,8	
00:20:05,221	493,8	
00:20:05,258	493,9	
00:20:05,295	493,9	
00:20:05,332	493,9	
00:20:05,369	493,9	
00:20:05,406	493,9	
00:20:05,443	493,9	
00:20:05,480	493,9	
00:20:05,517	493,9	
00:20:05,554	493,9	
00:20:05,591	493,9	
00:20:05,628	493,9	
00:20:05,665	493,9	
00:20:05,702	493,9	
00:20:05,739	493,9	
00:20:05,776	493,9	
00:20:05,813	493,9	
00:20:05,850	493,9	
00:20:05,887	493,9	
00:20:05,924	493,9	
00:20:05,961	494,0	
00:20:05,998	494,0	
00:20:06,035	494,0	
00:20:06,072	494,0	
00:20:06,109	494,0	
00:20:06,146	494,0	
00:20:06,183	494,0	
00:20:06,221	494,0	
00:20:06,258	494,0	
00:20:06,295	494,0	
00:20:06,332	494,0	
00:20:06,369	494,0	
00:20:06,406	494,0	
00:20:06,443	494,0	
00:20:06,480	494,0	
00:20:06,517	494,0	
00:20:06,554	494,0	
00:20:06,591	494,1	
00:20:06,628	494,1	
00:20:06,665	494,1	
00:20:06,702	494,1	
00:20:06,739	494,1	
00:20:06,776	494,1	
00:20:06,813	494,1	
00:20:06,850	494,1	
00:20:06,887	494,1	
00:20:06,924	494,1	
00:20:06,961	494,1	
00:20:06,998	494,1	
00:20:07,035	494,1	
00:20:07,072	494,1	
00:20:07,109	494,1	
00:20:07,146	494,1	
00:20:07,183	494,2	
00:20:07,221	494,2	
00:20:07,258	494,2	
00:20:07,295	494,2	
00:20:07,332	494,2	
00:20:07,369	494,2	
00:20:07,406	494,2	
00:20:07,443	494,2	
00:20:07,480	494,2	
00:20:07,517	494,2	
00:20:07,554	494,2	
00:20:07,591	494,2	
00:20:07,628	494,2	
00:20:07,665	494,2	
00:20:07,702	494,2	
00:20:07,739	494,2	
00:20:07,776	494,2	
00:20:07,813	494,3	
00:20:07,850	494,3	
00:20:07,887	494,3	
00:20:07,924	494,3	
00:20:07,961	494,3	
00:20:07,998	494,3	
00:20:08,035	494,3	
00:20:08,072	494,3	
00:20:08,109	494,3	
00:20:08,146	494,3	
00:20:08,183	494,3	
00:20:08,221	494,3	
00:20:08,258	494,3	
00:20:08,295	494,3	
00:20:08,332	494,3	
00:20:08,369	494,3	
00:20:08,406	494,3	
00:20:08,443	494,3	
00:20:08,480	494,4	
00:20:08,517	494,4	
00:20:08,554	494,4	
00:20:08,591	494,4	
00:20:08,628	494,4	
00:20:08,665	494,4	
00:20:08,702	494,4	
00:20:08,739	494,4	
00:20:08,776	494,4	
00:20:08,813	494,4	
00:20:08,850	494,4	
00:20:08,887	494,4	
00:20:08,924	494,4	
00:20:08,961	494,4	
00:20:08,998	494,4	
00:20:09,035	494,4	
00:20:09,072	494,4	
00:20:09,109	494,5	
00:20:09,146	494,5	
00:20:09,183	494,5	
00:20:09,221	494,5	
00:20:09,258	494,5	
00:20:09,295	494,5	
00:20:09,332	494,5	
00:20:09,369	494,5	
00:20:09,406	494,5	
00:20:09,443	494,5	
00:20:09,480	494,5	
00:20:09,517	494,5	
00:20:09,554	494,5	
00:20:09,591	494,5	
00:20:09,628	494,5	
00:20:09,665	494,5	
00:20:09,702	494,5	
00:20:09,739	494,6	
00:20:09,776	494,6	
00:20:09,813	494,6	
00:20:09,850	494,6	
00:20:09,887	494,6	
00:20:09,924	494,6	
00:20:09,961	494,6	
00:20:09,998	494,6	
00:20:10,035	494,6	
00:20:10,072	494,6	
00:20:10,109	494,6	
00:20:10,146	494,6	
00:20:10,183	494,6	
00:20:10,221	494,6	
00:20:10,258	494,6	
00:20:10,295	494,6	
00:20:10,332	494,6	
00:20:10,369	494,6	
00:20:10,406	494,7	
00:20:10,443	494,7	
00:20:10,480	494,7	
00:20:10,517	494,7	
00:20:10,554	494,7	
00:20:10,591	494,7	
00:20:10,628	494,7	
00:20:10,665	494,7	
00:20:10,702	494,7	
00:20:10,739	494,7	
00:20:10,776	494,7	
00:20:10,813	494,7	
00:20:10,850	494,7	
00:20:10,887	494,7	
00:20:10,924	494,7	
00:20:10,961	494,7	
00:20:10,998	494,7	
00:20:11,035	494,8	
00:20:11,072	494,8	
00:20:11,109	494,8	
00:20:11,146	494,8	
00:20:11,183	494,8	
00:20:11,221	494,8	
00:20:11,258	494,8	
00:20:11,295	494,8	
00:20:11,332	494,8	
00:20:11,369	494,8	
00:20:11,406	494,8	
00:20:11,443	494,8	
00:20:11,480	494,8	
00:20:11,517	494,8	
00:20:11,554	494,8	
00:20:11,591	494,8	
00:20:11,628	494,8	
00:20:11,665	494,9	
00:20:11,702	494,9	
00:20:11,739	494,9	
00:20:11,776	494,9	
00:20:11,813	494,9	
00:20:11,850	494,9	
00:20:11,887	494,9	
00:20:11,924	494,9	
00:20:11,961	494,9	
00:20:11,998	494,9	
00:20:12,035	494,9	
00:20:12,072	494,9	
00:20:12,109	494,9	
00:20:12,146	494,9	
00:20:12,183	494,9	
00:20:12,221	494,9	
00:20:12,258	494,9	
00:20:12,295	495,0	
00:20:12,332	495,0	
00:20:12,369	495,0	
00:20:12,406	495,0	
00:20:12,443	495,0	
00:20:12,480	495,0	
00:20:12,517	495,0	
00:20:12,554	495,0	
00:20:12,591	495,0	
00:20:12,628	495,0	
00:20:12,665	495,0	
00:20:12,702	495,0	
00:20:12,739	495,0	
00:20:12,776	495,0	
00:20:12,813	495,0	
00:20:12,850	495,0	
00:20:12,887	495,0	
00:20:12,924	495,0	
00:20:12,961	495,1	
00:20:12,998	495,1	
00:20:13,035	495,1	
00:20:13,072	495,1	
00:20:13,109	495,1	
00:20:13,146	495,1	
00:20:13,183	495,1	
00:20:13,221	495,1	
00:20:13,258	495,1	
00:20:13,295	495,1	
00:20:13,332	495,1	
00:20:13,369	495,1	
00:20:13,406	495,1	
00:20:13,443	495,1	
00:20:13,480	495,1	
00:20:13,517	495,1	
00:20:13,554	495,1	
00:20:13,591	495,1	
00:20:13,628	495,2	
00:20:13,665	495,2	
00:20:13,702	495,2	
00:20:13,739	495,2	
00:20:13,776	495,2	
00:20:13,813	495,2	
00:20:13,850	495,2	
00:20:13,887	495,2	
00:20:13,924	495,2	
00:20:13,961	495,2	
00:20:13,998	495,2	
00:20:14,035	495,2	
00:20:14,072	495,2	
00:20:14,109	495,2	
00:20:14,146	495,2	
00:20:14,183	495,2	
00:20:14,221	495,3	
00:20:14,258	495,3	
00:20:14,295	495,3	
00:20:14,332	495,3	
00:20:14,369	495,3	
00:20:14,406	495,3	
00:20:14,443	495,3	
00:20:14,480	495,3	
00:20:14,517	495,3	
00:20:14,554	495,3	
00:20:14,591	495,3	
00:20:14,628	495,3	
00:20:14,665	495,3	
00:20:14,702	495,3	
00:20:14,739	495,3	
00:20:14,776	495,3	
00:20:14,813	495,3	
00:20:14,850	495,4	
00:20:14,887	495,4	
00:20:14,924	495,4	
00:20:14,961	495,4	
00:20:14,998	495,4	
00:20:15,035	495,4	
00:20:15,072	495,4	
00:20:15,109	495,4	
00:20:15,146	495,4	
00:20:15,183	495,4	
00:20:15,221	495,4	
00:20:15,258	495,4	
00:20:15,295	495,4	
00:20:15,332	495,4	
00:20:15,369	495,4	
00:20:15,406	495,4	
00:20:15,443	495,4	
00:20:15,480	495,4	
00:20:15,517	495,5	
00:20:15,554	495,5	
00:20:15,591	495,5	
00:20:15,628	495,5	
00:20:15,665	495,5	
00:20:15,702	495,5	
00:20:15,739	495,5	
00:20:15,776	495,5	
00:20:15,813	495,5	
00:20:15,850	495,5	
00:20:15,887	495,5	
00:20:15,924	495,5	
00:20:15,961	495,5	
00:20:15,998	495,5	
00:20:16,035	495,5	
00:20:16,072	495,5	
00:20:16,109	495,5	
00:20:16,146	495,6	
00:20:16,183	495,6	
00:20:16,221	495,6	
00:20:16,258	495,6	
00:20:16,295	495,6	
00:20:16,332	495,6	
00:20:16,369	495,6	
00:20:16,406	495,6	
00:20:16,443	495,6	
00:20:16,480	495,6	
00:20:16,517	495,6	
00:20:16,554	495,7	
00:20:16,591	495,7	
00:20:16,628	495,7	
00:20:16,665	495,7	
00:20:16,702	495,8	
00:20:16,739	495,8	
00:20:16,776	495,8	
00:20:16,813	495,8	
00:20:16,850	495,9	
00:20:16,887	495,9	
00:20:16,924	495,9	
00:20:16,961	495,9	
00:20:16,998	496,0	
00:20:17,035	496,0	
00:20:17,072	496,0	
00:20:17,109	496,0	
00:20:17,146	496,1	
00:20:17,183	496,1	
00:20:17,221	496,1	
00:20:17,258	496,1	
00:20:17,295	496,2	
00:20:17,332	496,2	
00:20:17,369	496,2	
00:20:17,406	496,2	
00:20:17,443	496,3	
00:20:17,480	496,3	
00:20:17,517	496,3	
00:20:17,554	496,3	
00:20:17,591	496,4	
00:20:17,628	496,4	
00:20:17,665	496,4	
00:20:17,702	496,4	
00:20:17,739	496,5	
00:20:17,776	496,5	
00:20:17,813	496,5	
00:20:17,850	496,5	
00:20:17,887	496,6	
00:20:17,924	496,6	
00:20:17,961	496,6	
00:20:17,998	496,6	
00:20:18,035	496,7	
00:20:18,072	496,7	
00:20:18,109	496,7	
00:20:18,146	496,7	
00:20:18,183	496,8	
00:20:18,221	496,8	
00:20:18,258	496,8	
00:20:18,295	496,8	
00:20:18,332	496,9	
00:20:18,369	496,9	
00:20:18,406	496,9	
00:20:18,443	496,9	
00:20:18,480	497,0	
00:20:18,517	497,0	
00:20:18,554	497,0	
00:20:18,591	497,0	
00:20:18,628	497,1	
00:20:18,665	497,1	
00:20:18,702	497,1	
00:20:18,739	497,1	
00:20:18,776	497,2	
00:20:18,813	497,2	
00:20:18,850	497,2	
00:20:18,887	497,2	
00:20:18,924	497,3	
00:20:18,961	497,3	
00:20:18,998	497,3	
00:20:19,035	497,3	
00:20:19,072	497,4	
00:20:19,109	497,4	
00:20:19,146	497,4	
00:20:19,183	497,4	
00:20:19,221	497,5	
00:20:19,258	497,5	
00:20:19,295	497,5	
00:20:19,332	497,5	
00:20:19,369	497,6	
00:20:19,406	497,6	
00:20:19,443	497,6	
00:20:19,480	497,6	
00:20:19,517	497,7	
00:20:19,554	497,7	
00:20:19,591	497,7	
00:20:19,628	497,7	
00:20:19,665	497,7	
00:20:19,702	497,8	
00:20:19,739	497,8	
00:20:19,776	497,8	
00:20:19,813	497,8	
00:20:19,850	497,9	
00:20:19,887	497,9	
00:20:19,924	497,9	
00:20:19,961	497,9	
00:20:19,998	498,0	
00:20:20,035	498,0	
00:20:20,072	498,0	
00:20:20,109	498,0	
00:20:20,146	498,1	
00:20:20,183	498,1	
00:20:20,221	498,1	
00:20:20,258	498,1	
00:20:20,295	498,2	
00:20:20,332	498,2	
00:20:20,369	498,2	
00:20:20,406	498,2	
00:20:20,443	498,3	
00:20:20,480	498,3	
00:20:20,517	498,3	
00:20:20,554	498,3	
00:20:20,591	498,4	
00:20:20,628	498,4	
00:20:20,665	498,4	
00:20:20,702	498,4	
00:20:20,739	498,5	
00:20:20,776	498,5	
00:20:20,813	498,5	
00:20:20,850	498,5	
00:20:20,887	498,6	
00:20:20,924	498,6	
00:20:20,961	498,6	
00:20:20,998	498,6	
00:20:21,035	498,7	
00:20:21,072	498,7	
00:20:21,109	498,7	
00:20:21,146	498,7	
00:20:21,183	498,8	
00:20:21,221	498,8	
00:20:21,258	498,8	
00:20:21,295	498,8	
00:20:21,332	498,9	
00:20:21,369	498,9	
00:20:21,406	498,9	
00:20:21,443	498,9	
00:20:21,480	499,0	
00:20:21,517	499,0	
00:20:21,554	499,0	
00:20:21,591	499,0	
00:20:21,628	499,1	
00:20:21,665	499,1	
00:20:21,702	499,1	
00:20:21,739	499,1	
00:20:21,776	499,2	
00:20:21,813	499,2	
00:20:21,850	499,2	
00:20:21,887	499,2	
00:20:21,924	499,3	
00:20:21,961	499,3	
00:20:21,998	499,3	
00:20:22,035	499,3	
00:20:22,072	499,4	
00:20:22,109	499,4	
00:20:22,146	499,4	
00:20:22,183	499,4	
00:20:22,221	499,5	
00:20:22,258	499,5	
00:20:22,295	499,5	
00:20:22,332	499,5	
00:20:22,369	499,6	
00:20:22,406	499,6	
00:20:22,443	499,6	
00:20:22,480	499,6	
00:20:22,517	499,7	
00:20:22,554	499,7	
00:20:22,591	499,7	
00:20:22,628	499,5	
00:20:22,665	499,3	
00:20:22,702	499,1	
00:20:22,739	499,0	
00:20:22,776	498,8	
00:20:22,813	498,6	
00:20:22,850	498,4	
00:20:22,887	498,2	
00:20:22,924	498,0	
00:20:22,961	497,9	
00:20:22,998	497,7	
00:20:23,035	497,5	
00:20:23,072	497,3	
00:20:23,109	497,1	
00:20:23,146	496,9	
00:20:23,183	496,7	
00:20:23,220	496,6	
00:20:23,258	496,4	
00:20:23,295	496,2	
00:20:23,332	496,0	
00:20:23,369	495,8	
00:20:23,406	495,6	
00:20:23,443	495,5	
00:20:23,480	495,3	
00:20:23,517	495,1	
00:20:23,554	494,9	
00:20:23,591	494,7	
00:20:23,628	494,5	
00:20:23,665	494,3	
00:20:23,702	494,2	
00:20:23,739	494,0	
00:20:23,776	493,8	
00:20:23,813	493,6	
00:20:23,850	493,4	
00:20:23,887	493,2	
00:20:23,924	493,1	
00:20:23,961	492,9	
00:20:23,998	492,7	
00:20:24,035	492,5	
00:20:24,072	492,3	
00:20:24,109	492,1	
00:20:24,146	491,9	
00:20:24,183	491,8	
00:20:24,220	491,6	
00:20:24,258	491,4	
00:20:24,295	491,2	
00:20:24,332	491,0	
00:20:24,369	490,8	
00:20:24,406	490,7	
00:20:24,443	490,5	
00:20:24,480	490,3	
00:20:24,517	490,1	
00:20:24,554	489,9	
00:20:24,591	489,7	
00:20:24,628	489,5	
00:20:24,665	489,4	
00:20:24,702	489,2	
00:20:24,739	489,0	
00:20:24,776	488,8	
00:20:24,813	488,6	
00:20:24,850	488,4	
00:20:24,887	488,3	
00:20:24,924	488,1	
00:20:24,961	487,9	
00:20:24,998	487,7	
00:20:25,035	487,5	
00:20:25,072	487,3	
00:20:25,109	487,1	
00:20:25,146	487,0	
00:20:25,183	486,8	
00:20:25,220	486,6	
00:20:25,258	486,4	
00:20:25,295	486,2	
00:20:25,332	486,0	
00:20:25,369	485,9	
00:20:25,406	485,7	
00:20:25,443	485,5	
00:20:25,480	485,3	
00:20:25,517	485,1	
00:20:25,554	484,9	
00:20:25,591	484,7	
00:20:25,628	484,6	
00:20:25,665	484,4	
00:20:25,702	484,2	
00:20:25,739	484,0	
00:20:25,776	483,8	
00:20:25,813	483,6	
00:20:25,850	483,5	
00:20:25,887	483,3	
00:20:25,924	483,1	
00:20:25,961	482,9	
00:20:25,998	482,7	
00:20:26,035	482,5	
00:20:26,072	482,3	
00:20:26,109	482,2	
00:20:26,146	482,0	
00:20:26,183	481,8	
00:20:26,220	481,6	
00:20:26,258	481,4	
00:20:26,295	481,2	
00:20:26,332	481,1	
00:20:26,369	480,9	
00:20:26,406	480,7	
00:20:26,443	480,5	
00:20:26,480	480,3	
00:20:26,517	480,1	
00:20:26,554	479,9	
00:20:26,591	479,8	
00:20:26,628	479,6	
00:20:26,665	479,4	
00:20:26,702	479,2	
00:20:26,739	479,0	
00:20:26,776	478,8	
00:20:26,813	478,7	
00:20:26,850	478,5	
00:20:26,887	478,3	
00:20:26,924	478,1	
00:20:26,961	477,9	
00:20:26,998	477,7	
00:20:27,035	477,5	
00:20:27,072	477,4	
00:20:27,109	477,2	
00:20:27,146	477,0	
00:20:27,183	476,8	
00:20:27,220	476,6	
00:20:27,258	476,4	
00:20:27,295	476,3	
00:20:27,332	476,1	
00:20:27,369	475,9	
00:20:27,406	475,7	
00:20:27,443	475,5	
00:20:27,480	475,3	
00:20:27,517	475,1	
00:20:27,554	475,0	
00:20:27,591	474,8	
00:20:27,628	474,6	
00:20:27,665	474,4	
00:20:27,702	474,2	
00:20:27,739	474,0	
00:20:27,776	473,9	
00:20:27,813	473,7	
00:20:27,850	473,5	
00:20:27,887	473,3	
00:20:27,924	473,1	
00:20:27,961	472,9	
00:20:27,998	472,7	
00:20:28,035	472,6	
00:20:28,072	472,4	
00:20:28,109	472,2	
00:20:28,146	472,0	
00:20:28,183	471,8	
00:20:28,220	471,6	
00:20:28,258	471,5	
00:20:28,295	471,3	
00:20:28,332	471,1	
00:20:28,369	470,9	
00:20:28,406	470,7	
00:20:28,443	470,5	
00:20:28,480	470,3	
00:20:28,517	470,2	
00:20:28,554	470,0	
00:20:28,591	469,8	
00:20:28,628	469,6	
00:20:28,665	469,4	
00:20:28,702	469,2	
00:20:28,739	469,1	
00:20:28,776	468,9	
00:20:28,813	468,7	
00:20:28,850	468,5	
00:20:28,887	468,3	
00:20:28,924	468,1	
00:20:28,961	467,9	
00:20:28,998	467,8	
00:20:29,035	467,6	
00:20:29,072	467,4	
00:20:29,109	467,2	
00:20:29,146	467,0	
00:20:29,183	466,8	
00:20:29,220	466,7	
00:20:29,258	466,5	
00:20:29,295	466,3	
00:20:29,332	466,1	
00:20:29,369	465,9	
00:20:29,406	465,7	
00:20:29,443	465,5	
00:20:29,480	465,4	
00:20:29,517	465,2	
00:20:29,554	465,0	
00:20:29,591	464,8	
00:20:29,628	464,6	
00:20:29,665	464,4	
00:20:29,702	464,3	
00:20:29,739	464,1	
00:20:29,776	463,9	
00:20:29,813	463,7	
00:20:29,850	463,5	
00:20:29,887	463,3	
00:20:29,924	463,1	
00:20:29,961	463,0	
00:20:29,998	462,8	
00:20:30,035	462,6	
00:20:30,072	462,4	
00:20:30,109	462,2	
00:20:30,146	462,0	
00:20:30,183	461,9	
00:20:30,220	461,7	
00:20:30,258	461,5	
00:20:30,295	461,3	
00:20:30,332	461,1	
00:20:30,369	460,9	
00:20:30,406	460,7	
00:20:30,443	460,6	
00:20:30,480	460,4	
00:20:30,517	460,2	
00:20:30,554	460,0	
00:20:30,591	459,8	
00:20:30,628	459,6	
00:20:30,665	459,5	
00:20:30,702	459,3	
00:20:30,739	459,1	
00:20:30,776	458,9	
00:20:30,813	458,7	
00:20:30,850	458,5	
00:20:30,887	458,3	
00:20:30,924	458,2	
00:20:30,961	458,0	
00:20:30,998	457,8	
00:20:31,035	457,6	
00:20:31,072	457,4	
00:20:31,109	457,2	
00:20:31,146	457,1	
00:20:31,183	456,9	
00:20:31,220	456,7	
00:20:31,258	456,5	
00:20:31,295	456,9	
00:20:31,332	457,2	
00:20:31,369	457,6	
00:20:31,406	457,9	
00:20:31,443	458,3	
00:20:31,480	458,6	
00:20:31,517	459,0	
00:20:31,554	459,4	
00:20:31,591	459,7	
00:20:31,628	460,1	
00:20:31,665	460,4	
00:20:31,702	460,8	
00:20:31,739	461,2	
00:20:31,776	461,5	
00:20:31,813	461,9	
00:20:31,850	462,2	
00:20:31,887	462,6	
00:20:31,924	462,9	
00:20:31,961	463,3	
00:20:31,998	463,7	
00:20:32,035	464,0	
00:20:32,072	464,4	
00:20:32,109	464,7	
00:20:32,146	465,1	
00:20:32,183	465,5	
00:20:32,220	465,8	
00:20:32,258	466,2	
00:20:32,295	466,5	
00:20:32,332	466,9	
00:20:32,369	467,2	
00:20:32,406	467,6	
00:20:32,443	468,0	
00:20:32,480	468,3	
00:20:32,517	468,7	
00:20:32,554	469,0	
00:20:32,591	469,4	
00:20:32,628	469,7	
00:20:32,665	470,1	
00:20:32,702	470,5	
00:20:32,739	470,8	
00:20:32,776	471,2	
00:20:32,813	471,5	
00:20:32,850	471,9	
00:20:32,887	472,3	
00:20:32,924	472,6	
00:20:32,961	473,0	
00:20:32,998	473,3	
00:20:33,035	473,7	
00:20:33,072	474,0	
00:20:33,109	474,4	
00:20:33,146	474,8	
00:20:33,183	475,1	
00:20:33,220	475,5	
00:20:33,258	475,8	
00:20:33,295	476,2	
00:20:33,332	476,5	
00:20:33,369	476,9	
00:20:33,406	477,3	
00:20:33,443	477,6	
00:20:33,480	478,0	
00:20:33,517	478,3	
00:20:33,554	478,7	
00:20:33,591	479,1	
00:20:33,628	479,4	
00:20:33,665	479,8	
00:20:33,702	480,1	
00:20:33,739	480,5	
00:20:33,776	480,8	
00:20:33,813	481,2	
00:20:33,850	481,6	
00:20:33,887	481,9	
00:20:33,924	482,3	
00:20:33,961	482,6	
00:20:33,998	483,0	
00:20:34,035	483,4	
00:20:34,072	483,7	
00:20:34,109	484,1	
00:20:34,146	484,4	
00:20:34,183	484,8	
00:20:34,220	485,1	
00:20:34,258	485,5	
00:20:34,295	485,9	
00:20:34,332	486,2	
00:20:34,369	486,6	
00:20:34,406	486,9	
00:20:34,443	487,3	
00:20:34,480	487,6	
00:20:34,517	488,0	
00:20:34,554	488,4	
00:20:34,591	488,7	
00:20:34,628	489,1	
00:20:34,665	489,4	
00:20:34,702	489,8	
00:20:34,739	490,2	
00:20:34,776	490,5	
00:20:34,813	490,9	
00:20:34,850	491,2	
00:20:34,887	491,6	
00:20:34,924	491,9	
00:20:34,961	492,3	
00:20:34,998	492,3	
00:20:35,035	492,3	
00:20:35,072	492,2	
00:20:35,109	492,2	
00:20:35,146	492,2	
00:20:35,183	492,2	
00:20:35,220	492,2	
00:20:35,258	492,1	
00:20:35,295	492,1	
00:20:35,332	492,1	
00:20:35,369	492,1	
00:20:35,406	492,0	
00:20:35,443	492,0	
00:20:35,480	492,0	
00:20:35,517	492,0	
00:20:35,554	492,0	
00:20:35,591	491,9	
00:20:35,628	491,9	
00:20:35,665	491,9	
00:20:35,702	491,9	
00:20:35,739	491,9	
00:20:35,776	491,8	
00:20:35,813	491,8	
00:20:35,850	491,8	
00:20:35,887	491,8	
00:20:35,924	491,7	
00:20:35,961	491,7	
00:20:35,998	491,7	
00:20:36,035	491,7	
00:20:36,072	491,7	
00:20:36,109	491,6	
00:20:36,146	491,6	
00:20:36,183	491,6	
00:20:36,220	491,6	
00:20:36,258	491,6	
00:20:36,295	491,5	
00:20:36,332	491,5	
00:20:36,369	491,5	
00:20:36,406	491,5	
00:20:36,443	491,5	
00:20:36,480	491,4	
00:20:36,517	491,4	
00:20:36,554	491,4	
00:20:36,591	491,4	
00:20:36,628	491,3	
00:20:36,665	491,3	
00:20:36,702	491,3	
00:20:36,739	491,3	
00:20:36,776	491,3	
00:20:36,813	491,2	
00:20:36,850	491,2	
00:20:36,887	491,2	
00:20:36,924	491,2	
00:20:36,961	491,2	
00:20:36,998	491,1	
00:20:37,035	491,1	
00:20:37,072	491,1	
00:20:37,109	491,1	
00:20:37,146	491,0	
00:20:37,183	491,0	
00:20:37,220	491,0	
00:20:37,258	491,0	
00:20:37,295	491,0	
00:20:37,332	490,9	
00:20:37,369	490,9	
00:20:37,406	490,9	
00:20:37,443	490,9	
00:20:37,480	491,0	
00:20:37,517	491,0	
00:20:37,554	491,0	
00:20:37,591	491,0	
00:20:37,628	491,1	
00:20:37,665	491,1	
00:20:37,702	491,1	
00:20:37,739	491,1	
00:20:37,776	491,2	
00:20:37,813	491,2	
00:20:37,850	491,2	
00:20:37,887	491,2	
00:20:37,924	491,3	
00:20:37,961	491,3	
00:20:37,998	491,3	
00:20:38,035	491,3	
00:20:38,072	491,4	
00:20:38,109	491,4	
00:20:38,146	491,4	
00:20:38,183	491,4	
00:20:38,220	491,5	
00:20:38,258	491,5	
00:20:38,295	491,5	
00:20:38,332	491,5	
00:20:38,369	491,6	
00:20:38,406	491,6	
00:20:38,443	491,6	
00:20:38,480	491,6	
00:20:38,517	491,7	
00:20:38,554	491,7	
00:20:38,591	491,7	
00:20:38,628	491,7	
00:20:38,665	491,8	
00:20:38,702	491,8	
00:20:38,739	491,8	
00:20:38,776	491,8	
00:20:38,813	491,9	
00:20:38,850	491,9	
00:20:38,887	491,9	
00:20:38,924	491,9	
00:20:38,961	492,0	
00:20:38,998	492,0	
00:20:39,035	492,0	
00:20:39,072	492,0	
00:20:39,109	492,1	
00:20:39,146	492,1	
00:20:39,183	492,1	
00:20:39,220	492,1	
00:20:39,258	492,2	
00:20:39,295	492,2	
00:20:39,332	492,2	
00:20:39,369	492,2	
00:20:39,406	492,3	
00:20:39,443	492,3	
00:20:39,480	492,3	
00:20:39,517	492,3	
00:20:39,554	492,4	
00:20:39,591	492,4	
00:20:39,628	492,4	
00:20:39,665	492,4	
00:20:39,702	492,5	
00:20:39,739	492,5	
00:20:39,776	492,5	
00:20:39,813	492,5	
00:20:39,850	492,6	
00:20:39,887	492,6	
00:20:39,924	492,5	
00:20:39,961	492,3	
00:20:39,998	492,2	
00:20:40,035	492,0	
00:20:40,072	491,9	
00:20:40,109	491,7	
00:20:40,146	491,6	
00:20:40,183	491,5	
00:20:40,220	491,3	
00:20:40,258	491,2	
00:20:40,295	491,0	
00:20:40,332	490,9	
00:20:40,369	490,8	
00:20:40,406	490,6	
00:20:40,443	490,5	
00:20:40,480	490,3	
00:20:40,517	490,2	
00:20:40,554	490,0	
00:20:40,591	489,9	
00:20:40,628	489,8	
00:20:40,665	489,6	
00:20:40,702	489,5	
00:20:40,739	489,3	
00:20:40,776	489,2	
00:20:40,813	489,0	
00:20:40,850	488,9	
00:20:40,887	488,8	
00:20:40,924	488,6	
00:20:40,961	488,5	
00:20:40,998	488,3	
00:20:41,035	488,2	
00:20:41,072	488,1	
00:20:41,109	487,9	
00:20:41,146	487,8	
00:20:41,183	487,6	
00:20:41,220	487,5	
00:20:41,258	487,3	
00:20:41,295	487,2	
00:20:41,332	487,1	
00:20:41,369	486,9	
00:20:41,406	486,8	
00:20:41,443	486,6	
00:20:41,480	486,5	
00:20:41,517	486,3	
00:20:41,554	486,2	
00:20:41,591	486,1	
00:20:41,628	485,9	
00:20:41,665	485,8	
00:20:41,702	485,6	
00:20:41,739	485,5	
00:20:41,776	485,4	
00:20:41,813	485,2	
00:20:41,850	485,1	
00:20:41,887	484,9	
00:20:41,924	484,8	
00:20:41,961	484,6	
00:20:41,998	484,5	
00:20:42,035	484,4	
00:20:42,072	484,2	
00:20:42,109	484,1	
00:20:42,146	483,9	
00:20:42,183	483,8	
00:20:42,220	483,6	
00:20:42,258	483,5	
00:20:42,295	483,4	
00:20:42,332	483,2	
00:20:42,369	483,1	
00:20:42,406	482,9	
00:20:42,443	482,8	
00:20:42,480	482,7	
00:20:42,517	482,5	
00:20:42,554	482,4	
00:20:42,591	482,2	
00:20:42,628	482,1	
00:20:42,665	481,9	
00:20:42,702	481,8	
00:20:42,739	481,7	
00:20:42,776	481,5	
00:20:42,813	481,4	
00:20:42,850	481,2	
00:20:42,887	481,1	
00:20:42,924	480,9	
00:20:42,961	480,8	
00:20:42,998	480,7	
00:20:43,035	480,5	
00:20:43,072	480,4	
00:20:43,109	480,2	
00:20:43,146	480,1	
00:20:43,183	480,0	
00:20:43,220	479,8	
00:20:43,258	479,7	
00:20:43,295	479,5	
00:20:43,332	479,4	
00:20:43,369	479,2	
00:20:43,406	479,1	
00:20:43,443	479,0	
00:20:43,480	478,8	
00:20:43,517	478,7	
00:20:43,554	478,5	
00:20:43,591	478,4	
00:20:43,628	478,2	
00:20:43,665	478,1	
00:20:43,702	478,0	
00:20:43,739	477,8	
00:20:43,776	477,7	
00:20:43,813	477,5	
00:20:43,850	477,4	
00:20:43,887	477,3	
00:20:43,924	477,1	
00:20:43,961	477,0	
00:20:43,998	476,8	
00:20:44,035	476,7	
00:20:44,072	476,5	
00:20:44,109	476,4	
00:20:44,146	476,3	
00:20:44,183	476,1	
00:20:44,220	476,0	
00:20:44,258	475,8	
00:20:44,295	475,7	
00:20:44,332	475,5	
00:20:44,369	475,4	
00:20:44,406	475,3	
00:20:44,443	475,1	
00:20:44,480	475,0	
00:20:44,517	474,8	
00:20:44,554	474,7	
00:20:44,591	474,6	
00:20:44,628	474,4	
00:20:44,665	474,3	
00:20:44,702	474,1	
00:20:44,739	474,0	
00:20:44,776	473,8	
00:20:44,813	473,7	
00:20:44,850	473,5	
00:20:44,887	473,3	
00:20:44,924	473,1	
00:20:44,961	472,9	
00:20:44,998	472,8	
00:20:45,035	472,6	
00:20:45,072	472,4	
00:20:45,109	472,2	
00:20:45,146	472,0	
00:20:45,183	471,8	
00:20:45,220	471,6	
00:20:45,258	471,4	
00:20:45,295	471,3	
00:20:45,332	471,1	
00:20:45,369	470,9	
00:20:45,406	470,7	
00:20:45,443	470,5	
00:20:45,480	470,3	
00:20:45,517	470,1	
00:20:45,554	469,9	
00:20:45,591	469,8	
00:20:45,628	469,6	
00:20:45,665	469,4	
00:20:45,702	469,2	
00:20:45,739	469,0	
00:20:45,776	468,8	
00:20:45,813	468,6	
00:20:45,850	468,4	
00:20:45,887	468,3	
00:20:45,924	468,1	
00:20:45,961	467,9	
00:20:45,998	467,7	
00:20:46,035	467,5	
00:20:46,072	467,5	
00:20:46,109	467,4	
00:20:46,146	467,4	
00:20:46,183	467,3	
00:20:46,220	467,3	
00:20:46,258	467,2	
00:20:46,295	467,2	
00:20:46,332	467,1	
00:20:46,369	467,1	
00:20:46,406	467,0	
00:20:46,443	467,0	
00:20:46,480	466,9	
00:20:46,517	466,9	
00:20:46,554	466,8	
00:20:46,591	466,8	
00:20:46,628	466,7	
00:20:46,665	466,7	
00:20:46,702	466,6	
00:20:46,739	466,6	
00:20:46,776	466,5	
00:20:46,813	466,5	
00:20:46,850	466,4	
00:20:46,887	466,4	
00:20:46,924	466,3	
00:20:46,961	466,3	
00:20:46,998	466,2	
00:20:47,035	466,2	
00:20:47,072	466,1	
00:20:47,109	466,1	
00:20:47,146	466,0	
00:20:47,183	466,0	
00:20:47,220	465,9	
00:20:47,258	465,9	
00:20:47,295	465,8	
00:20:47,332	465,7	
00:20:47,369	465,6	
00:20:47,406	465,5	
00:20:47,443	465,4	
00:20:47,480	465,3	
00:20:47,517	465,2	
00:20:47,554	465,2	
00:20:47,591	465,1	
00:20:47,628	465,0	
00:20:47,665	464,9	
00:20:47,702	464,8	
00:20:47,739	464,7	
00:20:47,776	464,6	
00:20:47,813	464,5	
00:20:47,850	464,4	
00:20:47,887	464,3	
00:20:47,924	464,2	
00:20:47,961	464,1	
00:20:47,998	464,1	
00:20:48,035	464,0	
00:20:48,072	463,9	
00:20:48,109	463,8	
00:20:48,146	463,7	
00:20:48,183	463,6	
00:20:48,220	463,5	
00:20:48,258	463,4	
00:20:48,295	463,3	
00:20:48,332	463,2	
00:20:48,369	463,1	
00:20:48,406	463,0	
00:20:48,443	462,9	
00:20:48,480	462,9	
00:20:48,517	462,8	
00:20:48,554	462,7	
00:20:48,591	462,6	
00:20:48,628	462,5	
00:20:48,665	462,4	
00:20:48,702	462,3	
00:20:48,739	462,2	
00:20:48,776	462,1	
00:20:48,813	462,0	
00:20:48,850	461,9	
00:20:48,887	461,8	
00:20:48,924	461,8	
00:20:48,961	461,7	
00:20:48,998	461,6	
00:20:49,035	461,5	
00:20:49,072	461,4	
00:20:49,109	461,3	
00:20:49,146	461,2	
00:20:49,183	461,1	
00:20:49,220	461,0	
00:20:49,258	460,9	
00:20:49,295	460,8	
00:20:49,332	460,7	
00:20:49,369	460,6	
00:20:49,406	460,6	
00:20:49,443	460,5	
00:20:49,480	460,4	
00:20:49,517	460,3	
00:20:49,554	460,2	
00:20:49,591	460,1	
00:20:49,628	460,0	
00:20:49,665	459,9	
00:20:49,702	459,8	
00:20:49,739	459,7	
00:20:49,776	459,6	
00:20:49,813	459,5	
00:20:49,850	459,5	
00:20:49,887	459,4	
00:20:49,924	459,3	
00:20:49,961	459,2	
00:20:49,998	459,1	
00:20:50,035	459,0	
00:20:50,072	458,9	
00:20:50,109	458,8	
00:20:50,146	458,7	
00:20:50,183	458,6	
00:20:50,220	458,5	
00:20:50,258	458,4	
00:20:50,295	458,3	
00:20:50,332	458,3	
00:20:50,369	458,2	
00:20:50,406	458,1	
00:20:50,443	458,0	
00:20:50,480	457,9	
00:20:50,517	457,8	
00:20:50,554	457,7	
00:20:50,591	457,6	
00:20:50,628	457,5	
00:20:50,665	457,4	
00:20:50,702	457,3	
00:20:50,739	457,2	
00:20:50,776	457,2	
00:20:50,813	457,1	
00:20:50,850	457,0	
00:20:50,887	456,9	
00:20:50,924	456,8	
00:20:50,961	456,7	
00:20:50,998	456,6	
00:20:51,035	457,5	
00:20:51,072	458,3	
00:20:51,109	459,2	
00:20:51,146	460,1	
00:20:51,183	460,9	
00:20:51,220	461,8	
00:20:51,258	462,6	
00:20:51,295	463,5	
00:20:51,332	464,4	
00:20:51,369	465,2	
00:20:51,406	466,1	
00:20:51,443	467,0	
00:20:51,480	467,8	
00:20:51,517	468,7	
00:20:51,554	469,6	
00:20:51,591	470,4	
00:20:51,628	471,3	
00:20:51,665	472,1	
00:20:51,702	473,0	
00:20:51,739	473,9	
00:20:51,776	474,7	
00:20:51,813	475,6	
00:20:51,850	476,5	
00:20:51,887	477,3	
00:20:51,924	478,2	
00:20:51,961	479,1	
00:20:51,998	479,9	
00:20:52,035	480,8	
00:20:52,072	481,6	
00:20:52,109	482,5	
00:20:52,146	483,4	
00:20:52,183	484,2	
00:20:52,220	485,1	
00:20:52,258	485,4	
00:20:52,295	485,6	
00:20:52,332	485,9	
00:20:52,369	486,1	
00:20:52,406	486,4	
00:20:52,443	486,6	
00:20:52,480	486,9	
00:20:52,517	487,2	
00:20:52,554	487,4	
00:20:52,591	487,7	
00:20:52,628	487,9	
00:20:52,665	488,2	
00:20:52,702	488,4	
00:20:52,739	488,7	
00:20:52,776	489,0	
00:20:52,813	489,2	
00:20:52,850	489,5	
00:20:52,887	489,7	
00:20:52,924	490,0	
00:20:52,961	490,2	
00:20:52,998	490,5	
00:20:53,035	490,7	
00:20:53,072	491,0	
00:20:53,109	491,3	
00:20:53,146	491,5	
00:20:53,183	491,8	
00:20:53,220	492,0	
00:20:53,258	492,3	
00:20:53,295	492,5	
00:20:53,332	492,8	
00:20:53,369	493,1	
00:20:53,406	493,3	
00:20:53,443	493,6	
00:20:53,480	493,8	
00:20:53,517	494,1	
00:20:53,554	494,3	
00:20:53,591	494,6	
00:20:53,628	494,9	
00:20:53,665	495,1	
00:20:53,702	495,4	
00:20:53,739	495,6	
00:20:53,776	495,9	
00:20:53,813	496,1	
00:20:53,850	496,4	
00:20:53,887	496,7	
00:20:53,924	496,9	
00:20:53,961	497,2	
00:20:53,998	497,4	
00:20:54,035	497,7	
00:20:54,072	497,9	
00:20:54,109	498,2	
00:20:54,146	498,4	
00:20:54,183	498,7	
00:20:54,220	499,0	
00:20:54,258	499,2	
00:20:54,295	499,5	
00:20:54,332	499,7	
00:20:54,369	500,0	
00:20:54,406	500,2	
00:20:54,443	500,5	
00:20:54,480	500,8	
00:20:54,517	501,0	
00:20:54,554	501,3	
00:20:54,591	501,5	
00:20:54,628	501,8	
00:20:54,665	502,0	
00:20:54,702	502,3	
00:20:54,739	502,2	
00:20:54,776	502,2	
00:20:54,813	502,1	
00:20:54,850	502,0	
00:20:54,887	501,9	
00:20:54,924	501,9	
00:20:54,961	501,8	
00:20:54,998	501,7	
00:20:55,035	501,6	
00:20:55,072	501,6	
00:20:55,109	501,5	
00:20:55,146	501,4	
00:20:55,183	501,4	
00:20:55,220	501,3	
00:20:55,258	501,2	
00:20:55,295	501,1	
00:20:55,332	501,1	
00:20:55,369	501,0	
00:20:55,406	500,9	
00:20:55,443	500,8	
00:20:55,480	500,8	
00:20:55,517	500,7	
00:20:55,554	500,6	
00:20:55,591	500,6	
00:20:55,628	500,5	
00:20:55,665	500,4	
00:20:55,702	500,3	
00:20:55,739	500,3	
00:20:55,776	500,2	
00:20:55,813	500,1	
00:20:55,850	500,0	
00:20:55,887	500,0	
00:20:55,924	499,9	
00:20:55,961	499,9	
00:20:55,998	499,8	
00:20:56,035	499,8	
00:20:56,072	499,7	
00:20:56,109	499,7	
00:20:56,146	499,7	
00:20:56,183	499,6	
00:20:56,220	499,6	
00:20:56,258	499,6	
00:20:56,295	499,5	
00:20:56,332	499,5	
00:20:56,369	499,4	
00:20:56,406	499,4	
00:20:56,443	499,4	
00:20:56,480	499,3	
00:20:56,517	499,3	
00:20:56,554	499,3	
00:20:56,591	499,2	
00:20:56,628	499,2	
00:20:56,665	499,1	
00:20:56,702	499,1	
00:20:56,739	499,1	
00:20:56,776	499,0	
00:20:56,813	499,0	
00:20:56,850	499,0	
00:20:56,887	498,9	
00:20:56,924	498,9	
00:20:56,961	498,8	
00:20:56,998	498,8	
00:20:57,035	498,8	
00:20:57,072	498,7	
00:20:57,109	498,7	
00:20:57,146	498,7	
00:20:57,183	498,6	
00:20:57,220	498,6	
00:20:57,258	498,5	
00:20:57,295	498,5	
00:20:57,332	498,5	
00:20:57,369	498,4	
00:20:57,406	498,4	
00:20:57,443	498,3	
00:20:57,480	498,3	
00:20:57,517	498,3	
00:20:57,554	498,2	
00:20:57,591	498,2	
00:20:57,628	498,2	
00:20:57,665	498,1	
00:20:57,702	498,1	
00:20:57,739	498,0	
00:20:57,776	498,0	
00:20:57,813	498,0	
00:20:57,850	497,9	
00:20:57,887	497,9	
00:20:57,924	497,9	
00:20:57,961	497,8	
00:20:57,998	497,8	
00:20:58,035	497,7	
00:20:58,072	497,7	
00:20:58,109	497,7	
00:20:58,146	497,6	
00:20:58,183	497,6	
00:20:58,220	497,6	
00:20:58,258	497,5	
00:20:58,295	497,5	
00:20:58,332	497,4	
00:20:58,369	497,4	
00:20:58,406	497,4	
00:20:58,443	497,4	
00:20:58,480	497,5	
00:20:58,517	497,5	
00:20:58,554	497,5	
00:20:58,591	497,5	
00:20:58,628	497,6	
00:20:58,665	497,6	
00:20:58,702	497,6	
00:20:58,739	497,6	
00:20:58,776	497,7	
00:20:58,813	497,7	
00:20:58,850	497,7	
00:20:58,887	497,7	
00:20:58,924	497,8	
00:20:58,961	497,8	
00:20:58,998	497,8	
00:20:59,035	497,8	
00:20:59,072	497,8	
00:20:59,109	497,9	
00:20:59,146	497,9	
00:20:59,183	497,9	
00:20:59,220	497,9	
00:20:59,258	498,0	
00:20:59,295	498,0	
00:20:59,332	498,0	
00:20:59,369	498,0	
00:20:59,406	498,1	
00:20:59,443	498,1	
00:20:59,480	498,1	
00:20:59,517	498,1	
00:20:59,554	498,2	
00:20:59,591	498,2	
00:20:59,628	498,2	
00:20:59,665	498,2	
00:20:59,702	498,2	
00:20:59,739	498,3	
00:20:59,776	498,3	
00:20:59,813	498,3	
00:20:59,850	498,3	
00:20:59,887	498,3	
00:20:59,924	498,3	
00:20:59,961	498,4	
00:20:59,998	498,4	
00:21:00,035	498,4	
00:21:00,072	498,4	
00:21:00,109	498,4	
00:21:00,146	498,4	
00:21:00,183	498,5	
00:21:00,220	498,5	
00:21:00,257	498,5	
00:21:00,295	498,5	
00:21:00,332	498,5	
00:21:00,369	498,5	
00:21:00,406	498,6	
00:21:00,443	498,6	
00:21:00,480	498,6	
00:21:00,517	498,6	
00:21:00,554	498,6	
00:21:00,591	498,6	
00:21:00,628	498,7	
00:21:00,665	498,7	
00:21:00,702	498,7	
00:21:00,739	498,7	
00:21:00,776	498,7	
00:21:00,813	498,8	
00:21:00,850	498,8	
00:21:00,887	498,8	
00:21:00,924	498,8	
00:21:00,961	498,8	
00:21:00,998	498,8	
00:21:01,035	498,9	
00:21:01,072	498,9	
00:21:01,109	498,9	
00:21:01,146	498,9	
00:21:01,183	498,9	
00:21:01,220	498,9	
00:21:01,257	499,0	
00:21:01,295	499,0	
00:21:01,332	499,0	
00:21:01,369	499,0	
00:21:01,406	499,0	
00:21:01,443	499,0	
00:21:01,480	499,1	
00:21:01,517	499,1	
00:21:01,554	499,1	
00:21:01,591	499,1	
00:21:01,628	499,1	
00:21:01,665	499,2	
00:21:01,702	499,2	
00:21:01,739	499,2	
00:21:01,776	499,2	
00:21:01,813	499,2	
00:21:01,850	499,2	
00:21:01,887	499,3	
00:21:01,924	499,3	
00:21:01,961	499,3	
00:21:01,998	499,3	
00:21:02,035	499,3	
00:21:02,072	499,3	
00:21:02,109	499,4	
00:21:02,146	499,4	
00:21:02,183	499,4	
00:21:02,220	499,4	
00:21:02,257	499,4	
00:21:02,295	499,4	
00:21:02,332	499,5	
00:21:02,369	499,5	
00:21:02,406	499,5	
00:21:02,443	499,5	
00:21:02,480	499,5	
00:21:02,517	499,5	
00:21:02,554	499,6	
00:21:02,591	499,6	
00:21:02,628	499,6	
00:21:02,665	499,6	
00:21:02,702	499,6	
00:21:02,739	499,7	
00:21:02,776	499,7	
00:21:02,813	499,7	
00:21:02,850	499,7	
00:21:02,887	499,7	
00:21:02,924	499,7	
00:21:02,961	499,8	
00:21:02,998	499,8	
00:21:03,035	499,8	
00:21:03,072	499,8	
00:21:03,109	499,8	
00:21:03,146	499,8	
00:21:03,183	499,9	
00:21:03,220	499,9	
00:21:03,257	499,9	
00:21:03,295	499,9	
00:21:03,332	499,9	
00:21:03,369	499,9	
00:21:03,406	500,0	
00:21:03,443	500,0	
00:21:03,480	500,0	
00:21:03,517	500,0	
00:21:03,554	500,0	
00:21:03,591	500,1	
00:21:03,628	500,1	
00:21:03,665	500,1	
00:21:03,702	500,1	
00:21:03,739	500,1	
00:21:03,776	500,1	
00:21:03,813	500,2	
00:21:03,850	500,2	
00:21:03,887	500,2	
00:21:03,924	500,2	
00:21:03,961	500,2	
00:21:03,998	500,2	
00:21:04,035	500,3	
00:21:04,072	500,3	
00:21:04,109	500,3	
00:21:04,146	500,3	
00:21:04,183	500,3	
00:21:04,220	500,3	
00:21:04,257	500,4	
00:21:04,295	500,4	
00:21:04,332	500,4	
00:21:04,369	500,4	
00:21:04,406	500,4	
00:21:04,443	500,4	
00:21:04,480	500,5	
00:21:04,517	500,5	
00:21:04,554	500,5	
00:21:04,591	500,5	
00:21:04,628	500,6	
00:21:04,665	500,6	
00:21:04,702	500,6	
00:21:04,739	500,7	
00:21:04,776	500,7	
00:21:04,813	500,8	
00:21:04,850	500,8	
00:21:04,887	500,8	
00:21:04,924	500,9	
00:21:04,961	500,9	
00:21:04,998	500,9	
00:21:05,035	501,0	
00:21:05,072	501,0	
00:21:05,109	501,0	
00:21:05,146	501,1	
00:21:05,183	501,1	
00:21:05,220	501,2	
00:21:05,257	501,2	
00:21:05,295	501,2	
00:21:05,332	501,3	
00:21:05,369	501,3	
00:21:05,406	501,3	
00:21:05,443	501,4	
00:21:05,480	501,4	
00:21:05,517	501,4	
00:21:05,554	501,5	
00:21:05,591	501,5	
00:21:05,628	501,6	
00:21:05,665	501,6	
00:21:05,702	501,6	
00:21:05,739	501,7	
00:21:05,776	501,7	
00:21:05,813	501,6	
00:21:05,850	501,6	
00:21:05,887	501,5	
00:21:05,924	501,4	
00:21:05,961	501,4	
00:21:05,998	501,3	
00:21:06,035	501,3	
00:21:06,072	501,2	
00:21:06,109	501,1	
00:21:06,146	501,1	
00:21:06,183	501,0	
00:21:06,220	500,9	
00:21:06,257	500,9	
00:21:06,295	500,8	
00:21:06,332	500,7	
00:21:06,369	500,7	
00:21:06,406	500,6	
00:21:06,443	500,5	
00:21:06,480	500,5	
00:21:06,517	500,4	
00:21:06,554	500,4	
00:21:06,591	500,3	
00:21:06,628	500,2	
00:21:06,665	500,2	
00:21:06,702	500,1	
00:21:06,739	500,0	
00:21:06,776	500,0	
00:21:06,813	499,9	
00:21:06,850	499,8	
00:21:06,887	499,8	
00:21:06,924	499,7	
00:21:06,961	499,6	
00:21:06,998	499,6	
00:21:07,035	499,5	
00:21:07,072	499,5	
00:21:07,109	499,4	
00:21:07,146	499,3	
00:21:07,183	499,3	
00:21:07,220	499,2	
00:21:07,257	499,1	
00:21:07,295	499,1	
00:21:07,332	499,0	
00:21:07,369	498,9	
00:21:07,406	498,9	
00:21:07,443	498,8	
00:21:07,480	498,7	
00:21:07,517	498,7	
00:21:07,554	498,6	
00:21:07,591	498,6	
00:21:07,628	498,5	
00:21:07,665	498,4	
00:21:07,702	498,4	
00:21:07,739	498,3	
00:21:07,776	498,2	
00:21:07,813	498,2	
00:21:07,850	498,1	
00:21:07,887	498,0	
00:21:07,924	498,0	
00:21:07,961	497,9	
00:21:07,998	497,8	
00:21:08,035	497,8	
00:21:08,072	497,7	
00:21:08,109	497,7	
00:21:08,146	497,6	
00:21:08,183	497,5	
00:21:08,220	497,5	
00:21:08,257	497,4	
00:21:08,295	497,4	
00:21:08,332	497,4	
00:21:08,369	497,4	
00:21:08,406	497,4	
00:21:08,443	497,4	
00:21:08,480	497,4	
00:21:08,517	497,4	
00:21:08,554	497,4	
00:21:08,591	497,4	
00:21:08,628	497,4	
00:21:08,665	497,4	
00:21:08,702	497,4	
00:21:08,739	497,4	
00:21:08,776	497,4	
00:21:08,813	497,4	
00:21:08,850	497,4	
00:21:08,887	497,4	
00:21:08,924	497,4	
00:21:08,961	497,4	
00:21:08,998	497,4	
00:21:09,035	497,4	
00:21:09,072	497,4	
00:21:09,109	497,3	
00:21:09,146	497,3	
00:21:09,183	497,3	
00:21:09,220	497,3	
00:21:09,257	497,3	
00:21:09,295	497,3	
00:21:09,332	497,3	
00:21:09,369	497,3	
00:21:09,406	497,3	
00:21:09,443	497,3	
00:21:09,480	497,3	
00:21:09,517	497,3	
00:21:09,554	497,3	
00:21:09,591	497,3	
00:21:09,628	497,3	
00:21:09,665	497,3	
00:21:09,702	497,3	
00:21:09,739	497,3	
00:21:09,776	497,3	
00:21:09,813	497,3	
00:21:09,850	497,3	
00:21:09,887	497,3	
00:21:09,924	497,3	
00:21:09,961	497,3	
00:21:09,998	497,3	
00:21:10,035	497,3	
00:21:10,072	497,3	
00:21:10,109	497,3	
00:21:10,146	497,3	
00:21:10,183	497,3	
00:21:10,220	497,3	
00:21:10,257	497,3	
00:21:10,295	497,3	
00:21:10,332	497,3	
00:21:10,369	497,3	
00:21:10,406	497,3	
00:21:10,443	497,3	
00:21:10,480	497,3	
00:21:10,517	497,3	
00:21:10,554	497,3	
00:21:10,591	497,3	
00:21:10,628	497,3	
00:21:10,665	497,3	
00:21:10,702	497,3	
00:21:10,739	497,2	
00:21:10,776	497,2	
00:21:10,813	497,2	
00:21:10,850	497,2	
00:21:10,887	497,2	
00:21:10,924	497,2	
00:21:10,961	497,2	
00:21:10,998	497,2	
00:21:11,035	497,2	
00:21:11,072	497,2	
00:21:11,109	497,2	
00:21:11,146	497,2	
00:21:11,183	497,2	
00:21:11,220	497,2	
00:21:11,257	497,2	
00:21:11,295	497,2	
00:21:11,332	497,2	
00:21:11,369	497,2	
00:21:11,406	497,2	
00:21:11,443	497,2	
00:21:11,480	497,2	
00:21:11,517	497,2	
00:21:11,554	497,2	
00:21:11,591	497,2	
00:21:11,628	497,2	
00:21:11,665	497,2	
00:21:11,702	497,2	
00:21:11,739	497,2	
00:21:11,776	497,2	
00:21:11,813	497,2	
00:21:11,850	497,2	
00:21:11,887	497,2	
00:21:11,924	497,2	
00:21:11,961	497,2	
00:21:11,998	497,2	
00:21:12,035	497,2	
00:21:12,072	497,2	
00:21:12,109	497,2	
00:21:12,146	497,2	
00:21:12,183	497,2	
00:21:12,220	497,2	
00:21:12,257	497,2	
00:21:12,295	497,2	
00:21:12,332	497,2	
00:21:12,369	497,1	
00:21:12,406	497,1	
00:21:12,443	497,1	
00:21:12,480	497,1	
00:21:12,517	497,1	
00:21:12,554	497,1	
00:21:12,591	497,1	
00:21:12,628	497,1	
00:21:12,665	497,1	
00:21:12,702	497,1	
00:21:12,739	497,1	
00:21:12,776	497,1	
00:21:12,813	497,1	
00:21:12,850	497,1	
00:21:12,887	497,1	
00:21:12,924	497,1	
00:21:12,961	497,1	
00:21:12,998	497,1	
00:21:13,035	497,1	
00:21:13,072	497,1	
00:21:13,109	497,1	
00:21:13,146	497,1	
00:21:13,183	497,1	
00:21:13,220	496,9	
00:21:13,257	496,6	
00:21:13,295	496,4	
00:21:13,332	496,2	
00:21:13,369	496,0	
00:21:13,406	495,7	
00:21:13,443	495,5	
00:21:13,480	495,3	
00:21:13,517	495,1	
00:21:13,554	494,8	
00:21:13,591	494,6	
00:21:13,628	494,4	
00:21:13,665	494,1	
00:21:13,702	493,9	
00:21:13,739	493,7	
00:21:13,776	493,5	
00:21:13,813	493,2	
00:21:13,850	493,0	
00:21:13,887	492,8	
00:21:13,924	492,6	
00:21:13,961	492,3	
00:21:13,998	492,1	
00:21:14,035	491,9	
00:21:14,072	491,6	
00:21:14,109	491,4	
00:21:14,146	491,2	
00:21:14,183	491,0	
00:21:14,220	490,7	
00:21:14,257	490,5	
00:21:14,295	490,3	
00:21:14,332	490,1	
00:21:14,369	489,8	
---------------------------------
End of File
